[2026-06-23 06:15:17] local.ERROR: Database file at path [D:\bakery-production-system\backend\database\database.sqlite] does not exist. Ensure this is an absolute path to the database. (Connection: sqlite, Database: D:\bakery-production-system\backend\database\database.sqlite, SQL: select * from "sessions" where "id" = Fj9cCqlWqxJIZwpKyhJl2OMCxUErAFG6jNXo1MvP limit 1) {"exception":"[object] (Illuminate\\Database\\QueryException(code: 0): Database file at path [D:\\bakery-production-system\\backend\\database\\database.sqlite] does not exist. Ensure this is an absolute path to the database. (Connection: sqlite, Database: D:\\bakery-production-system\\backend\\database\\database.sqlite, SQL: select * from \"sessions\" where \"id\" = Fj9cCqlWqxJIZwpKyhJl2OMCxUErAFG6jNXo1MvP limit 1) at D:/bakery-production-system/backend/vendor/laravel/framework/src/Illuminate/Database/Connection.php:843)
[stacktrace]
#0 D:/bakery-production-system/backend/vendor/laravel/framework/src/Illuminate/Database/Connection.php(799): Illuminate/Database/Connection->runQueryCallback()
#1 D:/bakery-production-system/backend/vendor/laravel/framework/src/Illuminate/Database/Connection.php(412): Illuminate/Database/Connection->run()
#2 D:/bakery-production-system/backend/vendor/laravel/framework/src/Illuminate/Database/Query/Builder.php(3573): Illuminate/Database/Connection->select()
#3 D:/bakery-production-system/backend/vendor/laravel/framework/src/Illuminate/Database/Query/Builder.php(3557): Illuminate/Database/Query/Builder->runSelect()
#4 D:/bakery-production-system/backend/vendor/laravel/framework/src/Illuminate/Database/Concerns/BuildsQueries.php(366): Illuminate/Database/Query/Builder->get()
#5 D:/bakery-production-system/backend/vendor/laravel/framework/src/Illuminate/Database/Query/Builder.php(3475): Illuminate/Database/Query/Builder->first()
#6 D:/bakery-production-system/backend/vendor/laravel/framework/src/Illuminate/Session/DatabaseSessionHandler.php(96): Illuminate/Database/Query/Builder->find()
#7 D:/bakery-production-system/backend/vendor/laravel/framework/src/Illuminate/Session/Store.php(128): Illuminate/Session/DatabaseSessionHandler->read()
#8 D:/bakery-production-system/backend/vendor/laravel/framework/src/Illuminate/Session/Store.php(116): Illuminate/Session/Store->readFromHandler()
#9 D:/bakery-production-system/backend/vendor/laravel/framework/src/Illuminate/Session/Store.php(100): Illuminate/Session/Store->loadSession()
#10 D:/bakery-production-system/backend/vendor/laravel/framework/src/Illuminate/Session/Middleware/StartSession.php(146): Illuminate/Session/Store->start()
#11 D:/bakery-production-system/backend/vendor/laravel/framework/src/Illuminate/Support/helpers.php(393): Illuminate/Session/Middleware/StartSession->{closure:Illuminate/Session/Middleware/StartSession::startSession():143}()
#12 D:/bakery-production-system/backend/vendor/laravel/framework/src/Illuminate/Session/Middleware/StartSession.php(143): tap()
#13 D:/bakery-production-system/backend/vendor/laravel/framework/src/Illuminate/Session/Middleware/StartSession.php(115): Illuminate/Session/Middleware/StartSession->startSession()
#14 D:/bakery-production-system/backend/vendor/laravel/framework/src/Illuminate/Session/Middleware/StartSession.php(63): Illuminate/Session/Middleware/StartSession->handleStatefulRequest()
#15 D:/bakery-production-system/backend/vendor/laravel/framework/src/Illuminate/Pipeline/Pipeline.php(219): Illuminate/Session/Middleware/StartSession->handle()
#16 D:/bakery-production-system/backend/vendor/laravel/framework/src/Illuminate/Cookie/Middleware/AddQueuedCookiesToResponse.php(36): Illuminate/Pipeline/Pipeline->{closure:{closure:Illuminate/Pipeline/Pipeline::carry():194}:195}()
#17 D:/bakery-production-system/backend/vendor/laravel/framework/src/Illuminate/Pipeline/Pipeline.php(219): Illuminate/Cookie/Middleware/AddQueuedCookiesToResponse->handle()
#18 D:/bakery-production-system/backend/vendor/laravel/framework/src/Illuminate/Cookie/Middleware/EncryptCookies.php(74): Illuminate/Pipeline/Pipeline->{closure:{closure:Illuminate/Pipeline/Pipeline::carry():194}:195}()
#19 D:/bakery-production-system/backend/vendor/laravel/framework/src/Illuminate/Pipeline/Pipeline.php(219): Illuminate/Cookie/Middleware/EncryptCookies->handle()
#20 D:/bakery-production-system/backend/vendor/laravel/framework/src/Illuminate/Pipeline/Pipeline.php(137): Illuminate/Pipeline/Pipeline->{closure:{closure:Illuminate/Pipeline/Pipeline::carry():194}:195}()
#21 D:/bakery-production-system/backend/vendor/laravel/framework/src/Illuminate/Routing/Router.php(821): Illuminate/Pipeline/Pipeline->then()
#22 D:/bakery-production-system/backend/vendor/laravel/framework/src/Illuminate/Routing/Router.php(800): Illuminate/Routing/Router->runRouteWithinStack()
#23 D:/bakery-production-system/backend/vendor/laravel/framework/src/Illuminate/Routing/Router.php(764): Illuminate/Routing/Router->runRoute()
#24 D:/bakery-production-system/backend/vendor/laravel/framework/src/Illuminate/Routing/Router.php(753): Illuminate/Routing/Router->dispatchToRoute()
#25 D:/bakery-production-system/backend/vendor/laravel/framework/src/Illuminate/Foundation/Http/Kernel.php(200): Illuminate/Routing/Router->dispatch()
#26 D:/bakery-production-system/backend/vendor/laravel/framework/src/Illuminate/Pipeline/Pipeline.php(180): Illuminate/Foundation/Http/Kernel->{closure:Illuminate/Foundation/Http/Kernel::dispatchToRouter():197}()
#27 D:/bakery-production-system/backend/vendor/laravel/framework/src/Illuminate/Foundation/Http/Middleware/TransformsRequest.php(21): Illuminate/Pipeline/Pipeline->{closure:Illuminate/Pipeline/Pipeline::prepareDestination():178}()
#28 D:/bakery-production-system/backend/vendor/laravel/framework/src/Illuminate/Foundation/Http/Middleware/ConvertEmptyStringsToNull.php(31): Illuminate/Foundation/Http/Middleware/TransformsRequest->handle()
#29 D:/bakery-production-system/backend/vendor/laravel/framework/src/Illuminate/Pipeline/Pipeline.php(219): Illuminate/Foundation/Http/Middleware/ConvertEmptyStringsToNull->handle()
#30 D:/bakery-production-system/backend/vendor/laravel/framework/src/Illuminate/Foundation/Http/Middleware/TransformsRequest.php(21): Illuminate/Pipeline/Pipeline->{closure:{closure:Illuminate/Pipeline/Pipeline::carry():194}:195}()
#31 D:/bakery-production-system/backend/vendor/laravel/framework/src/Illuminate/Foundation/Http/Middleware/TrimStrings.php(51): Illuminate/Foundation/Http/Middleware/TransformsRequest->handle()
#32 D:/bakery-production-system/backend/vendor/laravel/framework/src/Illuminate/Pipeline/Pipeline.php(219): Illuminate/Foundation/Http/Middleware/TrimStrings->handle()
#33 D:/bakery-production-system/backend/vendor/laravel/framework/src/Illuminate/Http/Middleware/ValidatePostSize.php(27): Illuminate/Pipeline/Pipeline->{closure:{closure:Illuminate/Pipeline/Pipeline::carry():194}:195}()
#34 D:/bakery-production-system/backend/vendor/laravel/framework/src/Illuminate/Pipeline/Pipeline.php(219): Illuminate/Http/Middleware/ValidatePostSize->handle()
#35 D:/bakery-production-system/backend/vendor/laravel/framework/src/Illuminate/Foundation/Http/Middleware/PreventRequestsDuringMaintenance.php(109): Illuminate/Pipeline/Pipeline->{closure:{closure:Illuminate/Pipeline/Pipeline::carry():194}:195}()
#36 D:/bakery-production-system/backend/vendor/laravel/framework/src/Illuminate/Pipeline/Pipeline.php(219): Illuminate/Foundation/Http/Middleware/PreventRequestsDuringMaintenance->handle()
#37 D:/bakery-production-system/backend/vendor/laravel/framework/src/Illuminate/Http/Middleware/HandleCors.php(61): Illuminate/Pipeline/Pipeline->{closure:{closure:Illuminate/Pipeline/Pipeline::carry():194}:195}()
#38 D:/bakery-production-system/backend/vendor/laravel/framework/src/Illuminate/Pipeline/Pipeline.php(219): Illuminate/Http/Middleware/HandleCors->handle()
#39 D:/bakery-production-system/backend/vendor/laravel/framework/src/Illuminate/Http/Middleware/TrustProxies.php(58): Illuminate/Pipeline/Pipeline->{closure:{closure:Illuminate/Pipeline/Pipeline::carry():194}:195}()
#40 D:/bakery-production-system/backend/vendor/laravel/framework/src/Illuminate/Pipeline/Pipeline.php(219): Illuminate/Http/Middleware/TrustProxies->handle()
#41 D:/bakery-production-system/backend/vendor/laravel/framework/src/Illuminate/Foundation/Http/Middleware/InvokeDeferredCallbacks.php(22): Illuminate/Pipeline/Pipeline->{closure:{closure:Illuminate/Pipeline/Pipeline::carry():194}:195}()
#42 D:/bakery-production-system/backend/vendor/laravel/framework/src/Illuminate/Pipeline/Pipeline.php(219): Illuminate/Foundation/Http/Middleware/InvokeDeferredCallbacks->handle()
#43 D:/bakery-production-system/backend/vendor/laravel/framework/src/Illuminate/Http/Middleware/ValidatePathEncoding.php(28): Illuminate/Pipeline/Pipeline->{closure:{closure:Illuminate/Pipeline/Pipeline::carry():194}:195}()
#44 D:/bakery-production-system/backend/vendor/laravel/framework/src/Illuminate/Pipeline/Pipeline.php(219): Illuminate/Http/Middleware/ValidatePathEncoding->handle()
#45 D:/bakery-production-system/backend/vendor/laravel/framework/src/Illuminate/Pipeline/Pipeline.php(137): Illuminate/Pipeline/Pipeline->{closure:{closure:Illuminate/Pipeline/Pipeline::carry():194}:195}()
#46 D:/bakery-production-system/backend/vendor/laravel/framework/src/Illuminate/Foundation/Http/Kernel.php(175): Illuminate/Pipeline/Pipeline->then()
#47 D:/bakery-production-system/backend/vendor/laravel/framework/src/Illuminate/Foundation/Http/Kernel.php(144): Illuminate/Foundation/Http/Kernel->sendRequestThroughRouter()
#48 D:/bakery-production-system/backend/vendor/laravel/framework/src/Illuminate/Foundation/Application.php(1220): Illuminate/Foundation/Http/Kernel->handle()
#49 D:/bakery-production-system/backend/public/index.php(20): Illuminate/Foundation/Application->handleRequest()
#50 D:/bakery-production-system/backend/vendor/laravel/framework/src/Illuminate/Foundation/resources/server.php(23): require_once('...')
#51 {main}

[previous exception] [object] (Illuminate\\Database\\SQLiteDatabaseDoesNotExistException(code: 0): Database file at path [D:\\bakery-production-system\\backend\\database\\database.sqlite] does not exist. Ensure this is an absolute path to the database. at D:/bakery-production-system/backend/vendor/laravel/framework/src/Illuminate/Database/Connectors/SQLiteConnector.php:61)
[stacktrace]
#0 D:/bakery-production-system/backend/vendor/laravel/framework/src/Illuminate/Database/Connectors/SQLiteConnector.php(19): Illuminate/Database/Connectors/SQLiteConnector->parseDatabasePath()
#1 D:/bakery-production-system/backend/vendor/laravel/framework/src/Illuminate/Database/Connectors/ConnectionFactory.php(227): Illuminate/Database/Connectors/SQLiteConnector->connect()
#2 [internal function]: Illuminate/Database/Connectors/ConnectionFactory->{closure:Illuminate/Database/Connectors/ConnectionFactory::createPdoResolverWithoutHosts():227}()
#3 D:/bakery-production-system/backend/vendor/laravel/framework/src/Illuminate/Database/Connection.php(1281): call_user_func()
#4 D:/bakery-production-system/backend/vendor/laravel/framework/src/Illuminate/Database/Connection.php(528): Illuminate/Database/Connection->getPdo()
#5 D:/bakery-production-system/backend/vendor/laravel/framework/src/Illuminate/Database/Connection.php(421): Illuminate/Database/Connection->getPdoForSelect()
#6 D:/bakery-production-system/backend/vendor/laravel/framework/src/Illuminate/Database/Connection.php(832): Illuminate/Database/Connection->{closure:Illuminate/Database/Connection::select():412}()
#7 D:/bakery-production-system/backend/vendor/laravel/framework/src/Illuminate/Database/Connection.php(799): Illuminate/Database/Connection->runQueryCallback()
#8 D:/bakery-production-system/backend/vendor/laravel/framework/src/Illuminate/Database/Connection.php(412): Illuminate/Database/Connection->run()
#9 D:/bakery-production-system/backend/vendor/laravel/framework/src/Illuminate/Database/Query/Builder.php(3573): Illuminate/Database/Connection->select()
#10 D:/bakery-production-system/backend/vendor/laravel/framework/src/Illuminate/Database/Query/Builder.php(3557): Illuminate/Database/Query/Builder->runSelect()
#11 D:/bakery-production-system/backend/vendor/laravel/framework/src/Illuminate/Database/Concerns/BuildsQueries.php(366): Illuminate/Database/Query/Builder->get()
#12 D:/bakery-production-system/backend/vendor/laravel/framework/src/Illuminate/Database/Query/Builder.php(3475): Illuminate/Database/Query/Builder->first()
#13 D:/bakery-production-system/backend/vendor/laravel/framework/src/Illuminate/Session/DatabaseSessionHandler.php(96): Illuminate/Database/Query/Builder->find()
#14 D:/bakery-production-system/backend/vendor/laravel/framework/src/Illuminate/Session/Store.php(128): Illuminate/Session/DatabaseSessionHandler->read()
#15 D:/bakery-production-system/backend/vendor/laravel/framework/src/Illuminate/Session/Store.php(116): Illuminate/Session/Store->readFromHandler()
#16 D:/bakery-production-system/backend/vendor/laravel/framework/src/Illuminate/Session/Store.php(100): Illuminate/Session/Store->loadSession()
#17 D:/bakery-production-system/backend/vendor/laravel/framework/src/Illuminate/Session/Middleware/StartSession.php(146): Illuminate/Session/Store->start()
#18 D:/bakery-production-system/backend/vendor/laravel/framework/src/Illuminate/Support/helpers.php(393): Illuminate/Session/Middleware/StartSession->{closure:Illuminate/Session/Middleware/StartSession::startSession():143}()
#19 D:/bakery-production-system/backend/vendor/laravel/framework/src/Illuminate/Session/Middleware/StartSession.php(143): tap()
#20 D:/bakery-production-system/backend/vendor/laravel/framework/src/Illuminate/Session/Middleware/StartSession.php(115): Illuminate/Session/Middleware/StartSession->startSession()
#21 D:/bakery-production-system/backend/vendor/laravel/framework/src/Illuminate/Session/Middleware/StartSession.php(63): Illuminate/Session/Middleware/StartSession->handleStatefulRequest()
#22 D:/bakery-production-system/backend/vendor/laravel/framework/src/Illuminate/Pipeline/Pipeline.php(219): Illuminate/Session/Middleware/StartSession->handle()
#23 D:/bakery-production-system/backend/vendor/laravel/framework/src/Illuminate/Cookie/Middleware/AddQueuedCookiesToResponse.php(36): Illuminate/Pipeline/Pipeline->{closure:{closure:Illuminate/Pipeline/Pipeline::carry():194}:195}()
#24 D:/bakery-production-system/backend/vendor/laravel/framework/src/Illuminate/Pipeline/Pipeline.php(219): Illuminate/Cookie/Middleware/AddQueuedCookiesToResponse->handle()
#25 D:/bakery-production-system/backend/vendor/laravel/framework/src/Illuminate/Cookie/Middleware/EncryptCookies.php(74): Illuminate/Pipeline/Pipeline->{closure:{closure:Illuminate/Pipeline/Pipeline::carry():194}:195}()
#26 D:/bakery-production-system/backend/vendor/laravel/framework/src/Illuminate/Pipeline/Pipeline.php(219): Illuminate/Cookie/Middleware/EncryptCookies->handle()
#27 D:/bakery-production-system/backend/vendor/laravel/framework/src/Illuminate/Pipeline/Pipeline.php(137): Illuminate/Pipeline/Pipeline->{closure:{closure:Illuminate/Pipeline/Pipeline::carry():194}:195}()
#28 D:/bakery-production-system/backend/vendor/laravel/framework/src/Illuminate/Routing/Router.php(821): Illuminate/Pipeline/Pipeline->then()
#29 D:/bakery-production-system/backend/vendor/laravel/framework/src/Illuminate/Routing/Router.php(800): Illuminate/Routing/Router->runRouteWithinStack()
#30 D:/bakery-production-system/backend/vendor/laravel/framework/src/Illuminate/Routing/Router.php(764): Illuminate/Routing/Router->runRoute()
#31 D:/bakery-production-system/backend/vendor/laravel/framework/src/Illuminate/Routing/Router.php(753): Illuminate/Routing/Router->dispatchToRoute()
#32 D:/bakery-production-system/backend/vendor/laravel/framework/src/Illuminate/Foundation/Http/Kernel.php(200): Illuminate/Routing/Router->dispatch()
#33 D:/bakery-production-system/backend/vendor/laravel/framework/src/Illuminate/Pipeline/Pipeline.php(180): Illuminate/Foundation/Http/Kernel->{closure:Illuminate/Foundation/Http/Kernel::dispatchToRouter():197}()
#34 D:/bakery-production-system/backend/vendor/laravel/framework/src/Illuminate/Foundation/Http/Middleware/TransformsRequest.php(21): Illuminate/Pipeline/Pipeline->{closure:Illuminate/Pipeline/Pipeline::prepareDestination():178}()
#35 D:/bakery-production-system/backend/vendor/laravel/framework/src/Illuminate/Foundation/Http/Middleware/ConvertEmptyStringsToNull.php(31): Illuminate/Foundation/Http/Middleware/TransformsRequest->handle()
#36 D:/bakery-production-system/backend/vendor/laravel/framework/src/Illuminate/Pipeline/Pipeline.php(219): Illuminate/Foundation/Http/Middleware/ConvertEmptyStringsToNull->handle()
#37 D:/bakery-production-system/backend/vendor/laravel/framework/src/Illuminate/Foundation/Http/Middleware/TransformsRequest.php(21): Illuminate/Pipeline/Pipeline->{closure:{closure:Illuminate/Pipeline/Pipeline::carry():194}:195}()
#38 D:/bakery-production-system/backend/vendor/laravel/framework/src/Illuminate/Foundation/Http/Middleware/TrimStrings.php(51): Illuminate/Foundation/Http/Middleware/TransformsRequest->handle()
#39 D:/bakery-production-system/backend/vendor/laravel/framework/src/Illuminate/Pipeline/Pipeline.php(219): Illuminate/Foundation/Http/Middleware/TrimStrings->handle()
#40 D:/bakery-production-system/backend/vendor/laravel/framework/src/Illuminate/Http/Middleware/ValidatePostSize.php(27): Illuminate/Pipeline/Pipeline->{closure:{closure:Illuminate/Pipeline/Pipeline::carry():194}:195}()
#41 D:/bakery-production-system/backend/vendor/laravel/framework/src/Illuminate/Pipeline/Pipeline.php(219): Illuminate/Http/Middleware/ValidatePostSize->handle()
#42 D:/bakery-production-system/backend/vendor/laravel/framework/src/Illuminate/Foundation/Http/Middleware/PreventRequestsDuringMaintenance.php(109): Illuminate/Pipeline/Pipeline->{closure:{closure:Illuminate/Pipeline/Pipeline::carry():194}:195}()
#43 D:/bakery-production-system/backend/vendor/laravel/framework/src/Illuminate/Pipeline/Pipeline.php(219): Illuminate/Foundation/Http/Middleware/PreventRequestsDuringMaintenance->handle()
#44 D:/bakery-production-system/backend/vendor/laravel/framework/src/Illuminate/Http/Middleware/HandleCors.php(61): Illuminate/Pipeline/Pipeline->{closure:{closure:Illuminate/Pipeline/Pipeline::carry():194}:195}()
#45 D:/bakery-production-system/backend/vendor/laravel/framework/src/Illuminate/Pipeline/Pipeline.php(219): Illuminate/Http/Middleware/HandleCors->handle()
#46 D:/bakery-production-system/backend/vendor/laravel/framework/src/Illuminate/Http/Middleware/TrustProxies.php(58): Illuminate/Pipeline/Pipeline->{closure:{closure:Illuminate/Pipeline/Pipeline::carry():194}:195}()
#47 D:/bakery-production-system/backend/vendor/laravel/framework/src/Illuminate/Pipeline/Pipeline.php(219): Illuminate/Http/Middleware/TrustProxies->handle()
#48 D:/bakery-production-system/backend/vendor/laravel/framework/src/Illuminate/Foundation/Http/Middleware/InvokeDeferredCallbacks.php(22): Illuminate/Pipeline/Pipeline->{closure:{closure:Illuminate/Pipeline/Pipeline::carry():194}:195}()
#49 D:/bakery-production-system/backend/vendor/laravel/framework/src/Illuminate/Pipeline/Pipeline.php(219): Illuminate/Foundation/Http/Middleware/InvokeDeferredCallbacks->handle()
#50 D:/bakery-production-system/backend/vendor/laravel/framework/src/Illuminate/Http/Middleware/ValidatePathEncoding.php(28): Illuminate/Pipeline/Pipeline->{closure:{closure:Illuminate/Pipeline/Pipeline::carry():194}:195}()
#51 D:/bakery-production-system/backend/vendor/laravel/framework/src/Illuminate/Pipeline/Pipeline.php(219): Illuminate/Http/Middleware/ValidatePathEncoding->handle()
#52 D:/bakery-production-system/backend/vendor/laravel/framework/src/Illuminate/Pipeline/Pipeline.php(137): Illuminate/Pipeline/Pipeline->{closure:{closure:Illuminate/Pipeline/Pipeline::carry():194}:195}()
#53 D:/bakery-production-system/backend/vendor/laravel/framework/src/Illuminate/Foundation/Http/Kernel.php(175): Illuminate/Pipeline/Pipeline->then()
#54 D:/bakery-production-system/backend/vendor/laravel/framework/src/Illuminate/Foundation/Http/Kernel.php(144): Illuminate/Foundation/Http/Kernel->sendRequestThroughRouter()
#55 D:/bakery-production-system/backend/vendor/laravel/framework/src/Illuminate/Foundation/Application.php(1220): Illuminate/Foundation/Http/Kernel->handle()
#56 D:/bakery-production-system/backend/public/index.php(20): Illuminate/Foundation/Application->handleRequest()
#57 D:/bakery-production-system/backend/vendor/laravel/framework/src/Illuminate/Foundation/resources/server.php(23): require_once('...')
#58 {main}
"} 
[2026-06-23 06:17:30] local.ERROR: SQLSTATE[HY000]: General error: 1 table "jobs" already exists (Connection: sqlite, Database: D:\bakery-production-system\backend\database\database.sqlite, SQL: create table "jobs" ("id" integer primary key autoincrement not null, "queue" varchar not null, "payload" text not null, "attempts" integer not null, "reserved_at" integer, "available_at" integer not null, "created_at" integer not null)) {"exception":"[object] (Illuminate\\Database\\QueryException(code: HY000): SQLSTATE[HY000]: General error: 1 table \"jobs\" already exists (Connection: sqlite, Database: D:\\bakery-production-system\\backend\\database\\database.sqlite, SQL: create table \"jobs\" (\"id\" integer primary key autoincrement not null, \"queue\" varchar not null, \"payload\" text not null, \"attempts\" integer not null, \"reserved_at\" integer, \"available_at\" integer not null, \"created_at\" integer not null)) at D:/bakery-production-system/backend/vendor/laravel/framework/src/Illuminate/Database/Connection.php:843)
[stacktrace]
#0 D:/bakery-production-system/backend/vendor/laravel/framework/src/Illuminate/Database/Connection.php(799): Illuminate/Database/Connection->runQueryCallback()
#1 D:/bakery-production-system/backend/vendor/laravel/framework/src/Illuminate/Database/Connection.php(576): Illuminate/Database/Connection->run()
#2 D:/bakery-production-system/backend/vendor/laravel/framework/src/Illuminate/Database/Schema/Blueprint.php(122): Illuminate/Database/Connection->statement()
#3 D:/bakery-production-system/backend/vendor/laravel/framework/src/Illuminate/Database/Schema/Builder.php(708): Illuminate/Database/Schema/Blueprint->build()
#4 D:/bakery-production-system/backend/vendor/laravel/framework/src/Illuminate/Database/Schema/Builder.php(526): Illuminate/Database/Schema/Builder->build()
#5 D:/bakery-production-system/backend/vendor/laravel/framework/src/Illuminate/Support/Facades/Facade.php(363): Illuminate/Database/Schema/Builder->create()
#6 D:/bakery-production-system/backend/database/migrations/0001_01_01_000002_create_jobs_table.php(14): Illuminate/Support/Facades/Facade::__callStatic()
#7 D:/bakery-production-system/backend/vendor/laravel/framework/src/Illuminate/Database/Migrations/Migrator.php(517): Illuminate/Database/Migrations/Migration@anonymous->up()
#8 D:/bakery-production-system/backend/vendor/laravel/framework/src/Illuminate/Database/Migrations/Migrator.php(442): Illuminate/Database/Migrations/Migrator->runMethod()
#9 D:/bakery-production-system/backend/vendor/laravel/framework/src/Illuminate/Database/Migrations/Migrator.php(451): Illuminate/Database/Migrations/Migrator->{closure:Illuminate/Database/Migrations/Migrator::runMigration():438}()
#10 D:/bakery-production-system/backend/vendor/laravel/framework/src/Illuminate/Database/Migrations/Migrator.php(253): Illuminate/Database/Migrations/Migrator->runMigration()
#11 D:/bakery-production-system/backend/vendor/laravel/framework/src/Illuminate/Console/View/Components/Task.php(43): Illuminate/Database/Migrations/Migrator->{closure:Illuminate/Database/Migrations/Migrator::runUp():253}()
#12 D:/bakery-production-system/backend/vendor/laravel/framework/src/Illuminate/Database/Migrations/Migrator.php(814): Illuminate/Console/View/Components/Task->render()
#13 D:/bakery-production-system/backend/vendor/laravel/framework/src/Illuminate/Database/Migrations/Migrator.php(253): Illuminate/Database/Migrations/Migrator->write()
#14 D:/bakery-production-system/backend/vendor/laravel/framework/src/Illuminate/Database/Migrations/Migrator.php(211): Illuminate/Database/Migrations/Migrator->runUp()
#15 D:/bakery-production-system/backend/vendor/laravel/framework/src/Illuminate/Database/Migrations/Migrator.php(138): Illuminate/Database/Migrations/Migrator->runPending()
#16 D:/bakery-production-system/backend/vendor/laravel/framework/src/Illuminate/Database/Console/Migrations/MigrateCommand.php(118): Illuminate/Database/Migrations/Migrator->run()
#17 D:/bakery-production-system/backend/vendor/laravel/framework/src/Illuminate/Database/Migrations/Migrator.php(671): Illuminate/Database/Console/Migrations/MigrateCommand->{closure:Illuminate/Database/Console/Migrations/MigrateCommand::runMigrations():111}()
#18 D:/bakery-production-system/backend/vendor/laravel/framework/src/Illuminate/Database/Console/Migrations/MigrateCommand.php(111): Illuminate/Database/Migrations/Migrator->usingConnection()
#19 D:/bakery-production-system/backend/vendor/laravel/framework/src/Illuminate/Database/Console/Migrations/MigrateCommand.php(90): Illuminate/Database/Console/Migrations/MigrateCommand->runMigrations()
#20 D:/bakery-production-system/backend/vendor/laravel/framework/src/Illuminate/Container/BoundMethod.php(36): Illuminate/Database/Console/Migrations/MigrateCommand->handle()
#21 D:/bakery-production-system/backend/vendor/laravel/framework/src/Illuminate/Container/Util.php(43): Illuminate/Container/BoundMethod::{closure:Illuminate/Container/BoundMethod::call():35}()
#22 D:/bakery-production-system/backend/vendor/laravel/framework/src/Illuminate/Container/BoundMethod.php(96): Illuminate/Container/Util::unwrapIfClosure()
#23 D:/bakery-production-system/backend/vendor/laravel/framework/src/Illuminate/Container/BoundMethod.php(35): Illuminate/Container/BoundMethod::callBoundMethod()
#24 D:/bakery-production-system/backend/vendor/laravel/framework/src/Illuminate/Container/Container.php(799): Illuminate/Container/BoundMethod::call()
#25 D:/bakery-production-system/backend/vendor/laravel/framework/src/Illuminate/Console/Command.php(280): Illuminate/Container/Container->call()
#26 D:/bakery-production-system/backend/vendor/symfony/console/Command/Command.php(284): Illuminate/Console/Command->execute()
#27 D:/bakery-production-system/backend/vendor/laravel/framework/src/Illuminate/Console/Command.php(249): Symfony/Component/Console/Command/Command->run()
#28 D:/bakery-production-system/backend/vendor/symfony/console/Application.php(1144): Illuminate/Console/Command->run()
#29 D:/bakery-production-system/backend/vendor/symfony/console/Application.php(379): Symfony/Component/Console/Application->doRunCommand()
#30 D:/bakery-production-system/backend/vendor/symfony/console/Application.php(218): Symfony/Component/Console/Application->doRun()
#31 D:/bakery-production-system/backend/vendor/laravel/framework/src/Illuminate/Foundation/Console/Kernel.php(198): Symfony/Component/Console/Application->run()
#32 D:/bakery-production-system/backend/vendor/laravel/framework/src/Illuminate/Foundation/Application.php(1235): Illuminate/Foundation/Console/Kernel->handle()
#33 D:/bakery-production-system/backend/artisan(16): Illuminate/Foundation/Application->handleCommand()
#34 {main}

[previous exception] [object] (PDOException(code: HY000): SQLSTATE[HY000]: General error: 1 table \"jobs\" already exists at D:/bakery-production-system/backend/vendor/laravel/framework/src/Illuminate/Database/Connection.php:581)
[stacktrace]
#0 D:/bakery-production-system/backend/vendor/laravel/framework/src/Illuminate/Database/Connection.php(581): PDO->prepare()
#1 D:/bakery-production-system/backend/vendor/laravel/framework/src/Illuminate/Database/Connection.php(832): Illuminate/Database/Connection->{closure:Illuminate/Database/Connection::statement():576}()
#2 D:/bakery-production-system/backend/vendor/laravel/framework/src/Illuminate/Database/Connection.php(799): Illuminate/Database/Connection->runQueryCallback()
#3 D:/bakery-production-system/backend/vendor/laravel/framework/src/Illuminate/Database/Connection.php(576): Illuminate/Database/Connection->run()
#4 D:/bakery-production-system/backend/vendor/laravel/framework/src/Illuminate/Database/Schema/Blueprint.php(122): Illuminate/Database/Connection->statement()
#5 D:/bakery-production-system/backend/vendor/laravel/framework/src/Illuminate/Database/Schema/Builder.php(708): Illuminate/Database/Schema/Blueprint->build()
#6 D:/bakery-production-system/backend/vendor/laravel/framework/src/Illuminate/Database/Schema/Builder.php(526): Illuminate/Database/Schema/Builder->build()
#7 D:/bakery-production-system/backend/vendor/laravel/framework/src/Illuminate/Support/Facades/Facade.php(363): Illuminate/Database/Schema/Builder->create()
#8 D:/bakery-production-system/backend/database/migrations/0001_01_01_000002_create_jobs_table.php(14): Illuminate/Support/Facades/Facade::__callStatic()
#9 D:/bakery-production-system/backend/vendor/laravel/framework/src/Illuminate/Database/Migrations/Migrator.php(517): Illuminate/Database/Migrations/Migration@anonymous->up()
#10 D:/bakery-production-system/backend/vendor/laravel/framework/src/Illuminate/Database/Migrations/Migrator.php(442): Illuminate/Database/Migrations/Migrator->runMethod()
#11 D:/bakery-production-system/backend/vendor/laravel/framework/src/Illuminate/Database/Migrations/Migrator.php(451): Illuminate/Database/Migrations/Migrator->{closure:Illuminate/Database/Migrations/Migrator::runMigration():438}()
#12 D:/bakery-production-system/backend/vendor/laravel/framework/src/Illuminate/Database/Migrations/Migrator.php(253): Illuminate/Database/Migrations/Migrator->runMigration()
#13 D:/bakery-production-system/backend/vendor/laravel/framework/src/Illuminate/Console/View/Components/Task.php(43): Illuminate/Database/Migrations/Migrator->{closure:Illuminate/Database/Migrations/Migrator::runUp():253}()
#14 D:/bakery-production-system/backend/vendor/laravel/framework/src/Illuminate/Database/Migrations/Migrator.php(814): Illuminate/Console/View/Components/Task->render()
#15 D:/bakery-production-system/backend/vendor/laravel/framework/src/Illuminate/Database/Migrations/Migrator.php(253): Illuminate/Database/Migrations/Migrator->write()
#16 D:/bakery-production-system/backend/vendor/laravel/framework/src/Illuminate/Database/Migrations/Migrator.php(211): Illuminate/Database/Migrations/Migrator->runUp()
#17 D:/bakery-production-system/backend/vendor/laravel/framework/src/Illuminate/Database/Migrations/Migrator.php(138): Illuminate/Database/Migrations/Migrator->runPending()
#18 D:/bakery-production-system/backend/vendor/laravel/framework/src/Illuminate/Database/Console/Migrations/MigrateCommand.php(118): Illuminate/Database/Migrations/Migrator->run()
#19 D:/bakery-production-system/backend/vendor/laravel/framework/src/Illuminate/Database/Migrations/Migrator.php(671): Illuminate/Database/Console/Migrations/MigrateCommand->{closure:Illuminate/Database/Console/Migrations/MigrateCommand::runMigrations():111}()
#20 D:/bakery-production-system/backend/vendor/laravel/framework/src/Illuminate/Database/Console/Migrations/MigrateCommand.php(111): Illuminate/Database/Migrations/Migrator->usingConnection()
#21 D:/bakery-production-system/backend/vendor/laravel/framework/src/Illuminate/Database/Console/Migrations/MigrateCommand.php(90): Illuminate/Database/Console/Migrations/MigrateCommand->runMigrations()
#22 D:/bakery-production-system/backend/vendor/laravel/framework/src/Illuminate/Container/BoundMethod.php(36): Illuminate/Database/Console/Migrations/MigrateCommand->handle()
#23 D:/bakery-production-system/backend/vendor/laravel/framework/src/Illuminate/Container/Util.php(43): Illuminate/Container/BoundMethod::{closure:Illuminate/Container/BoundMethod::call():35}()
#24 D:/bakery-production-system/backend/vendor/laravel/framework/src/Illuminate/Container/BoundMethod.php(96): Illuminate/Container/Util::unwrapIfClosure()
#25 D:/bakery-production-system/backend/vendor/laravel/framework/src/Illuminate/Container/BoundMethod.php(35): Illuminate/Container/BoundMethod::callBoundMethod()
#26 D:/bakery-production-system/backend/vendor/laravel/framework/src/Illuminate/Container/Container.php(799): Illuminate/Container/BoundMethod::call()
#27 D:/bakery-production-system/backend/vendor/laravel/framework/src/Illuminate/Console/Command.php(280): Illuminate/Container/Container->call()
#28 D:/bakery-production-system/backend/vendor/symfony/console/Command/Command.php(284): Illuminate/Console/Command->execute()
#29 D:/bakery-production-system/backend/vendor/laravel/framework/src/Illuminate/Console/Command.php(249): Symfony/Component/Console/Command/Command->run()
#30 D:/bakery-production-system/backend/vendor/symfony/console/Application.php(1144): Illuminate/Console/Command->run()
#31 D:/bakery-production-system/backend/vendor/symfony/console/Application.php(379): Symfony/Component/Console/Application->doRunCommand()
#32 D:/bakery-production-system/backend/vendor/symfony/console/Application.php(218): Symfony/Component/Console/Application->doRun()
#33 D:/bakery-production-system/backend/vendor/laravel/framework/src/Illuminate/Foundation/Console/Kernel.php(198): Symfony/Component/Console/Application->run()
#34 D:/bakery-production-system/backend/vendor/laravel/framework/src/Illuminate/Foundation/Application.php(1235): Illuminate/Foundation/Console/Kernel->handle()
#35 D:/bakery-production-system/backend/artisan(16): Illuminate/Foundation/Application->handleCommand()
#36 {main}
"} 
[2026-06-23 06:18:34] local.ERROR: SQLSTATE[HY000]: General error: 1 table "jobs" already exists (Connection: sqlite, Database: D:\bakery-production-system\backend\database\database.sqlite, SQL: create table "jobs" ("id" integer primary key autoincrement not null, "queue" varchar not null, "payload" text not null, "attempts" integer not null, "reserved_at" integer, "available_at" integer not null, "created_at" integer not null)) {"exception":"[object] (Illuminate\\Database\\QueryException(code: HY000): SQLSTATE[HY000]: General error: 1 table \"jobs\" already exists (Connection: sqlite, Database: D:\\bakery-production-system\\backend\\database\\database.sqlite, SQL: create table \"jobs\" (\"id\" integer primary key autoincrement not null, \"queue\" varchar not null, \"payload\" text not null, \"attempts\" integer not null, \"reserved_at\" integer, \"available_at\" integer not null, \"created_at\" integer not null)) at D:/bakery-production-system/backend/vendor/laravel/framework/src/Illuminate/Database/Connection.php:843)
[stacktrace]
#0 D:/bakery-production-system/backend/vendor/laravel/framework/src/Illuminate/Database/Connection.php(799): Illuminate/Database/Connection->runQueryCallback()
#1 D:/bakery-production-system/backend/vendor/laravel/framework/src/Illuminate/Database/Connection.php(576): Illuminate/Database/Connection->run()
#2 D:/bakery-production-system/backend/vendor/laravel/framework/src/Illuminate/Database/Schema/Blueprint.php(122): Illuminate/Database/Connection->statement()
#3 D:/bakery-production-system/backend/vendor/laravel/framework/src/Illuminate/Database/Schema/Builder.php(708): Illuminate/Database/Schema/Blueprint->build()
#4 D:/bakery-production-system/backend/vendor/laravel/framework/src/Illuminate/Database/Schema/Builder.php(526): Illuminate/Database/Schema/Builder->build()
#5 D:/bakery-production-system/backend/vendor/laravel/framework/src/Illuminate/Support/Facades/Facade.php(363): Illuminate/Database/Schema/Builder->create()
#6 D:/bakery-production-system/backend/database/migrations/0001_01_01_000002_create_jobs_table.php(14): Illuminate/Support/Facades/Facade::__callStatic()
#7 D:/bakery-production-system/backend/vendor/laravel/framework/src/Illuminate/Database/Migrations/Migrator.php(517): Illuminate/Database/Migrations/Migration@anonymous->up()
#8 D:/bakery-production-system/backend/vendor/laravel/framework/src/Illuminate/Database/Migrations/Migrator.php(442): Illuminate/Database/Migrations/Migrator->runMethod()
#9 D:/bakery-production-system/backend/vendor/laravel/framework/src/Illuminate/Database/Migrations/Migrator.php(451): Illuminate/Database/Migrations/Migrator->{closure:Illuminate/Database/Migrations/Migrator::runMigration():438}()
#10 D:/bakery-production-system/backend/vendor/laravel/framework/src/Illuminate/Database/Migrations/Migrator.php(253): Illuminate/Database/Migrations/Migrator->runMigration()
#11 D:/bakery-production-system/backend/vendor/laravel/framework/src/Illuminate/Console/View/Components/Task.php(43): Illuminate/Database/Migrations/Migrator->{closure:Illuminate/Database/Migrations/Migrator::runUp():253}()
#12 D:/bakery-production-system/backend/vendor/laravel/framework/src/Illuminate/Database/Migrations/Migrator.php(814): Illuminate/Console/View/Components/Task->render()
#13 D:/bakery-production-system/backend/vendor/laravel/framework/src/Illuminate/Database/Migrations/Migrator.php(253): Illuminate/Database/Migrations/Migrator->write()
#14 D:/bakery-production-system/backend/vendor/laravel/framework/src/Illuminate/Database/Migrations/Migrator.php(211): Illuminate/Database/Migrations/Migrator->runUp()
#15 D:/bakery-production-system/backend/vendor/laravel/framework/src/Illuminate/Database/Migrations/Migrator.php(138): Illuminate/Database/Migrations/Migrator->runPending()
#16 D:/bakery-production-system/backend/vendor/laravel/framework/src/Illuminate/Database/Console/Migrations/MigrateCommand.php(118): Illuminate/Database/Migrations/Migrator->run()
#17 D:/bakery-production-system/backend/vendor/laravel/framework/src/Illuminate/Database/Migrations/Migrator.php(671): Illuminate/Database/Console/Migrations/MigrateCommand->{closure:Illuminate/Database/Console/Migrations/MigrateCommand::runMigrations():111}()
#18 D:/bakery-production-system/backend/vendor/laravel/framework/src/Illuminate/Database/Console/Migrations/MigrateCommand.php(111): Illuminate/Database/Migrations/Migrator->usingConnection()
#19 D:/bakery-production-system/backend/vendor/laravel/framework/src/Illuminate/Database/Console/Migrations/MigrateCommand.php(90): Illuminate/Database/Console/Migrations/MigrateCommand->runMigrations()
#20 D:/bakery-production-system/backend/vendor/laravel/framework/src/Illuminate/Container/BoundMethod.php(36): Illuminate/Database/Console/Migrations/MigrateCommand->handle()
#21 D:/bakery-production-system/backend/vendor/laravel/framework/src/Illuminate/Container/Util.php(43): Illuminate/Container/BoundMethod::{closure:Illuminate/Container/BoundMethod::call():35}()
#22 D:/bakery-production-system/backend/vendor/laravel/framework/src/Illuminate/Container/BoundMethod.php(96): Illuminate/Container/Util::unwrapIfClosure()
#23 D:/bakery-production-system/backend/vendor/laravel/framework/src/Illuminate/Container/BoundMethod.php(35): Illuminate/Container/BoundMethod::callBoundMethod()
#24 D:/bakery-production-system/backend/vendor/laravel/framework/src/Illuminate/Container/Container.php(799): Illuminate/Container/BoundMethod::call()
#25 D:/bakery-production-system/backend/vendor/laravel/framework/src/Illuminate/Console/Command.php(280): Illuminate/Container/Container->call()
#26 D:/bakery-production-system/backend/vendor/symfony/console/Command/Command.php(284): Illuminate/Console/Command->execute()
#27 D:/bakery-production-system/backend/vendor/laravel/framework/src/Illuminate/Console/Command.php(249): Symfony/Component/Console/Command/Command->run()
#28 D:/bakery-production-system/backend/vendor/laravel/framework/src/Illuminate/Console/Concerns/CallsCommands.php(68): Illuminate/Console/Command->run()
#29 D:/bakery-production-system/backend/vendor/laravel/framework/src/Illuminate/Console/Concerns/CallsCommands.php(29): Illuminate/Console/Command->runCommand()
#30 D:/bakery-production-system/backend/vendor/laravel/framework/src/Illuminate/Database/Console/Migrations/FreshCommand.php(88): Illuminate/Console/Command->call()
#31 D:/bakery-production-system/backend/vendor/laravel/framework/src/Illuminate/Container/BoundMethod.php(36): Illuminate/Database/Console/Migrations/FreshCommand->handle()
#32 D:/bakery-production-system/backend/vendor/laravel/framework/src/Illuminate/Container/Util.php(43): Illuminate/Container/BoundMethod::{closure:Illuminate/Container/BoundMethod::call():35}()
#33 D:/bakery-production-system/backend/vendor/laravel/framework/src/Illuminate/Container/BoundMethod.php(96): Illuminate/Container/Util::unwrapIfClosure()
#34 D:/bakery-production-system/backend/vendor/laravel/framework/src/Illuminate/Container/BoundMethod.php(35): Illuminate/Container/BoundMethod::callBoundMethod()
#35 D:/bakery-production-system/backend/vendor/laravel/framework/src/Illuminate/Container/Container.php(799): Illuminate/Container/BoundMethod::call()
#36 D:/bakery-production-system/backend/vendor/laravel/framework/src/Illuminate/Console/Command.php(280): Illuminate/Container/Container->call()
#37 D:/bakery-production-system/backend/vendor/symfony/console/Command/Command.php(284): Illuminate/Console/Command->execute()
#38 D:/bakery-production-system/backend/vendor/laravel/framework/src/Illuminate/Console/Command.php(249): Symfony/Component/Console/Command/Command->run()
#39 D:/bakery-production-system/backend/vendor/symfony/console/Application.php(1144): Illuminate/Console/Command->run()
#40 D:/bakery-production-system/backend/vendor/symfony/console/Application.php(379): Symfony/Component/Console/Application->doRunCommand()
#41 D:/bakery-production-system/backend/vendor/symfony/console/Application.php(218): Symfony/Component/Console/Application->doRun()
#42 D:/bakery-production-system/backend/vendor/laravel/framework/src/Illuminate/Foundation/Console/Kernel.php(198): Symfony/Component/Console/Application->run()
#43 D:/bakery-production-system/backend/vendor/laravel/framework/src/Illuminate/Foundation/Application.php(1235): Illuminate/Foundation/Console/Kernel->handle()
#44 D:/bakery-production-system/backend/artisan(16): Illuminate/Foundation/Application->handleCommand()
#45 {main}

[previous exception] [object] (PDOException(code: HY000): SQLSTATE[HY000]: General error: 1 table \"jobs\" already exists at D:/bakery-production-system/backend/vendor/laravel/framework/src/Illuminate/Database/Connection.php:581)
[stacktrace]
#0 D:/bakery-production-system/backend/vendor/laravel/framework/src/Illuminate/Database/Connection.php(581): PDO->prepare()
#1 D:/bakery-production-system/backend/vendor/laravel/framework/src/Illuminate/Database/Connection.php(832): Illuminate/Database/Connection->{closure:Illuminate/Database/Connection::statement():576}()
#2 D:/bakery-production-system/backend/vendor/laravel/framework/src/Illuminate/Database/Connection.php(799): Illuminate/Database/Connection->runQueryCallback()
#3 D:/bakery-production-system/backend/vendor/laravel/framework/src/Illuminate/Database/Connection.php(576): Illuminate/Database/Connection->run()
#4 D:/bakery-production-system/backend/vendor/laravel/framework/src/Illuminate/Database/Schema/Blueprint.php(122): Illuminate/Database/Connection->statement()
#5 D:/bakery-production-system/backend/vendor/laravel/framework/src/Illuminate/Database/Schema/Builder.php(708): Illuminate/Database/Schema/Blueprint->build()
#6 D:/bakery-production-system/backend/vendor/laravel/framework/src/Illuminate/Database/Schema/Builder.php(526): Illuminate/Database/Schema/Builder->build()
#7 D:/bakery-production-system/backend/vendor/laravel/framework/src/Illuminate/Support/Facades/Facade.php(363): Illuminate/Database/Schema/Builder->create()
#8 D:/bakery-production-system/backend/database/migrations/0001_01_01_000002_create_jobs_table.php(14): Illuminate/Support/Facades/Facade::__callStatic()
#9 D:/bakery-production-system/backend/vendor/laravel/framework/src/Illuminate/Database/Migrations/Migrator.php(517): Illuminate/Database/Migrations/Migration@anonymous->up()
#10 D:/bakery-production-system/backend/vendor/laravel/framework/src/Illuminate/Database/Migrations/Migrator.php(442): Illuminate/Database/Migrations/Migrator->runMethod()
#11 D:/bakery-production-system/backend/vendor/laravel/framework/src/Illuminate/Database/Migrations/Migrator.php(451): Illuminate/Database/Migrations/Migrator->{closure:Illuminate/Database/Migrations/Migrator::runMigration():438}()
#12 D:/bakery-production-system/backend/vendor/laravel/framework/src/Illuminate/Database/Migrations/Migrator.php(253): Illuminate/Database/Migrations/Migrator->runMigration()
#13 D:/bakery-production-system/backend/vendor/laravel/framework/src/Illuminate/Console/View/Components/Task.php(43): Illuminate/Database/Migrations/Migrator->{closure:Illuminate/Database/Migrations/Migrator::runUp():253}()
#14 D:/bakery-production-system/backend/vendor/laravel/framework/src/Illuminate/Database/Migrations/Migrator.php(814): Illuminate/Console/View/Components/Task->render()
#15 D:/bakery-production-system/backend/vendor/laravel/framework/src/Illuminate/Database/Migrations/Migrator.php(253): Illuminate/Database/Migrations/Migrator->write()
#16 D:/bakery-production-system/backend/vendor/laravel/framework/src/Illuminate/Database/Migrations/Migrator.php(211): Illuminate/Database/Migrations/Migrator->runUp()
#17 D:/bakery-production-system/backend/vendor/laravel/framework/src/Illuminate/Database/Migrations/Migrator.php(138): Illuminate/Database/Migrations/Migrator->runPending()
#18 D:/bakery-production-system/backend/vendor/laravel/framework/src/Illuminate/Database/Console/Migrations/MigrateCommand.php(118): Illuminate/Database/Migrations/Migrator->run()
#19 D:/bakery-production-system/backend/vendor/laravel/framework/src/Illuminate/Database/Migrations/Migrator.php(671): Illuminate/Database/Console/Migrations/MigrateCommand->{closure:Illuminate/Database/Console/Migrations/MigrateCommand::runMigrations():111}()
#20 D:/bakery-production-system/backend/vendor/laravel/framework/src/Illuminate/Database/Console/Migrations/MigrateCommand.php(111): Illuminate/Database/Migrations/Migrator->usingConnection()
#21 D:/bakery-production-system/backend/vendor/laravel/framework/src/Illuminate/Database/Console/Migrations/MigrateCommand.php(90): Illuminate/Database/Console/Migrations/MigrateCommand->runMigrations()
#22 D:/bakery-production-system/backend/vendor/laravel/framework/src/Illuminate/Container/BoundMethod.php(36): Illuminate/Database/Console/Migrations/MigrateCommand->handle()
#23 D:/bakery-production-system/backend/vendor/laravel/framework/src/Illuminate/Container/Util.php(43): Illuminate/Container/BoundMethod::{closure:Illuminate/Container/BoundMethod::call():35}()
#24 D:/bakery-production-system/backend/vendor/laravel/framework/src/Illuminate/Container/BoundMethod.php(96): Illuminate/Container/Util::unwrapIfClosure()
#25 D:/bakery-production-system/backend/vendor/laravel/framework/src/Illuminate/Container/BoundMethod.php(35): Illuminate/Container/BoundMethod::callBoundMethod()
#26 D:/bakery-production-system/backend/vendor/laravel/framework/src/Illuminate/Container/Container.php(799): Illuminate/Container/BoundMethod::call()
#27 D:/bakery-production-system/backend/vendor/laravel/framework/src/Illuminate/Console/Command.php(280): Illuminate/Container/Container->call()
#28 D:/bakery-production-system/backend/vendor/symfony/console/Command/Command.php(284): Illuminate/Console/Command->execute()
#29 D:/bakery-production-system/backend/vendor/laravel/framework/src/Illuminate/Console/Command.php(249): Symfony/Component/Console/Command/Command->run()
#30 D:/bakery-production-system/backend/vendor/laravel/framework/src/Illuminate/Console/Concerns/CallsCommands.php(68): Illuminate/Console/Command->run()
#31 D:/bakery-production-system/backend/vendor/laravel/framework/src/Illuminate/Console/Concerns/CallsCommands.php(29): Illuminate/Console/Command->runCommand()
#32 D:/bakery-production-system/backend/vendor/laravel/framework/src/Illuminate/Database/Console/Migrations/FreshCommand.php(88): Illuminate/Console/Command->call()
#33 D:/bakery-production-system/backend/vendor/laravel/framework/src/Illuminate/Container/BoundMethod.php(36): Illuminate/Database/Console/Migrations/FreshCommand->handle()
#34 D:/bakery-production-system/backend/vendor/laravel/framework/src/Illuminate/Container/Util.php(43): Illuminate/Container/BoundMethod::{closure:Illuminate/Container/BoundMethod::call():35}()
#35 D:/bakery-production-system/backend/vendor/laravel/framework/src/Illuminate/Container/BoundMethod.php(96): Illuminate/Container/Util::unwrapIfClosure()
#36 D:/bakery-production-system/backend/vendor/laravel/framework/src/Illuminate/Container/BoundMethod.php(35): Illuminate/Container/BoundMethod::callBoundMethod()
#37 D:/bakery-production-system/backend/vendor/laravel/framework/src/Illuminate/Container/Container.php(799): Illuminate/Container/BoundMethod::call()
#38 D:/bakery-production-system/backend/vendor/laravel/framework/src/Illuminate/Console/Command.php(280): Illuminate/Container/Container->call()
#39 D:/bakery-production-system/backend/vendor/symfony/console/Command/Command.php(284): Illuminate/Console/Command->execute()
#40 D:/bakery-production-system/backend/vendor/laravel/framework/src/Illuminate/Console/Command.php(249): Symfony/Component/Console/Command/Command->run()
#41 D:/bakery-production-system/backend/vendor/symfony/console/Application.php(1144): Illuminate/Console/Command->run()
#42 D:/bakery-production-system/backend/vendor/symfony/console/Application.php(379): Symfony/Component/Console/Application->doRunCommand()
#43 D:/bakery-production-system/backend/vendor/symfony/console/Application.php(218): Symfony/Component/Console/Application->doRun()
#44 D:/bakery-production-system/backend/vendor/laravel/framework/src/Illuminate/Foundation/Console/Kernel.php(198): Symfony/Component/Console/Application->run()
#45 D:/bakery-production-system/backend/vendor/laravel/framework/src/Illuminate/Foundation/Application.php(1235): Illuminate/Foundation/Console/Kernel->handle()
#46 D:/bakery-production-system/backend/artisan(16): Illuminate/Foundation/Application->handleCommand()
#47 {main}
"} 
[2026-06-23 06:23:39] local.ERROR: SQLSTATE[42S01]: Base table or view already exists: 1050 Table 'jobs' already exists (Connection: mysql, Host: 127.0.0.1, Port: 3306, Database: laravel, SQL: create table `jobs` (`id` bigint unsigned not null auto_increment primary key, `queue` varchar(255) not null, `payload` longtext not null, `attempts` smallint unsigned not null, `reserved_at` int unsigned null, `available_at` int unsigned not null, `created_at` int unsigned not null) default character set utf8mb4 collate 'utf8mb4_unicode_ci') {"exception":"[object] (Illuminate\\Database\\QueryException(code: 42S01): SQLSTATE[42S01]: Base table or view already exists: 1050 Table 'jobs' already exists (Connection: mysql, Host: 127.0.0.1, Port: 3306, Database: laravel, SQL: create table `jobs` (`id` bigint unsigned not null auto_increment primary key, `queue` varchar(255) not null, `payload` longtext not null, `attempts` smallint unsigned not null, `reserved_at` int unsigned null, `available_at` int unsigned not null, `created_at` int unsigned not null) default character set utf8mb4 collate 'utf8mb4_unicode_ci') at D:/bakery-production-system/backend/vendor/laravel/framework/src/Illuminate/Database/Connection.php:843)
[stacktrace]
#0 D:/bakery-production-system/backend/vendor/laravel/framework/src/Illuminate/Database/Connection.php(799): Illuminate/Database/Connection->runQueryCallback()
#1 D:/bakery-production-system/backend/vendor/laravel/framework/src/Illuminate/Database/Connection.php(576): Illuminate/Database/Connection->run()
#2 D:/bakery-production-system/backend/vendor/laravel/framework/src/Illuminate/Database/Schema/Blueprint.php(122): Illuminate/Database/Connection->statement()
#3 D:/bakery-production-system/backend/vendor/laravel/framework/src/Illuminate/Database/Schema/Builder.php(708): Illuminate/Database/Schema/Blueprint->build()
#4 D:/bakery-production-system/backend/vendor/laravel/framework/src/Illuminate/Database/Schema/Builder.php(526): Illuminate/Database/Schema/Builder->build()
#5 D:/bakery-production-system/backend/vendor/laravel/framework/src/Illuminate/Support/Facades/Facade.php(363): Illuminate/Database/Schema/Builder->create()
#6 D:/bakery-production-system/backend/database/migrations/0001_01_01_000002_create_jobs_table.php(14): Illuminate/Support/Facades/Facade::__callStatic()
#7 D:/bakery-production-system/backend/vendor/laravel/framework/src/Illuminate/Database/Migrations/Migrator.php(517): Illuminate/Database/Migrations/Migration@anonymous->up()
#8 D:/bakery-production-system/backend/vendor/laravel/framework/src/Illuminate/Database/Migrations/Migrator.php(442): Illuminate/Database/Migrations/Migrator->runMethod()
#9 D:/bakery-production-system/backend/vendor/laravel/framework/src/Illuminate/Database/Migrations/Migrator.php(451): Illuminate/Database/Migrations/Migrator->{closure:Illuminate/Database/Migrations/Migrator::runMigration():438}()
#10 D:/bakery-production-system/backend/vendor/laravel/framework/src/Illuminate/Database/Migrations/Migrator.php(253): Illuminate/Database/Migrations/Migrator->runMigration()
#11 D:/bakery-production-system/backend/vendor/laravel/framework/src/Illuminate/Console/View/Components/Task.php(43): Illuminate/Database/Migrations/Migrator->{closure:Illuminate/Database/Migrations/Migrator::runUp():253}()
#12 D:/bakery-production-system/backend/vendor/laravel/framework/src/Illuminate/Database/Migrations/Migrator.php(814): Illuminate/Console/View/Components/Task->render()
#13 D:/bakery-production-system/backend/vendor/laravel/framework/src/Illuminate/Database/Migrations/Migrator.php(253): Illuminate/Database/Migrations/Migrator->write()
#14 D:/bakery-production-system/backend/vendor/laravel/framework/src/Illuminate/Database/Migrations/Migrator.php(211): Illuminate/Database/Migrations/Migrator->runUp()
#15 D:/bakery-production-system/backend/vendor/laravel/framework/src/Illuminate/Database/Migrations/Migrator.php(138): Illuminate/Database/Migrations/Migrator->runPending()
#16 D:/bakery-production-system/backend/vendor/laravel/framework/src/Illuminate/Database/Console/Migrations/MigrateCommand.php(118): Illuminate/Database/Migrations/Migrator->run()
#17 D:/bakery-production-system/backend/vendor/laravel/framework/src/Illuminate/Database/Migrations/Migrator.php(671): Illuminate/Database/Console/Migrations/MigrateCommand->{closure:Illuminate/Database/Console/Migrations/MigrateCommand::runMigrations():111}()
#18 D:/bakery-production-system/backend/vendor/laravel/framework/src/Illuminate/Database/Console/Migrations/MigrateCommand.php(111): Illuminate/Database/Migrations/Migrator->usingConnection()
#19 D:/bakery-production-system/backend/vendor/laravel/framework/src/Illuminate/Database/Console/Migrations/MigrateCommand.php(90): Illuminate/Database/Console/Migrations/MigrateCommand->runMigrations()
#20 D:/bakery-production-system/backend/vendor/laravel/framework/src/Illuminate/Container/BoundMethod.php(36): Illuminate/Database/Console/Migrations/MigrateCommand->handle()
#21 D:/bakery-production-system/backend/vendor/laravel/framework/src/Illuminate/Container/Util.php(43): Illuminate/Container/BoundMethod::{closure:Illuminate/Container/BoundMethod::call():35}()
#22 D:/bakery-production-system/backend/vendor/laravel/framework/src/Illuminate/Container/BoundMethod.php(96): Illuminate/Container/Util::unwrapIfClosure()
#23 D:/bakery-production-system/backend/vendor/laravel/framework/src/Illuminate/Container/BoundMethod.php(35): Illuminate/Container/BoundMethod::callBoundMethod()
#24 D:/bakery-production-system/backend/vendor/laravel/framework/src/Illuminate/Container/Container.php(799): Illuminate/Container/BoundMethod::call()
#25 D:/bakery-production-system/backend/vendor/laravel/framework/src/Illuminate/Console/Command.php(280): Illuminate/Container/Container->call()
#26 D:/bakery-production-system/backend/vendor/symfony/console/Command/Command.php(284): Illuminate/Console/Command->execute()
#27 D:/bakery-production-system/backend/vendor/laravel/framework/src/Illuminate/Console/Command.php(249): Symfony/Component/Console/Command/Command->run()
#28 D:/bakery-production-system/backend/vendor/laravel/framework/src/Illuminate/Console/Concerns/CallsCommands.php(68): Illuminate/Console/Command->run()
#29 D:/bakery-production-system/backend/vendor/laravel/framework/src/Illuminate/Console/Concerns/CallsCommands.php(29): Illuminate/Console/Command->runCommand()
#30 D:/bakery-production-system/backend/vendor/laravel/framework/src/Illuminate/Database/Console/Migrations/FreshCommand.php(88): Illuminate/Console/Command->call()
#31 D:/bakery-production-system/backend/vendor/laravel/framework/src/Illuminate/Container/BoundMethod.php(36): Illuminate/Database/Console/Migrations/FreshCommand->handle()
#32 D:/bakery-production-system/backend/vendor/laravel/framework/src/Illuminate/Container/Util.php(43): Illuminate/Container/BoundMethod::{closure:Illuminate/Container/BoundMethod::call():35}()
#33 D:/bakery-production-system/backend/vendor/laravel/framework/src/Illuminate/Container/BoundMethod.php(96): Illuminate/Container/Util::unwrapIfClosure()
#34 D:/bakery-production-system/backend/vendor/laravel/framework/src/Illuminate/Container/BoundMethod.php(35): Illuminate/Container/BoundMethod::callBoundMethod()
#35 D:/bakery-production-system/backend/vendor/laravel/framework/src/Illuminate/Container/Container.php(799): Illuminate/Container/BoundMethod::call()
#36 D:/bakery-production-system/backend/vendor/laravel/framework/src/Illuminate/Console/Command.php(280): Illuminate/Container/Container->call()
#37 D:/bakery-production-system/backend/vendor/symfony/console/Command/Command.php(284): Illuminate/Console/Command->execute()
#38 D:/bakery-production-system/backend/vendor/laravel/framework/src/Illuminate/Console/Command.php(249): Symfony/Component/Console/Command/Command->run()
#39 D:/bakery-production-system/backend/vendor/symfony/console/Application.php(1144): Illuminate/Console/Command->run()
#40 D:/bakery-production-system/backend/vendor/symfony/console/Application.php(379): Symfony/Component/Console/Application->doRunCommand()
#41 D:/bakery-production-system/backend/vendor/symfony/console/Application.php(218): Symfony/Component/Console/Application->doRun()
#42 D:/bakery-production-system/backend/vendor/laravel/framework/src/Illuminate/Foundation/Console/Kernel.php(198): Symfony/Component/Console/Application->run()
#43 D:/bakery-production-system/backend/vendor/laravel/framework/src/Illuminate/Foundation/Application.php(1235): Illuminate/Foundation/Console/Kernel->handle()
#44 D:/bakery-production-system/backend/artisan(16): Illuminate/Foundation/Application->handleCommand()
#45 {main}

[previous exception] [object] (PDOException(code: 42S01): SQLSTATE[42S01]: Base table or view already exists: 1050 Table 'jobs' already exists at D:/bakery-production-system/backend/vendor/laravel/framework/src/Illuminate/Database/Connection.php:587)
[stacktrace]
#0 D:/bakery-production-system/backend/vendor/laravel/framework/src/Illuminate/Database/Connection.php(587): PDOStatement->execute()
#1 D:/bakery-production-system/backend/vendor/laravel/framework/src/Illuminate/Database/Connection.php(832): Illuminate/Database/Connection->{closure:Illuminate/Database/Connection::statement():576}()
#2 D:/bakery-production-system/backend/vendor/laravel/framework/src/Illuminate/Database/Connection.php(799): Illuminate/Database/Connection->runQueryCallback()
#3 D:/bakery-production-system/backend/vendor/laravel/framework/src/Illuminate/Database/Connection.php(576): Illuminate/Database/Connection->run()
#4 D:/bakery-production-system/backend/vendor/laravel/framework/src/Illuminate/Database/Schema/Blueprint.php(122): Illuminate/Database/Connection->statement()
#5 D:/bakery-production-system/backend/vendor/laravel/framework/src/Illuminate/Database/Schema/Builder.php(708): Illuminate/Database/Schema/Blueprint->build()
#6 D:/bakery-production-system/backend/vendor/laravel/framework/src/Illuminate/Database/Schema/Builder.php(526): Illuminate/Database/Schema/Builder->build()
#7 D:/bakery-production-system/backend/vendor/laravel/framework/src/Illuminate/Support/Facades/Facade.php(363): Illuminate/Database/Schema/Builder->create()
#8 D:/bakery-production-system/backend/database/migrations/0001_01_01_000002_create_jobs_table.php(14): Illuminate/Support/Facades/Facade::__callStatic()
#9 D:/bakery-production-system/backend/vendor/laravel/framework/src/Illuminate/Database/Migrations/Migrator.php(517): Illuminate/Database/Migrations/Migration@anonymous->up()
#10 D:/bakery-production-system/backend/vendor/laravel/framework/src/Illuminate/Database/Migrations/Migrator.php(442): Illuminate/Database/Migrations/Migrator->runMethod()
#11 D:/bakery-production-system/backend/vendor/laravel/framework/src/Illuminate/Database/Migrations/Migrator.php(451): Illuminate/Database/Migrations/Migrator->{closure:Illuminate/Database/Migrations/Migrator::runMigration():438}()
#12 D:/bakery-production-system/backend/vendor/laravel/framework/src/Illuminate/Database/Migrations/Migrator.php(253): Illuminate/Database/Migrations/Migrator->runMigration()
#13 D:/bakery-production-system/backend/vendor/laravel/framework/src/Illuminate/Console/View/Components/Task.php(43): Illuminate/Database/Migrations/Migrator->{closure:Illuminate/Database/Migrations/Migrator::runUp():253}()
#14 D:/bakery-production-system/backend/vendor/laravel/framework/src/Illuminate/Database/Migrations/Migrator.php(814): Illuminate/Console/View/Components/Task->render()
#15 D:/bakery-production-system/backend/vendor/laravel/framework/src/Illuminate/Database/Migrations/Migrator.php(253): Illuminate/Database/Migrations/Migrator->write()
#16 D:/bakery-production-system/backend/vendor/laravel/framework/src/Illuminate/Database/Migrations/Migrator.php(211): Illuminate/Database/Migrations/Migrator->runUp()
#17 D:/bakery-production-system/backend/vendor/laravel/framework/src/Illuminate/Database/Migrations/Migrator.php(138): Illuminate/Database/Migrations/Migrator->runPending()
#18 D:/bakery-production-system/backend/vendor/laravel/framework/src/Illuminate/Database/Console/Migrations/MigrateCommand.php(118): Illuminate/Database/Migrations/Migrator->run()
#19 D:/bakery-production-system/backend/vendor/laravel/framework/src/Illuminate/Database/Migrations/Migrator.php(671): Illuminate/Database/Console/Migrations/MigrateCommand->{closure:Illuminate/Database/Console/Migrations/MigrateCommand::runMigrations():111}()
#20 D:/bakery-production-system/backend/vendor/laravel/framework/src/Illuminate/Database/Console/Migrations/MigrateCommand.php(111): Illuminate/Database/Migrations/Migrator->usingConnection()
#21 D:/bakery-production-system/backend/vendor/laravel/framework/src/Illuminate/Database/Console/Migrations/MigrateCommand.php(90): Illuminate/Database/Console/Migrations/MigrateCommand->runMigrations()
#22 D:/bakery-production-system/backend/vendor/laravel/framework/src/Illuminate/Container/BoundMethod.php(36): Illuminate/Database/Console/Migrations/MigrateCommand->handle()
#23 D:/bakery-production-system/backend/vendor/laravel/framework/src/Illuminate/Container/Util.php(43): Illuminate/Container/BoundMethod::{closure:Illuminate/Container/BoundMethod::call():35}()
#24 D:/bakery-production-system/backend/vendor/laravel/framework/src/Illuminate/Container/BoundMethod.php(96): Illuminate/Container/Util::unwrapIfClosure()
#25 D:/bakery-production-system/backend/vendor/laravel/framework/src/Illuminate/Container/BoundMethod.php(35): Illuminate/Container/BoundMethod::callBoundMethod()
#26 D:/bakery-production-system/backend/vendor/laravel/framework/src/Illuminate/Container/Container.php(799): Illuminate/Container/BoundMethod::call()
#27 D:/bakery-production-system/backend/vendor/laravel/framework/src/Illuminate/Console/Command.php(280): Illuminate/Container/Container->call()
#28 D:/bakery-production-system/backend/vendor/symfony/console/Command/Command.php(284): Illuminate/Console/Command->execute()
#29 D:/bakery-production-system/backend/vendor/laravel/framework/src/Illuminate/Console/Command.php(249): Symfony/Component/Console/Command/Command->run()
#30 D:/bakery-production-system/backend/vendor/laravel/framework/src/Illuminate/Console/Concerns/CallsCommands.php(68): Illuminate/Console/Command->run()
#31 D:/bakery-production-system/backend/vendor/laravel/framework/src/Illuminate/Console/Concerns/CallsCommands.php(29): Illuminate/Console/Command->runCommand()
#32 D:/bakery-production-system/backend/vendor/laravel/framework/src/Illuminate/Database/Console/Migrations/FreshCommand.php(88): Illuminate/Console/Command->call()
#33 D:/bakery-production-system/backend/vendor/laravel/framework/src/Illuminate/Container/BoundMethod.php(36): Illuminate/Database/Console/Migrations/FreshCommand->handle()
#34 D:/bakery-production-system/backend/vendor/laravel/framework/src/Illuminate/Container/Util.php(43): Illuminate/Container/BoundMethod::{closure:Illuminate/Container/BoundMethod::call():35}()
#35 D:/bakery-production-system/backend/vendor/laravel/framework/src/Illuminate/Container/BoundMethod.php(96): Illuminate/Container/Util::unwrapIfClosure()
#36 D:/bakery-production-system/backend/vendor/laravel/framework/src/Illuminate/Container/BoundMethod.php(35): Illuminate/Container/BoundMethod::callBoundMethod()
#37 D:/bakery-production-system/backend/vendor/laravel/framework/src/Illuminate/Container/Container.php(799): Illuminate/Container/BoundMethod::call()
#38 D:/bakery-production-system/backend/vendor/laravel/framework/src/Illuminate/Console/Command.php(280): Illuminate/Container/Container->call()
#39 D:/bakery-production-system/backend/vendor/symfony/console/Command/Command.php(284): Illuminate/Console/Command->execute()
#40 D:/bakery-production-system/backend/vendor/laravel/framework/src/Illuminate/Console/Command.php(249): Symfony/Component/Console/Command/Command->run()
#41 D:/bakery-production-system/backend/vendor/symfony/console/Application.php(1144): Illuminate/Console/Command->run()
#42 D:/bakery-production-system/backend/vendor/symfony/console/Application.php(379): Symfony/Component/Console/Application->doRunCommand()
#43 D:/bakery-production-system/backend/vendor/symfony/console/Application.php(218): Symfony/Component/Console/Application->doRun()
#44 D:/bakery-production-system/backend/vendor/laravel/framework/src/Illuminate/Foundation/Console/Kernel.php(198): Symfony/Component/Console/Application->run()
#45 D:/bakery-production-system/backend/vendor/laravel/framework/src/Illuminate/Foundation/Application.php(1235): Illuminate/Foundation/Console/Kernel->handle()
#46 D:/bakery-production-system/backend/artisan(16): Illuminate/Foundation/Application->handleCommand()
#47 {main}
"} 
[2026-06-23 06:24:17] local.ERROR: SQLSTATE[42S01]: Base table or view already exists: 1050 Table 'jobs' already exists (Connection: mysql, Host: 127.0.0.1, Port: 3306, Database: laravel, SQL: create table `jobs` (`id` bigint unsigned not null auto_increment primary key, `queue` varchar(255) not null, `payload` longtext not null, `attempts` smallint unsigned not null, `reserved_at` int unsigned null, `available_at` int unsigned not null, `created_at` int unsigned not null) default character set utf8mb4 collate 'utf8mb4_unicode_ci') {"exception":"[object] (Illuminate\\Database\\QueryException(code: 42S01): SQLSTATE[42S01]: Base table or view already exists: 1050 Table 'jobs' already exists (Connection: mysql, Host: 127.0.0.1, Port: 3306, Database: laravel, SQL: create table `jobs` (`id` bigint unsigned not null auto_increment primary key, `queue` varchar(255) not null, `payload` longtext not null, `attempts` smallint unsigned not null, `reserved_at` int unsigned null, `available_at` int unsigned not null, `created_at` int unsigned not null) default character set utf8mb4 collate 'utf8mb4_unicode_ci') at D:/bakery-production-system/backend/vendor/laravel/framework/src/Illuminate/Database/Connection.php:843)
[stacktrace]
#0 D:/bakery-production-system/backend/vendor/laravel/framework/src/Illuminate/Database/Connection.php(799): Illuminate/Database/Connection->runQueryCallback()
#1 D:/bakery-production-system/backend/vendor/laravel/framework/src/Illuminate/Database/Connection.php(576): Illuminate/Database/Connection->run()
#2 D:/bakery-production-system/backend/vendor/laravel/framework/src/Illuminate/Database/Schema/Blueprint.php(122): Illuminate/Database/Connection->statement()
#3 D:/bakery-production-system/backend/vendor/laravel/framework/src/Illuminate/Database/Schema/Builder.php(708): Illuminate/Database/Schema/Blueprint->build()
#4 D:/bakery-production-system/backend/vendor/laravel/framework/src/Illuminate/Database/Schema/Builder.php(526): Illuminate/Database/Schema/Builder->build()
#5 D:/bakery-production-system/backend/vendor/laravel/framework/src/Illuminate/Support/Facades/Facade.php(363): Illuminate/Database/Schema/Builder->create()
#6 D:/bakery-production-system/backend/database/migrations/0001_01_01_000002_create_jobs_table.php(14): Illuminate/Support/Facades/Facade::__callStatic()
#7 D:/bakery-production-system/backend/vendor/laravel/framework/src/Illuminate/Database/Migrations/Migrator.php(517): Illuminate/Database/Migrations/Migration@anonymous->up()
#8 D:/bakery-production-system/backend/vendor/laravel/framework/src/Illuminate/Database/Migrations/Migrator.php(442): Illuminate/Database/Migrations/Migrator->runMethod()
#9 D:/bakery-production-system/backend/vendor/laravel/framework/src/Illuminate/Database/Migrations/Migrator.php(451): Illuminate/Database/Migrations/Migrator->{closure:Illuminate/Database/Migrations/Migrator::runMigration():438}()
#10 D:/bakery-production-system/backend/vendor/laravel/framework/src/Illuminate/Database/Migrations/Migrator.php(253): Illuminate/Database/Migrations/Migrator->runMigration()
#11 D:/bakery-production-system/backend/vendor/laravel/framework/src/Illuminate/Console/View/Components/Task.php(43): Illuminate/Database/Migrations/Migrator->{closure:Illuminate/Database/Migrations/Migrator::runUp():253}()
#12 D:/bakery-production-system/backend/vendor/laravel/framework/src/Illuminate/Database/Migrations/Migrator.php(814): Illuminate/Console/View/Components/Task->render()
#13 D:/bakery-production-system/backend/vendor/laravel/framework/src/Illuminate/Database/Migrations/Migrator.php(253): Illuminate/Database/Migrations/Migrator->write()
#14 D:/bakery-production-system/backend/vendor/laravel/framework/src/Illuminate/Database/Migrations/Migrator.php(211): Illuminate/Database/Migrations/Migrator->runUp()
#15 D:/bakery-production-system/backend/vendor/laravel/framework/src/Illuminate/Database/Migrations/Migrator.php(138): Illuminate/Database/Migrations/Migrator->runPending()
#16 D:/bakery-production-system/backend/vendor/laravel/framework/src/Illuminate/Database/Console/Migrations/MigrateCommand.php(118): Illuminate/Database/Migrations/Migrator->run()
#17 D:/bakery-production-system/backend/vendor/laravel/framework/src/Illuminate/Database/Migrations/Migrator.php(671): Illuminate/Database/Console/Migrations/MigrateCommand->{closure:Illuminate/Database/Console/Migrations/MigrateCommand::runMigrations():111}()
#18 D:/bakery-production-system/backend/vendor/laravel/framework/src/Illuminate/Database/Console/Migrations/MigrateCommand.php(111): Illuminate/Database/Migrations/Migrator->usingConnection()
#19 D:/bakery-production-system/backend/vendor/laravel/framework/src/Illuminate/Database/Console/Migrations/MigrateCommand.php(90): Illuminate/Database/Console/Migrations/MigrateCommand->runMigrations()
#20 D:/bakery-production-system/backend/vendor/laravel/framework/src/Illuminate/Container/BoundMethod.php(36): Illuminate/Database/Console/Migrations/MigrateCommand->handle()
#21 D:/bakery-production-system/backend/vendor/laravel/framework/src/Illuminate/Container/Util.php(43): Illuminate/Container/BoundMethod::{closure:Illuminate/Container/BoundMethod::call():35}()
#22 D:/bakery-production-system/backend/vendor/laravel/framework/src/Illuminate/Container/BoundMethod.php(96): Illuminate/Container/Util::unwrapIfClosure()
#23 D:/bakery-production-system/backend/vendor/laravel/framework/src/Illuminate/Container/BoundMethod.php(35): Illuminate/Container/BoundMethod::callBoundMethod()
#24 D:/bakery-production-system/backend/vendor/laravel/framework/src/Illuminate/Container/Container.php(799): Illuminate/Container/BoundMethod::call()
#25 D:/bakery-production-system/backend/vendor/laravel/framework/src/Illuminate/Console/Command.php(280): Illuminate/Container/Container->call()
#26 D:/bakery-production-system/backend/vendor/symfony/console/Command/Command.php(284): Illuminate/Console/Command->execute()
#27 D:/bakery-production-system/backend/vendor/laravel/framework/src/Illuminate/Console/Command.php(249): Symfony/Component/Console/Command/Command->run()
#28 D:/bakery-production-system/backend/vendor/symfony/console/Application.php(1144): Illuminate/Console/Command->run()
#29 D:/bakery-production-system/backend/vendor/symfony/console/Application.php(379): Symfony/Component/Console/Application->doRunCommand()
#30 D:/bakery-production-system/backend/vendor/symfony/console/Application.php(218): Symfony/Component/Console/Application->doRun()
#31 D:/bakery-production-system/backend/vendor/laravel/framework/src/Illuminate/Foundation/Console/Kernel.php(198): Symfony/Component/Console/Application->run()
#32 D:/bakery-production-system/backend/vendor/laravel/framework/src/Illuminate/Foundation/Application.php(1235): Illuminate/Foundation/Console/Kernel->handle()
#33 D:/bakery-production-system/backend/artisan(16): Illuminate/Foundation/Application->handleCommand()
#34 {main}

[previous exception] [object] (PDOException(code: 42S01): SQLSTATE[42S01]: Base table or view already exists: 1050 Table 'jobs' already exists at D:/bakery-production-system/backend/vendor/laravel/framework/src/Illuminate/Database/Connection.php:587)
[stacktrace]
#0 D:/bakery-production-system/backend/vendor/laravel/framework/src/Illuminate/Database/Connection.php(587): PDOStatement->execute()
#1 D:/bakery-production-system/backend/vendor/laravel/framework/src/Illuminate/Database/Connection.php(832): Illuminate/Database/Connection->{closure:Illuminate/Database/Connection::statement():576}()
#2 D:/bakery-production-system/backend/vendor/laravel/framework/src/Illuminate/Database/Connection.php(799): Illuminate/Database/Connection->runQueryCallback()
#3 D:/bakery-production-system/backend/vendor/laravel/framework/src/Illuminate/Database/Connection.php(576): Illuminate/Database/Connection->run()
#4 D:/bakery-production-system/backend/vendor/laravel/framework/src/Illuminate/Database/Schema/Blueprint.php(122): Illuminate/Database/Connection->statement()
#5 D:/bakery-production-system/backend/vendor/laravel/framework/src/Illuminate/Database/Schema/Builder.php(708): Illuminate/Database/Schema/Blueprint->build()
#6 D:/bakery-production-system/backend/vendor/laravel/framework/src/Illuminate/Database/Schema/Builder.php(526): Illuminate/Database/Schema/Builder->build()
#7 D:/bakery-production-system/backend/vendor/laravel/framework/src/Illuminate/Support/Facades/Facade.php(363): Illuminate/Database/Schema/Builder->create()
#8 D:/bakery-production-system/backend/database/migrations/0001_01_01_000002_create_jobs_table.php(14): Illuminate/Support/Facades/Facade::__callStatic()
#9 D:/bakery-production-system/backend/vendor/laravel/framework/src/Illuminate/Database/Migrations/Migrator.php(517): Illuminate/Database/Migrations/Migration@anonymous->up()
#10 D:/bakery-production-system/backend/vendor/laravel/framework/src/Illuminate/Database/Migrations/Migrator.php(442): Illuminate/Database/Migrations/Migrator->runMethod()
#11 D:/bakery-production-system/backend/vendor/laravel/framework/src/Illuminate/Database/Migrations/Migrator.php(451): Illuminate/Database/Migrations/Migrator->{closure:Illuminate/Database/Migrations/Migrator::runMigration():438}()
#12 D:/bakery-production-system/backend/vendor/laravel/framework/src/Illuminate/Database/Migrations/Migrator.php(253): Illuminate/Database/Migrations/Migrator->runMigration()
#13 D:/bakery-production-system/backend/vendor/laravel/framework/src/Illuminate/Console/View/Components/Task.php(43): Illuminate/Database/Migrations/Migrator->{closure:Illuminate/Database/Migrations/Migrator::runUp():253}()
#14 D:/bakery-production-system/backend/vendor/laravel/framework/src/Illuminate/Database/Migrations/Migrator.php(814): Illuminate/Console/View/Components/Task->render()
#15 D:/bakery-production-system/backend/vendor/laravel/framework/src/Illuminate/Database/Migrations/Migrator.php(253): Illuminate/Database/Migrations/Migrator->write()
#16 D:/bakery-production-system/backend/vendor/laravel/framework/src/Illuminate/Database/Migrations/Migrator.php(211): Illuminate/Database/Migrations/Migrator->runUp()
#17 D:/bakery-production-system/backend/vendor/laravel/framework/src/Illuminate/Database/Migrations/Migrator.php(138): Illuminate/Database/Migrations/Migrator->runPending()
#18 D:/bakery-production-system/backend/vendor/laravel/framework/src/Illuminate/Database/Console/Migrations/MigrateCommand.php(118): Illuminate/Database/Migrations/Migrator->run()
#19 D:/bakery-production-system/backend/vendor/laravel/framework/src/Illuminate/Database/Migrations/Migrator.php(671): Illuminate/Database/Console/Migrations/MigrateCommand->{closure:Illuminate/Database/Console/Migrations/MigrateCommand::runMigrations():111}()
#20 D:/bakery-production-system/backend/vendor/laravel/framework/src/Illuminate/Database/Console/Migrations/MigrateCommand.php(111): Illuminate/Database/Migrations/Migrator->usingConnection()
#21 D:/bakery-production-system/backend/vendor/laravel/framework/src/Illuminate/Database/Console/Migrations/MigrateCommand.php(90): Illuminate/Database/Console/Migrations/MigrateCommand->runMigrations()
#22 D:/bakery-production-system/backend/vendor/laravel/framework/src/Illuminate/Container/BoundMethod.php(36): Illuminate/Database/Console/Migrations/MigrateCommand->handle()
#23 D:/bakery-production-system/backend/vendor/laravel/framework/src/Illuminate/Container/Util.php(43): Illuminate/Container/BoundMethod::{closure:Illuminate/Container/BoundMethod::call():35}()
#24 D:/bakery-production-system/backend/vendor/laravel/framework/src/Illuminate/Container/BoundMethod.php(96): Illuminate/Container/Util::unwrapIfClosure()
#25 D:/bakery-production-system/backend/vendor/laravel/framework/src/Illuminate/Container/BoundMethod.php(35): Illuminate/Container/BoundMethod::callBoundMethod()
#26 D:/bakery-production-system/backend/vendor/laravel/framework/src/Illuminate/Container/Container.php(799): Illuminate/Container/BoundMethod::call()
#27 D:/bakery-production-system/backend/vendor/laravel/framework/src/Illuminate/Console/Command.php(280): Illuminate/Container/Container->call()
#28 D:/bakery-production-system/backend/vendor/symfony/console/Command/Command.php(284): Illuminate/Console/Command->execute()
#29 D:/bakery-production-system/backend/vendor/laravel/framework/src/Illuminate/Console/Command.php(249): Symfony/Component/Console/Command/Command->run()
#30 D:/bakery-production-system/backend/vendor/symfony/console/Application.php(1144): Illuminate/Console/Command->run()
#31 D:/bakery-production-system/backend/vendor/symfony/console/Application.php(379): Symfony/Component/Console/Application->doRunCommand()
#32 D:/bakery-production-system/backend/vendor/symfony/console/Application.php(218): Symfony/Component/Console/Application->doRun()
#33 D:/bakery-production-system/backend/vendor/laravel/framework/src/Illuminate/Foundation/Console/Kernel.php(198): Symfony/Component/Console/Application->run()
#34 D:/bakery-production-system/backend/vendor/laravel/framework/src/Illuminate/Foundation/Application.php(1235): Illuminate/Foundation/Console/Kernel->handle()
#35 D:/bakery-production-system/backend/artisan(16): Illuminate/Foundation/Application->handleCommand()
#36 {main}
"} 
[2026-06-23 06:28:02] local.ERROR: SQLSTATE[42S01]: Base table or view already exists: 1050 Table 'jobs' already exists (Connection: mysql, Host: 127.0.0.1, Port: 3306, Database: laravel, SQL: create table `jobs` (`id` bigint unsigned not null auto_increment primary key, `queue` varchar(255) not null, `payload` longtext not null, `attempts` smallint unsigned not null, `reserved_at` int unsigned null, `available_at` int unsigned not null, `created_at` int unsigned not null) default character set utf8mb4 collate 'utf8mb4_unicode_ci') {"exception":"[object] (Illuminate\\Database\\QueryException(code: 42S01): SQLSTATE[42S01]: Base table or view already exists: 1050 Table 'jobs' already exists (Connection: mysql, Host: 127.0.0.1, Port: 3306, Database: laravel, SQL: create table `jobs` (`id` bigint unsigned not null auto_increment primary key, `queue` varchar(255) not null, `payload` longtext not null, `attempts` smallint unsigned not null, `reserved_at` int unsigned null, `available_at` int unsigned not null, `created_at` int unsigned not null) default character set utf8mb4 collate 'utf8mb4_unicode_ci') at D:/bakery-production-system/backend/vendor/laravel/framework/src/Illuminate/Database/Connection.php:843)
[stacktrace]
#0 D:/bakery-production-system/backend/vendor/laravel/framework/src/Illuminate/Database/Connection.php(799): Illuminate/Database/Connection->runQueryCallback()
#1 D:/bakery-production-system/backend/vendor/laravel/framework/src/Illuminate/Database/Connection.php(576): Illuminate/Database/Connection->run()
#2 D:/bakery-production-system/backend/vendor/laravel/framework/src/Illuminate/Database/Schema/Blueprint.php(122): Illuminate/Database/Connection->statement()
#3 D:/bakery-production-system/backend/vendor/laravel/framework/src/Illuminate/Database/Schema/Builder.php(708): Illuminate/Database/Schema/Blueprint->build()
#4 D:/bakery-production-system/backend/vendor/laravel/framework/src/Illuminate/Database/Schema/Builder.php(526): Illuminate/Database/Schema/Builder->build()
#5 D:/bakery-production-system/backend/vendor/laravel/framework/src/Illuminate/Support/Facades/Facade.php(363): Illuminate/Database/Schema/Builder->create()
#6 D:/bakery-production-system/backend/database/migrations/0001_01_01_000002_create_jobs_table.php(14): Illuminate/Support/Facades/Facade::__callStatic()
#7 D:/bakery-production-system/backend/vendor/laravel/framework/src/Illuminate/Database/Migrations/Migrator.php(517): Illuminate/Database/Migrations/Migration@anonymous->up()
#8 D:/bakery-production-system/backend/vendor/laravel/framework/src/Illuminate/Database/Migrations/Migrator.php(442): Illuminate/Database/Migrations/Migrator->runMethod()
#9 D:/bakery-production-system/backend/vendor/laravel/framework/src/Illuminate/Database/Migrations/Migrator.php(451): Illuminate/Database/Migrations/Migrator->{closure:Illuminate/Database/Migrations/Migrator::runMigration():438}()
#10 D:/bakery-production-system/backend/vendor/laravel/framework/src/Illuminate/Database/Migrations/Migrator.php(253): Illuminate/Database/Migrations/Migrator->runMigration()
#11 D:/bakery-production-system/backend/vendor/laravel/framework/src/Illuminate/Console/View/Components/Task.php(43): Illuminate/Database/Migrations/Migrator->{closure:Illuminate/Database/Migrations/Migrator::runUp():253}()
#12 D:/bakery-production-system/backend/vendor/laravel/framework/src/Illuminate/Database/Migrations/Migrator.php(814): Illuminate/Console/View/Components/Task->render()
#13 D:/bakery-production-system/backend/vendor/laravel/framework/src/Illuminate/Database/Migrations/Migrator.php(253): Illuminate/Database/Migrations/Migrator->write()
#14 D:/bakery-production-system/backend/vendor/laravel/framework/src/Illuminate/Database/Migrations/Migrator.php(211): Illuminate/Database/Migrations/Migrator->runUp()
#15 D:/bakery-production-system/backend/vendor/laravel/framework/src/Illuminate/Database/Migrations/Migrator.php(138): Illuminate/Database/Migrations/Migrator->runPending()
#16 D:/bakery-production-system/backend/vendor/laravel/framework/src/Illuminate/Database/Console/Migrations/MigrateCommand.php(118): Illuminate/Database/Migrations/Migrator->run()
#17 D:/bakery-production-system/backend/vendor/laravel/framework/src/Illuminate/Database/Migrations/Migrator.php(671): Illuminate/Database/Console/Migrations/MigrateCommand->{closure:Illuminate/Database/Console/Migrations/MigrateCommand::runMigrations():111}()
#18 D:/bakery-production-system/backend/vendor/laravel/framework/src/Illuminate/Database/Console/Migrations/MigrateCommand.php(111): Illuminate/Database/Migrations/Migrator->usingConnection()
#19 D:/bakery-production-system/backend/vendor/laravel/framework/src/Illuminate/Database/Console/Migrations/MigrateCommand.php(90): Illuminate/Database/Console/Migrations/MigrateCommand->runMigrations()
#20 D:/bakery-production-system/backend/vendor/laravel/framework/src/Illuminate/Container/BoundMethod.php(36): Illuminate/Database/Console/Migrations/MigrateCommand->handle()
#21 D:/bakery-production-system/backend/vendor/laravel/framework/src/Illuminate/Container/Util.php(43): Illuminate/Container/BoundMethod::{closure:Illuminate/Container/BoundMethod::call():35}()
#22 D:/bakery-production-system/backend/vendor/laravel/framework/src/Illuminate/Container/BoundMethod.php(96): Illuminate/Container/Util::unwrapIfClosure()
#23 D:/bakery-production-system/backend/vendor/laravel/framework/src/Illuminate/Container/BoundMethod.php(35): Illuminate/Container/BoundMethod::callBoundMethod()
#24 D:/bakery-production-system/backend/vendor/laravel/framework/src/Illuminate/Container/Container.php(799): Illuminate/Container/BoundMethod::call()
#25 D:/bakery-production-system/backend/vendor/laravel/framework/src/Illuminate/Console/Command.php(280): Illuminate/Container/Container->call()
#26 D:/bakery-production-system/backend/vendor/symfony/console/Command/Command.php(284): Illuminate/Console/Command->execute()
#27 D:/bakery-production-system/backend/vendor/laravel/framework/src/Illuminate/Console/Command.php(249): Symfony/Component/Console/Command/Command->run()
#28 D:/bakery-production-system/backend/vendor/laravel/framework/src/Illuminate/Console/Concerns/CallsCommands.php(68): Illuminate/Console/Command->run()
#29 D:/bakery-production-system/backend/vendor/laravel/framework/src/Illuminate/Console/Concerns/CallsCommands.php(29): Illuminate/Console/Command->runCommand()
#30 D:/bakery-production-system/backend/vendor/laravel/framework/src/Illuminate/Database/Console/Migrations/FreshCommand.php(88): Illuminate/Console/Command->call()
#31 D:/bakery-production-system/backend/vendor/laravel/framework/src/Illuminate/Container/BoundMethod.php(36): Illuminate/Database/Console/Migrations/FreshCommand->handle()
#32 D:/bakery-production-system/backend/vendor/laravel/framework/src/Illuminate/Container/Util.php(43): Illuminate/Container/BoundMethod::{closure:Illuminate/Container/BoundMethod::call():35}()
#33 D:/bakery-production-system/backend/vendor/laravel/framework/src/Illuminate/Container/BoundMethod.php(96): Illuminate/Container/Util::unwrapIfClosure()
#34 D:/bakery-production-system/backend/vendor/laravel/framework/src/Illuminate/Container/BoundMethod.php(35): Illuminate/Container/BoundMethod::callBoundMethod()
#35 D:/bakery-production-system/backend/vendor/laravel/framework/src/Illuminate/Container/Container.php(799): Illuminate/Container/BoundMethod::call()
#36 D:/bakery-production-system/backend/vendor/laravel/framework/src/Illuminate/Console/Command.php(280): Illuminate/Container/Container->call()
#37 D:/bakery-production-system/backend/vendor/symfony/console/Command/Command.php(284): Illuminate/Console/Command->execute()
#38 D:/bakery-production-system/backend/vendor/laravel/framework/src/Illuminate/Console/Command.php(249): Symfony/Component/Console/Command/Command->run()
#39 D:/bakery-production-system/backend/vendor/symfony/console/Application.php(1144): Illuminate/Console/Command->run()
#40 D:/bakery-production-system/backend/vendor/symfony/console/Application.php(379): Symfony/Component/Console/Application->doRunCommand()
#41 D:/bakery-production-system/backend/vendor/symfony/console/Application.php(218): Symfony/Component/Console/Application->doRun()
#42 D:/bakery-production-system/backend/vendor/laravel/framework/src/Illuminate/Foundation/Console/Kernel.php(198): Symfony/Component/Console/Application->run()
#43 D:/bakery-production-system/backend/vendor/laravel/framework/src/Illuminate/Foundation/Application.php(1235): Illuminate/Foundation/Console/Kernel->handle()
#44 D:/bakery-production-system/backend/artisan(16): Illuminate/Foundation/Application->handleCommand()
#45 {main}

[previous exception] [object] (PDOException(code: 42S01): SQLSTATE[42S01]: Base table or view already exists: 1050 Table 'jobs' already exists at D:/bakery-production-system/backend/vendor/laravel/framework/src/Illuminate/Database/Connection.php:587)
[stacktrace]
#0 D:/bakery-production-system/backend/vendor/laravel/framework/src/Illuminate/Database/Connection.php(587): PDOStatement->execute()
#1 D:/bakery-production-system/backend/vendor/laravel/framework/src/Illuminate/Database/Connection.php(832): Illuminate/Database/Connection->{closure:Illuminate/Database/Connection::statement():576}()
#2 D:/bakery-production-system/backend/vendor/laravel/framework/src/Illuminate/Database/Connection.php(799): Illuminate/Database/Connection->runQueryCallback()
#3 D:/bakery-production-system/backend/vendor/laravel/framework/src/Illuminate/Database/Connection.php(576): Illuminate/Database/Connection->run()
#4 D:/bakery-production-system/backend/vendor/laravel/framework/src/Illuminate/Database/Schema/Blueprint.php(122): Illuminate/Database/Connection->statement()
#5 D:/bakery-production-system/backend/vendor/laravel/framework/src/Illuminate/Database/Schema/Builder.php(708): Illuminate/Database/Schema/Blueprint->build()
#6 D:/bakery-production-system/backend/vendor/laravel/framework/src/Illuminate/Database/Schema/Builder.php(526): Illuminate/Database/Schema/Builder->build()
#7 D:/bakery-production-system/backend/vendor/laravel/framework/src/Illuminate/Support/Facades/Facade.php(363): Illuminate/Database/Schema/Builder->create()
#8 D:/bakery-production-system/backend/database/migrations/0001_01_01_000002_create_jobs_table.php(14): Illuminate/Support/Facades/Facade::__callStatic()
#9 D:/bakery-production-system/backend/vendor/laravel/framework/src/Illuminate/Database/Migrations/Migrator.php(517): Illuminate/Database/Migrations/Migration@anonymous->up()
#10 D:/bakery-production-system/backend/vendor/laravel/framework/src/Illuminate/Database/Migrations/Migrator.php(442): Illuminate/Database/Migrations/Migrator->runMethod()
#11 D:/bakery-production-system/backend/vendor/laravel/framework/src/Illuminate/Database/Migrations/Migrator.php(451): Illuminate/Database/Migrations/Migrator->{closure:Illuminate/Database/Migrations/Migrator::runMigration():438}()
#12 D:/bakery-production-system/backend/vendor/laravel/framework/src/Illuminate/Database/Migrations/Migrator.php(253): Illuminate/Database/Migrations/Migrator->runMigration()
#13 D:/bakery-production-system/backend/vendor/laravel/framework/src/Illuminate/Console/View/Components/Task.php(43): Illuminate/Database/Migrations/Migrator->{closure:Illuminate/Database/Migrations/Migrator::runUp():253}()
#14 D:/bakery-production-system/backend/vendor/laravel/framework/src/Illuminate/Database/Migrations/Migrator.php(814): Illuminate/Console/View/Components/Task->render()
#15 D:/bakery-production-system/backend/vendor/laravel/framework/src/Illuminate/Database/Migrations/Migrator.php(253): Illuminate/Database/Migrations/Migrator->write()
#16 D:/bakery-production-system/backend/vendor/laravel/framework/src/Illuminate/Database/Migrations/Migrator.php(211): Illuminate/Database/Migrations/Migrator->runUp()
#17 D:/bakery-production-system/backend/vendor/laravel/framework/src/Illuminate/Database/Migrations/Migrator.php(138): Illuminate/Database/Migrations/Migrator->runPending()
#18 D:/bakery-production-system/backend/vendor/laravel/framework/src/Illuminate/Database/Console/Migrations/MigrateCommand.php(118): Illuminate/Database/Migrations/Migrator->run()
#19 D:/bakery-production-system/backend/vendor/laravel/framework/src/Illuminate/Database/Migrations/Migrator.php(671): Illuminate/Database/Console/Migrations/MigrateCommand->{closure:Illuminate/Database/Console/Migrations/MigrateCommand::runMigrations():111}()
#20 D:/bakery-production-system/backend/vendor/laravel/framework/src/Illuminate/Database/Console/Migrations/MigrateCommand.php(111): Illuminate/Database/Migrations/Migrator->usingConnection()
#21 D:/bakery-production-system/backend/vendor/laravel/framework/src/Illuminate/Database/Console/Migrations/MigrateCommand.php(90): Illuminate/Database/Console/Migrations/MigrateCommand->runMigrations()
#22 D:/bakery-production-system/backend/vendor/laravel/framework/src/Illuminate/Container/BoundMethod.php(36): Illuminate/Database/Console/Migrations/MigrateCommand->handle()
#23 D:/bakery-production-system/backend/vendor/laravel/framework/src/Illuminate/Container/Util.php(43): Illuminate/Container/BoundMethod::{closure:Illuminate/Container/BoundMethod::call():35}()
#24 D:/bakery-production-system/backend/vendor/laravel/framework/src/Illuminate/Container/BoundMethod.php(96): Illuminate/Container/Util::unwrapIfClosure()
#25 D:/bakery-production-system/backend/vendor/laravel/framework/src/Illuminate/Container/BoundMethod.php(35): Illuminate/Container/BoundMethod::callBoundMethod()
#26 D:/bakery-production-system/backend/vendor/laravel/framework/src/Illuminate/Container/Container.php(799): Illuminate/Container/BoundMethod::call()
#27 D:/bakery-production-system/backend/vendor/laravel/framework/src/Illuminate/Console/Command.php(280): Illuminate/Container/Container->call()
#28 D:/bakery-production-system/backend/vendor/symfony/console/Command/Command.php(284): Illuminate/Console/Command->execute()
#29 D:/bakery-production-system/backend/vendor/laravel/framework/src/Illuminate/Console/Command.php(249): Symfony/Component/Console/Command/Command->run()
#30 D:/bakery-production-system/backend/vendor/laravel/framework/src/Illuminate/Console/Concerns/CallsCommands.php(68): Illuminate/Console/Command->run()
#31 D:/bakery-production-system/backend/vendor/laravel/framework/src/Illuminate/Console/Concerns/CallsCommands.php(29): Illuminate/Console/Command->runCommand()
#32 D:/bakery-production-system/backend/vendor/laravel/framework/src/Illuminate/Database/Console/Migrations/FreshCommand.php(88): Illuminate/Console/Command->call()
#33 D:/bakery-production-system/backend/vendor/laravel/framework/src/Illuminate/Container/BoundMethod.php(36): Illuminate/Database/Console/Migrations/FreshCommand->handle()
#34 D:/bakery-production-system/backend/vendor/laravel/framework/src/Illuminate/Container/Util.php(43): Illuminate/Container/BoundMethod::{closure:Illuminate/Container/BoundMethod::call():35}()
#35 D:/bakery-production-system/backend/vendor/laravel/framework/src/Illuminate/Container/BoundMethod.php(96): Illuminate/Container/Util::unwrapIfClosure()
#36 D:/bakery-production-system/backend/vendor/laravel/framework/src/Illuminate/Container/BoundMethod.php(35): Illuminate/Container/BoundMethod::callBoundMethod()
#37 D:/bakery-production-system/backend/vendor/laravel/framework/src/Illuminate/Container/Container.php(799): Illuminate/Container/BoundMethod::call()
#38 D:/bakery-production-system/backend/vendor/laravel/framework/src/Illuminate/Console/Command.php(280): Illuminate/Container/Container->call()
#39 D:/bakery-production-system/backend/vendor/symfony/console/Command/Command.php(284): Illuminate/Console/Command->execute()
#40 D:/bakery-production-system/backend/vendor/laravel/framework/src/Illuminate/Console/Command.php(249): Symfony/Component/Console/Command/Command->run()
#41 D:/bakery-production-system/backend/vendor/symfony/console/Application.php(1144): Illuminate/Console/Command->run()
#42 D:/bakery-production-system/backend/vendor/symfony/console/Application.php(379): Symfony/Component/Console/Application->doRunCommand()
#43 D:/bakery-production-system/backend/vendor/symfony/console/Application.php(218): Symfony/Component/Console/Application->doRun()
#44 D:/bakery-production-system/backend/vendor/laravel/framework/src/Illuminate/Foundation/Console/Kernel.php(198): Symfony/Component/Console/Application->run()
#45 D:/bakery-production-system/backend/vendor/laravel/framework/src/Illuminate/Foundation/Application.php(1235): Illuminate/Foundation/Console/Kernel->handle()
#46 D:/bakery-production-system/backend/artisan(16): Illuminate/Foundation/Application->handleCommand()
#47 {main}
"} 
[2026-06-23 06:40:28] local.ERROR: TTY mode is not supported on Windows platform. {"exception":"[object] (Symfony\\Component\\Process\\Exception\\RuntimeException(code: 0): TTY mode is not supported on Windows platform. at D:/bakery-production-system/backend/vendor/symfony/process/Process.php:1086)
[stacktrace]
#0 D:/bakery-production-system/backend/vendor/laravel/framework/src/Illuminate/Database/Console/DbCommand.php(53): Symfony/Component/Process/Process->setTty()
#1 D:/bakery-production-system/backend/vendor/laravel/framework/src/Illuminate/Container/BoundMethod.php(36): Illuminate/Database/Console/DbCommand->handle()
#2 D:/bakery-production-system/backend/vendor/laravel/framework/src/Illuminate/Container/Util.php(43): Illuminate/Container/BoundMethod::{closure:Illuminate/Container/BoundMethod::call():35}()
#3 D:/bakery-production-system/backend/vendor/laravel/framework/src/Illuminate/Container/BoundMethod.php(96): Illuminate/Container/Util::unwrapIfClosure()
#4 D:/bakery-production-system/backend/vendor/laravel/framework/src/Illuminate/Container/BoundMethod.php(35): Illuminate/Container/BoundMethod::callBoundMethod()
#5 D:/bakery-production-system/backend/vendor/laravel/framework/src/Illuminate/Container/Container.php(799): Illuminate/Container/BoundMethod::call()
#6 D:/bakery-production-system/backend/vendor/laravel/framework/src/Illuminate/Console/Command.php(280): Illuminate/Container/Container->call()
#7 D:/bakery-production-system/backend/vendor/symfony/console/Command/Command.php(284): Illuminate/Console/Command->execute()
#8 D:/bakery-production-system/backend/vendor/laravel/framework/src/Illuminate/Console/Command.php(249): Symfony/Component/Console/Command/Command->run()
#9 D:/bakery-production-system/backend/vendor/symfony/console/Application.php(1144): Illuminate/Console/Command->run()
#10 D:/bakery-production-system/backend/vendor/symfony/console/Application.php(379): Symfony/Component/Console/Application->doRunCommand()
#11 D:/bakery-production-system/backend/vendor/symfony/console/Application.php(218): Symfony/Component/Console/Application->doRun()
#12 D:/bakery-production-system/backend/vendor/laravel/framework/src/Illuminate/Foundation/Console/Kernel.php(198): Symfony/Component/Console/Application->run()
#13 D:/bakery-production-system/backend/vendor/laravel/framework/src/Illuminate/Foundation/Application.php(1235): Illuminate/Foundation/Console/Kernel->handle()
#14 D:/bakery-production-system/backend/artisan(16): Illuminate/Foundation/Application->handleCommand()
#15 {main}
"} 
[2026-06-23 06:53:42] local.ERROR: SQLSTATE[42S01]: Base table or view already exists: 1050 Table 'jobs' already exists (Connection: mysql, Host: 127.0.0.1, Port: 3306, Database: laravel, SQL: create table `jobs` (`id` bigint unsigned not null auto_increment primary key, `queue` varchar(255) not null, `payload` longtext not null, `attempts` smallint unsigned not null, `reserved_at` int unsigned null, `available_at` int unsigned not null, `created_at` int unsigned not null) default character set utf8mb4 collate 'utf8mb4_unicode_ci') {"exception":"[object] (Illuminate\\Database\\QueryException(code: 42S01): SQLSTATE[42S01]: Base table or view already exists: 1050 Table 'jobs' already exists (Connection: mysql, Host: 127.0.0.1, Port: 3306, Database: laravel, SQL: create table `jobs` (`id` bigint unsigned not null auto_increment primary key, `queue` varchar(255) not null, `payload` longtext not null, `attempts` smallint unsigned not null, `reserved_at` int unsigned null, `available_at` int unsigned not null, `created_at` int unsigned not null) default character set utf8mb4 collate 'utf8mb4_unicode_ci') at D:/bakery-production-system/backend/vendor/laravel/framework/src/Illuminate/Database/Connection.php:843)
[stacktrace]
#0 D:/bakery-production-system/backend/vendor/laravel/framework/src/Illuminate/Database/Connection.php(799): Illuminate/Database/Connection->runQueryCallback()
#1 D:/bakery-production-system/backend/vendor/laravel/framework/src/Illuminate/Database/Connection.php(576): Illuminate/Database/Connection->run()
#2 D:/bakery-production-system/backend/vendor/laravel/framework/src/Illuminate/Database/Schema/Blueprint.php(122): Illuminate/Database/Connection->statement()
#3 D:/bakery-production-system/backend/vendor/laravel/framework/src/Illuminate/Database/Schema/Builder.php(708): Illuminate/Database/Schema/Blueprint->build()
#4 D:/bakery-production-system/backend/vendor/laravel/framework/src/Illuminate/Database/Schema/Builder.php(526): Illuminate/Database/Schema/Builder->build()
#5 D:/bakery-production-system/backend/vendor/laravel/framework/src/Illuminate/Support/Facades/Facade.php(363): Illuminate/Database/Schema/Builder->create()
#6 D:/bakery-production-system/backend/database/migrations/0001_01_01_000002_create_jobs_table.php(14): Illuminate/Support/Facades/Facade::__callStatic()
#7 D:/bakery-production-system/backend/vendor/laravel/framework/src/Illuminate/Database/Migrations/Migrator.php(517): Illuminate/Database/Migrations/Migration@anonymous->up()
#8 D:/bakery-production-system/backend/vendor/laravel/framework/src/Illuminate/Database/Migrations/Migrator.php(442): Illuminate/Database/Migrations/Migrator->runMethod()
#9 D:/bakery-production-system/backend/vendor/laravel/framework/src/Illuminate/Database/Migrations/Migrator.php(451): Illuminate/Database/Migrations/Migrator->{closure:Illuminate/Database/Migrations/Migrator::runMigration():438}()
#10 D:/bakery-production-system/backend/vendor/laravel/framework/src/Illuminate/Database/Migrations/Migrator.php(253): Illuminate/Database/Migrations/Migrator->runMigration()
#11 D:/bakery-production-system/backend/vendor/laravel/framework/src/Illuminate/Console/View/Components/Task.php(43): Illuminate/Database/Migrations/Migrator->{closure:Illuminate/Database/Migrations/Migrator::runUp():253}()
#12 D:/bakery-production-system/backend/vendor/laravel/framework/src/Illuminate/Database/Migrations/Migrator.php(814): Illuminate/Console/View/Components/Task->render()
#13 D:/bakery-production-system/backend/vendor/laravel/framework/src/Illuminate/Database/Migrations/Migrator.php(253): Illuminate/Database/Migrations/Migrator->write()
#14 D:/bakery-production-system/backend/vendor/laravel/framework/src/Illuminate/Database/Migrations/Migrator.php(211): Illuminate/Database/Migrations/Migrator->runUp()
#15 D:/bakery-production-system/backend/vendor/laravel/framework/src/Illuminate/Database/Migrations/Migrator.php(138): Illuminate/Database/Migrations/Migrator->runPending()
#16 D:/bakery-production-system/backend/vendor/laravel/framework/src/Illuminate/Database/Console/Migrations/MigrateCommand.php(118): Illuminate/Database/Migrations/Migrator->run()
#17 D:/bakery-production-system/backend/vendor/laravel/framework/src/Illuminate/Database/Migrations/Migrator.php(671): Illuminate/Database/Console/Migrations/MigrateCommand->{closure:Illuminate/Database/Console/Migrations/MigrateCommand::runMigrations():111}()
#18 D:/bakery-production-system/backend/vendor/laravel/framework/src/Illuminate/Database/Console/Migrations/MigrateCommand.php(111): Illuminate/Database/Migrations/Migrator->usingConnection()
#19 D:/bakery-production-system/backend/vendor/laravel/framework/src/Illuminate/Database/Console/Migrations/MigrateCommand.php(90): Illuminate/Database/Console/Migrations/MigrateCommand->runMigrations()
#20 D:/bakery-production-system/backend/vendor/laravel/framework/src/Illuminate/Container/BoundMethod.php(36): Illuminate/Database/Console/Migrations/MigrateCommand->handle()
#21 D:/bakery-production-system/backend/vendor/laravel/framework/src/Illuminate/Container/Util.php(43): Illuminate/Container/BoundMethod::{closure:Illuminate/Container/BoundMethod::call():35}()
#22 D:/bakery-production-system/backend/vendor/laravel/framework/src/Illuminate/Container/BoundMethod.php(96): Illuminate/Container/Util::unwrapIfClosure()
#23 D:/bakery-production-system/backend/vendor/laravel/framework/src/Illuminate/Container/BoundMethod.php(35): Illuminate/Container/BoundMethod::callBoundMethod()
#24 D:/bakery-production-system/backend/vendor/laravel/framework/src/Illuminate/Container/Container.php(799): Illuminate/Container/BoundMethod::call()
#25 D:/bakery-production-system/backend/vendor/laravel/framework/src/Illuminate/Console/Command.php(280): Illuminate/Container/Container->call()
#26 D:/bakery-production-system/backend/vendor/symfony/console/Command/Command.php(284): Illuminate/Console/Command->execute()
#27 D:/bakery-production-system/backend/vendor/laravel/framework/src/Illuminate/Console/Command.php(249): Symfony/Component/Console/Command/Command->run()
#28 D:/bakery-production-system/backend/vendor/symfony/console/Application.php(1144): Illuminate/Console/Command->run()
#29 D:/bakery-production-system/backend/vendor/symfony/console/Application.php(379): Symfony/Component/Console/Application->doRunCommand()
#30 D:/bakery-production-system/backend/vendor/symfony/console/Application.php(218): Symfony/Component/Console/Application->doRun()
#31 D:/bakery-production-system/backend/vendor/laravel/framework/src/Illuminate/Foundation/Console/Kernel.php(198): Symfony/Component/Console/Application->run()
#32 D:/bakery-production-system/backend/vendor/laravel/framework/src/Illuminate/Foundation/Application.php(1235): Illuminate/Foundation/Console/Kernel->handle()
#33 D:/bakery-production-system/backend/artisan(16): Illuminate/Foundation/Application->handleCommand()
#34 {main}

[previous exception] [object] (PDOException(code: 42S01): SQLSTATE[42S01]: Base table or view already exists: 1050 Table 'jobs' already exists at D:/bakery-production-system/backend/vendor/laravel/framework/src/Illuminate/Database/Connection.php:587)
[stacktrace]
#0 D:/bakery-production-system/backend/vendor/laravel/framework/src/Illuminate/Database/Connection.php(587): PDOStatement->execute()
#1 D:/bakery-production-system/backend/vendor/laravel/framework/src/Illuminate/Database/Connection.php(832): Illuminate/Database/Connection->{closure:Illuminate/Database/Connection::statement():576}()
#2 D:/bakery-production-system/backend/vendor/laravel/framework/src/Illuminate/Database/Connection.php(799): Illuminate/Database/Connection->runQueryCallback()
#3 D:/bakery-production-system/backend/vendor/laravel/framework/src/Illuminate/Database/Connection.php(576): Illuminate/Database/Connection->run()
#4 D:/bakery-production-system/backend/vendor/laravel/framework/src/Illuminate/Database/Schema/Blueprint.php(122): Illuminate/Database/Connection->statement()
#5 D:/bakery-production-system/backend/vendor/laravel/framework/src/Illuminate/Database/Schema/Builder.php(708): Illuminate/Database/Schema/Blueprint->build()
#6 D:/bakery-production-system/backend/vendor/laravel/framework/src/Illuminate/Database/Schema/Builder.php(526): Illuminate/Database/Schema/Builder->build()
#7 D:/bakery-production-system/backend/vendor/laravel/framework/src/Illuminate/Support/Facades/Facade.php(363): Illuminate/Database/Schema/Builder->create()
#8 D:/bakery-production-system/backend/database/migrations/0001_01_01_000002_create_jobs_table.php(14): Illuminate/Support/Facades/Facade::__callStatic()
#9 D:/bakery-production-system/backend/vendor/laravel/framework/src/Illuminate/Database/Migrations/Migrator.php(517): Illuminate/Database/Migrations/Migration@anonymous->up()
#10 D:/bakery-production-system/backend/vendor/laravel/framework/src/Illuminate/Database/Migrations/Migrator.php(442): Illuminate/Database/Migrations/Migrator->runMethod()
#11 D:/bakery-production-system/backend/vendor/laravel/framework/src/Illuminate/Database/Migrations/Migrator.php(451): Illuminate/Database/Migrations/Migrator->{closure:Illuminate/Database/Migrations/Migrator::runMigration():438}()
#12 D:/bakery-production-system/backend/vendor/laravel/framework/src/Illuminate/Database/Migrations/Migrator.php(253): Illuminate/Database/Migrations/Migrator->runMigration()
#13 D:/bakery-production-system/backend/vendor/laravel/framework/src/Illuminate/Console/View/Components/Task.php(43): Illuminate/Database/Migrations/Migrator->{closure:Illuminate/Database/Migrations/Migrator::runUp():253}()
#14 D:/bakery-production-system/backend/vendor/laravel/framework/src/Illuminate/Database/Migrations/Migrator.php(814): Illuminate/Console/View/Components/Task->render()
#15 D:/bakery-production-system/backend/vendor/laravel/framework/src/Illuminate/Database/Migrations/Migrator.php(253): Illuminate/Database/Migrations/Migrator->write()
#16 D:/bakery-production-system/backend/vendor/laravel/framework/src/Illuminate/Database/Migrations/Migrator.php(211): Illuminate/Database/Migrations/Migrator->runUp()
#17 D:/bakery-production-system/backend/vendor/laravel/framework/src/Illuminate/Database/Migrations/Migrator.php(138): Illuminate/Database/Migrations/Migrator->runPending()
#18 D:/bakery-production-system/backend/vendor/laravel/framework/src/Illuminate/Database/Console/Migrations/MigrateCommand.php(118): Illuminate/Database/Migrations/Migrator->run()
#19 D:/bakery-production-system/backend/vendor/laravel/framework/src/Illuminate/Database/Migrations/Migrator.php(671): Illuminate/Database/Console/Migrations/MigrateCommand->{closure:Illuminate/Database/Console/Migrations/MigrateCommand::runMigrations():111}()
#20 D:/bakery-production-system/backend/vendor/laravel/framework/src/Illuminate/Database/Console/Migrations/MigrateCommand.php(111): Illuminate/Database/Migrations/Migrator->usingConnection()
#21 D:/bakery-production-system/backend/vendor/laravel/framework/src/Illuminate/Database/Console/Migrations/MigrateCommand.php(90): Illuminate/Database/Console/Migrations/MigrateCommand->runMigrations()
#22 D:/bakery-production-system/backend/vendor/laravel/framework/src/Illuminate/Container/BoundMethod.php(36): Illuminate/Database/Console/Migrations/MigrateCommand->handle()
#23 D:/bakery-production-system/backend/vendor/laravel/framework/src/Illuminate/Container/Util.php(43): Illuminate/Container/BoundMethod::{closure:Illuminate/Container/BoundMethod::call():35}()
#24 D:/bakery-production-system/backend/vendor/laravel/framework/src/Illuminate/Container/BoundMethod.php(96): Illuminate/Container/Util::unwrapIfClosure()
#25 D:/bakery-production-system/backend/vendor/laravel/framework/src/Illuminate/Container/BoundMethod.php(35): Illuminate/Container/BoundMethod::callBoundMethod()
#26 D:/bakery-production-system/backend/vendor/laravel/framework/src/Illuminate/Container/Container.php(799): Illuminate/Container/BoundMethod::call()
#27 D:/bakery-production-system/backend/vendor/laravel/framework/src/Illuminate/Console/Command.php(280): Illuminate/Container/Container->call()
#28 D:/bakery-production-system/backend/vendor/symfony/console/Command/Command.php(284): Illuminate/Console/Command->execute()
#29 D:/bakery-production-system/backend/vendor/laravel/framework/src/Illuminate/Console/Command.php(249): Symfony/Component/Console/Command/Command->run()
#30 D:/bakery-production-system/backend/vendor/symfony/console/Application.php(1144): Illuminate/Console/Command->run()
#31 D:/bakery-production-system/backend/vendor/symfony/console/Application.php(379): Symfony/Component/Console/Application->doRunCommand()
#32 D:/bakery-production-system/backend/vendor/symfony/console/Application.php(218): Symfony/Component/Console/Application->doRun()
#33 D:/bakery-production-system/backend/vendor/laravel/framework/src/Illuminate/Foundation/Console/Kernel.php(198): Symfony/Component/Console/Application->run()
#34 D:/bakery-production-system/backend/vendor/laravel/framework/src/Illuminate/Foundation/Application.php(1235): Illuminate/Foundation/Console/Kernel->handle()
#35 D:/bakery-production-system/backend/artisan(16): Illuminate/Foundation/Application->handleCommand()
#36 {main}
"} 
[2026-06-23 06:54:20] local.ERROR: SQLSTATE[42S01]: Base table or view already exists: 1050 Table 'jobs' already exists (Connection: mysql, Host: 127.0.0.1, Port: 3306, Database: laravel, SQL: create table `jobs` (`id` bigint unsigned not null auto_increment primary key, `queue` varchar(255) not null, `payload` longtext not null, `attempts` smallint unsigned not null, `reserved_at` int unsigned null, `available_at` int unsigned not null, `created_at` int unsigned not null) default character set utf8mb4 collate 'utf8mb4_unicode_ci') {"exception":"[object] (Illuminate\\Database\\QueryException(code: 42S01): SQLSTATE[42S01]: Base table or view already exists: 1050 Table 'jobs' already exists (Connection: mysql, Host: 127.0.0.1, Port: 3306, Database: laravel, SQL: create table `jobs` (`id` bigint unsigned not null auto_increment primary key, `queue` varchar(255) not null, `payload` longtext not null, `attempts` smallint unsigned not null, `reserved_at` int unsigned null, `available_at` int unsigned not null, `created_at` int unsigned not null) default character set utf8mb4 collate 'utf8mb4_unicode_ci') at D:/bakery-production-system/backend/vendor/laravel/framework/src/Illuminate/Database/Connection.php:843)
[stacktrace]
#0 D:/bakery-production-system/backend/vendor/laravel/framework/src/Illuminate/Database/Connection.php(799): Illuminate/Database/Connection->runQueryCallback()
#1 D:/bakery-production-system/backend/vendor/laravel/framework/src/Illuminate/Database/Connection.php(576): Illuminate/Database/Connection->run()
#2 D:/bakery-production-system/backend/vendor/laravel/framework/src/Illuminate/Database/Schema/Blueprint.php(122): Illuminate/Database/Connection->statement()
#3 D:/bakery-production-system/backend/vendor/laravel/framework/src/Illuminate/Database/Schema/Builder.php(708): Illuminate/Database/Schema/Blueprint->build()
#4 D:/bakery-production-system/backend/vendor/laravel/framework/src/Illuminate/Database/Schema/Builder.php(526): Illuminate/Database/Schema/Builder->build()
#5 D:/bakery-production-system/backend/vendor/laravel/framework/src/Illuminate/Support/Facades/Facade.php(363): Illuminate/Database/Schema/Builder->create()
#6 D:/bakery-production-system/backend/database/migrations/0001_01_01_000002_create_jobs_table.php(14): Illuminate/Support/Facades/Facade::__callStatic()
#7 D:/bakery-production-system/backend/vendor/laravel/framework/src/Illuminate/Database/Migrations/Migrator.php(517): Illuminate/Database/Migrations/Migration@anonymous->up()
#8 D:/bakery-production-system/backend/vendor/laravel/framework/src/Illuminate/Database/Migrations/Migrator.php(442): Illuminate/Database/Migrations/Migrator->runMethod()
#9 D:/bakery-production-system/backend/vendor/laravel/framework/src/Illuminate/Database/Migrations/Migrator.php(451): Illuminate/Database/Migrations/Migrator->{closure:Illuminate/Database/Migrations/Migrator::runMigration():438}()
#10 D:/bakery-production-system/backend/vendor/laravel/framework/src/Illuminate/Database/Migrations/Migrator.php(253): Illuminate/Database/Migrations/Migrator->runMigration()
#11 D:/bakery-production-system/backend/vendor/laravel/framework/src/Illuminate/Console/View/Components/Task.php(43): Illuminate/Database/Migrations/Migrator->{closure:Illuminate/Database/Migrations/Migrator::runUp():253}()
#12 D:/bakery-production-system/backend/vendor/laravel/framework/src/Illuminate/Database/Migrations/Migrator.php(814): Illuminate/Console/View/Components/Task->render()
#13 D:/bakery-production-system/backend/vendor/laravel/framework/src/Illuminate/Database/Migrations/Migrator.php(253): Illuminate/Database/Migrations/Migrator->write()
#14 D:/bakery-production-system/backend/vendor/laravel/framework/src/Illuminate/Database/Migrations/Migrator.php(211): Illuminate/Database/Migrations/Migrator->runUp()
#15 D:/bakery-production-system/backend/vendor/laravel/framework/src/Illuminate/Database/Migrations/Migrator.php(138): Illuminate/Database/Migrations/Migrator->runPending()
#16 D:/bakery-production-system/backend/vendor/laravel/framework/src/Illuminate/Database/Console/Migrations/MigrateCommand.php(118): Illuminate/Database/Migrations/Migrator->run()
#17 D:/bakery-production-system/backend/vendor/laravel/framework/src/Illuminate/Database/Migrations/Migrator.php(671): Illuminate/Database/Console/Migrations/MigrateCommand->{closure:Illuminate/Database/Console/Migrations/MigrateCommand::runMigrations():111}()
#18 D:/bakery-production-system/backend/vendor/laravel/framework/src/Illuminate/Database/Console/Migrations/MigrateCommand.php(111): Illuminate/Database/Migrations/Migrator->usingConnection()
#19 D:/bakery-production-system/backend/vendor/laravel/framework/src/Illuminate/Database/Console/Migrations/MigrateCommand.php(90): Illuminate/Database/Console/Migrations/MigrateCommand->runMigrations()
#20 D:/bakery-production-system/backend/vendor/laravel/framework/src/Illuminate/Container/BoundMethod.php(36): Illuminate/Database/Console/Migrations/MigrateCommand->handle()
#21 D:/bakery-production-system/backend/vendor/laravel/framework/src/Illuminate/Container/Util.php(43): Illuminate/Container/BoundMethod::{closure:Illuminate/Container/BoundMethod::call():35}()
#22 D:/bakery-production-system/backend/vendor/laravel/framework/src/Illuminate/Container/BoundMethod.php(96): Illuminate/Container/Util::unwrapIfClosure()
#23 D:/bakery-production-system/backend/vendor/laravel/framework/src/Illuminate/Container/BoundMethod.php(35): Illuminate/Container/BoundMethod::callBoundMethod()
#24 D:/bakery-production-system/backend/vendor/laravel/framework/src/Illuminate/Container/Container.php(799): Illuminate/Container/BoundMethod::call()
#25 D:/bakery-production-system/backend/vendor/laravel/framework/src/Illuminate/Console/Command.php(280): Illuminate/Container/Container->call()
#26 D:/bakery-production-system/backend/vendor/symfony/console/Command/Command.php(284): Illuminate/Console/Command->execute()
#27 D:/bakery-production-system/backend/vendor/laravel/framework/src/Illuminate/Console/Command.php(249): Symfony/Component/Console/Command/Command->run()
#28 D:/bakery-production-system/backend/vendor/laravel/framework/src/Illuminate/Console/Concerns/CallsCommands.php(68): Illuminate/Console/Command->run()
#29 D:/bakery-production-system/backend/vendor/laravel/framework/src/Illuminate/Console/Concerns/CallsCommands.php(29): Illuminate/Console/Command->runCommand()
#30 D:/bakery-production-system/backend/vendor/laravel/framework/src/Illuminate/Database/Console/Migrations/FreshCommand.php(88): Illuminate/Console/Command->call()
#31 D:/bakery-production-system/backend/vendor/laravel/framework/src/Illuminate/Container/BoundMethod.php(36): Illuminate/Database/Console/Migrations/FreshCommand->handle()
#32 D:/bakery-production-system/backend/vendor/laravel/framework/src/Illuminate/Container/Util.php(43): Illuminate/Container/BoundMethod::{closure:Illuminate/Container/BoundMethod::call():35}()
#33 D:/bakery-production-system/backend/vendor/laravel/framework/src/Illuminate/Container/BoundMethod.php(96): Illuminate/Container/Util::unwrapIfClosure()
#34 D:/bakery-production-system/backend/vendor/laravel/framework/src/Illuminate/Container/BoundMethod.php(35): Illuminate/Container/BoundMethod::callBoundMethod()
#35 D:/bakery-production-system/backend/vendor/laravel/framework/src/Illuminate/Container/Container.php(799): Illuminate/Container/BoundMethod::call()
#36 D:/bakery-production-system/backend/vendor/laravel/framework/src/Illuminate/Console/Command.php(280): Illuminate/Container/Container->call()
#37 D:/bakery-production-system/backend/vendor/symfony/console/Command/Command.php(284): Illuminate/Console/Command->execute()
#38 D:/bakery-production-system/backend/vendor/laravel/framework/src/Illuminate/Console/Command.php(249): Symfony/Component/Console/Command/Command->run()
#39 D:/bakery-production-system/backend/vendor/symfony/console/Application.php(1144): Illuminate/Console/Command->run()
#40 D:/bakery-production-system/backend/vendor/symfony/console/Application.php(379): Symfony/Component/Console/Application->doRunCommand()
#41 D:/bakery-production-system/backend/vendor/symfony/console/Application.php(218): Symfony/Component/Console/Application->doRun()
#42 D:/bakery-production-system/backend/vendor/laravel/framework/src/Illuminate/Foundation/Console/Kernel.php(198): Symfony/Component/Console/Application->run()
#43 D:/bakery-production-system/backend/vendor/laravel/framework/src/Illuminate/Foundation/Application.php(1235): Illuminate/Foundation/Console/Kernel->handle()
#44 D:/bakery-production-system/backend/artisan(16): Illuminate/Foundation/Application->handleCommand()
#45 {main}

[previous exception] [object] (PDOException(code: 42S01): SQLSTATE[42S01]: Base table or view already exists: 1050 Table 'jobs' already exists at D:/bakery-production-system/backend/vendor/laravel/framework/src/Illuminate/Database/Connection.php:587)
[stacktrace]
#0 D:/bakery-production-system/backend/vendor/laravel/framework/src/Illuminate/Database/Connection.php(587): PDOStatement->execute()
#1 D:/bakery-production-system/backend/vendor/laravel/framework/src/Illuminate/Database/Connection.php(832): Illuminate/Database/Connection->{closure:Illuminate/Database/Connection::statement():576}()
#2 D:/bakery-production-system/backend/vendor/laravel/framework/src/Illuminate/Database/Connection.php(799): Illuminate/Database/Connection->runQueryCallback()
#3 D:/bakery-production-system/backend/vendor/laravel/framework/src/Illuminate/Database/Connection.php(576): Illuminate/Database/Connection->run()
#4 D:/bakery-production-system/backend/vendor/laravel/framework/src/Illuminate/Database/Schema/Blueprint.php(122): Illuminate/Database/Connection->statement()
#5 D:/bakery-production-system/backend/vendor/laravel/framework/src/Illuminate/Database/Schema/Builder.php(708): Illuminate/Database/Schema/Blueprint->build()
#6 D:/bakery-production-system/backend/vendor/laravel/framework/src/Illuminate/Database/Schema/Builder.php(526): Illuminate/Database/Schema/Builder->build()
#7 D:/bakery-production-system/backend/vendor/laravel/framework/src/Illuminate/Support/Facades/Facade.php(363): Illuminate/Database/Schema/Builder->create()
#8 D:/bakery-production-system/backend/database/migrations/0001_01_01_000002_create_jobs_table.php(14): Illuminate/Support/Facades/Facade::__callStatic()
#9 D:/bakery-production-system/backend/vendor/laravel/framework/src/Illuminate/Database/Migrations/Migrator.php(517): Illuminate/Database/Migrations/Migration@anonymous->up()
#10 D:/bakery-production-system/backend/vendor/laravel/framework/src/Illuminate/Database/Migrations/Migrator.php(442): Illuminate/Database/Migrations/Migrator->runMethod()
#11 D:/bakery-production-system/backend/vendor/laravel/framework/src/Illuminate/Database/Migrations/Migrator.php(451): Illuminate/Database/Migrations/Migrator->{closure:Illuminate/Database/Migrations/Migrator::runMigration():438}()
#12 D:/bakery-production-system/backend/vendor/laravel/framework/src/Illuminate/Database/Migrations/Migrator.php(253): Illuminate/Database/Migrations/Migrator->runMigration()
#13 D:/bakery-production-system/backend/vendor/laravel/framework/src/Illuminate/Console/View/Components/Task.php(43): Illuminate/Database/Migrations/Migrator->{closure:Illuminate/Database/Migrations/Migrator::runUp():253}()
#14 D:/bakery-production-system/backend/vendor/laravel/framework/src/Illuminate/Database/Migrations/Migrator.php(814): Illuminate/Console/View/Components/Task->render()
#15 D:/bakery-production-system/backend/vendor/laravel/framework/src/Illuminate/Database/Migrations/Migrator.php(253): Illuminate/Database/Migrations/Migrator->write()
#16 D:/bakery-production-system/backend/vendor/laravel/framework/src/Illuminate/Database/Migrations/Migrator.php(211): Illuminate/Database/Migrations/Migrator->runUp()
#17 D:/bakery-production-system/backend/vendor/laravel/framework/src/Illuminate/Database/Migrations/Migrator.php(138): Illuminate/Database/Migrations/Migrator->runPending()
#18 D:/bakery-production-system/backend/vendor/laravel/framework/src/Illuminate/Database/Console/Migrations/MigrateCommand.php(118): Illuminate/Database/Migrations/Migrator->run()
#19 D:/bakery-production-system/backend/vendor/laravel/framework/src/Illuminate/Database/Migrations/Migrator.php(671): Illuminate/Database/Console/Migrations/MigrateCommand->{closure:Illuminate/Database/Console/Migrations/MigrateCommand::runMigrations():111}()
#20 D:/bakery-production-system/backend/vendor/laravel/framework/src/Illuminate/Database/Console/Migrations/MigrateCommand.php(111): Illuminate/Database/Migrations/Migrator->usingConnection()
#21 D:/bakery-production-system/backend/vendor/laravel/framework/src/Illuminate/Database/Console/Migrations/MigrateCommand.php(90): Illuminate/Database/Console/Migrations/MigrateCommand->runMigrations()
#22 D:/bakery-production-system/backend/vendor/laravel/framework/src/Illuminate/Container/BoundMethod.php(36): Illuminate/Database/Console/Migrations/MigrateCommand->handle()
#23 D:/bakery-production-system/backend/vendor/laravel/framework/src/Illuminate/Container/Util.php(43): Illuminate/Container/BoundMethod::{closure:Illuminate/Container/BoundMethod::call():35}()
#24 D:/bakery-production-system/backend/vendor/laravel/framework/src/Illuminate/Container/BoundMethod.php(96): Illuminate/Container/Util::unwrapIfClosure()
#25 D:/bakery-production-system/backend/vendor/laravel/framework/src/Illuminate/Container/BoundMethod.php(35): Illuminate/Container/BoundMethod::callBoundMethod()
#26 D:/bakery-production-system/backend/vendor/laravel/framework/src/Illuminate/Container/Container.php(799): Illuminate/Container/BoundMethod::call()
#27 D:/bakery-production-system/backend/vendor/laravel/framework/src/Illuminate/Console/Command.php(280): Illuminate/Container/Container->call()
#28 D:/bakery-production-system/backend/vendor/symfony/console/Command/Command.php(284): Illuminate/Console/Command->execute()
#29 D:/bakery-production-system/backend/vendor/laravel/framework/src/Illuminate/Console/Command.php(249): Symfony/Component/Console/Command/Command->run()
#30 D:/bakery-production-system/backend/vendor/laravel/framework/src/Illuminate/Console/Concerns/CallsCommands.php(68): Illuminate/Console/Command->run()
#31 D:/bakery-production-system/backend/vendor/laravel/framework/src/Illuminate/Console/Concerns/CallsCommands.php(29): Illuminate/Console/Command->runCommand()
#32 D:/bakery-production-system/backend/vendor/laravel/framework/src/Illuminate/Database/Console/Migrations/FreshCommand.php(88): Illuminate/Console/Command->call()
#33 D:/bakery-production-system/backend/vendor/laravel/framework/src/Illuminate/Container/BoundMethod.php(36): Illuminate/Database/Console/Migrations/FreshCommand->handle()
#34 D:/bakery-production-system/backend/vendor/laravel/framework/src/Illuminate/Container/Util.php(43): Illuminate/Container/BoundMethod::{closure:Illuminate/Container/BoundMethod::call():35}()
#35 D:/bakery-production-system/backend/vendor/laravel/framework/src/Illuminate/Container/BoundMethod.php(96): Illuminate/Container/Util::unwrapIfClosure()
#36 D:/bakery-production-system/backend/vendor/laravel/framework/src/Illuminate/Container/BoundMethod.php(35): Illuminate/Container/BoundMethod::callBoundMethod()
#37 D:/bakery-production-system/backend/vendor/laravel/framework/src/Illuminate/Container/Container.php(799): Illuminate/Container/BoundMethod::call()
#38 D:/bakery-production-system/backend/vendor/laravel/framework/src/Illuminate/Console/Command.php(280): Illuminate/Container/Container->call()
#39 D:/bakery-production-system/backend/vendor/symfony/console/Command/Command.php(284): Illuminate/Console/Command->execute()
#40 D:/bakery-production-system/backend/vendor/laravel/framework/src/Illuminate/Console/Command.php(249): Symfony/Component/Console/Command/Command->run()
#41 D:/bakery-production-system/backend/vendor/symfony/console/Application.php(1144): Illuminate/Console/Command->run()
#42 D:/bakery-production-system/backend/vendor/symfony/console/Application.php(379): Symfony/Component/Console/Application->doRunCommand()
#43 D:/bakery-production-system/backend/vendor/symfony/console/Application.php(218): Symfony/Component/Console/Application->doRun()
#44 D:/bakery-production-system/backend/vendor/laravel/framework/src/Illuminate/Foundation/Console/Kernel.php(198): Symfony/Component/Console/Application->run()
#45 D:/bakery-production-system/backend/vendor/laravel/framework/src/Illuminate/Foundation/Application.php(1235): Illuminate/Foundation/Console/Kernel->handle()
#46 D:/bakery-production-system/backend/artisan(16): Illuminate/Foundation/Application->handleCommand()
#47 {main}
"} 
[2026-06-23 06:57:11] local.ERROR: SQLSTATE[42S01]: Base table or view already exists: 1050 Table 'jobs' already exists (Connection: mysql, Host: 127.0.0.1, Port: 3306, Database: laravel, SQL: create table `jobs` (`id` bigint unsigned not null auto_increment primary key, `queue` varchar(255) not null, `payload` longtext not null, `attempts` smallint unsigned not null, `reserved_at` int unsigned null, `available_at` int unsigned not null, `created_at` int unsigned not null) default character set utf8mb4 collate 'utf8mb4_unicode_ci') {"exception":"[object] (Illuminate\\Database\\QueryException(code: 42S01): SQLSTATE[42S01]: Base table or view already exists: 1050 Table 'jobs' already exists (Connection: mysql, Host: 127.0.0.1, Port: 3306, Database: laravel, SQL: create table `jobs` (`id` bigint unsigned not null auto_increment primary key, `queue` varchar(255) not null, `payload` longtext not null, `attempts` smallint unsigned not null, `reserved_at` int unsigned null, `available_at` int unsigned not null, `created_at` int unsigned not null) default character set utf8mb4 collate 'utf8mb4_unicode_ci') at D:/bakery-production-system/backend/vendor/laravel/framework/src/Illuminate/Database/Connection.php:843)
[stacktrace]
#0 D:/bakery-production-system/backend/vendor/laravel/framework/src/Illuminate/Database/Connection.php(799): Illuminate/Database/Connection->runQueryCallback()
#1 D:/bakery-production-system/backend/vendor/laravel/framework/src/Illuminate/Database/Connection.php(576): Illuminate/Database/Connection->run()
#2 D:/bakery-production-system/backend/vendor/laravel/framework/src/Illuminate/Database/Schema/Blueprint.php(122): Illuminate/Database/Connection->statement()
#3 D:/bakery-production-system/backend/vendor/laravel/framework/src/Illuminate/Database/Schema/Builder.php(708): Illuminate/Database/Schema/Blueprint->build()
#4 D:/bakery-production-system/backend/vendor/laravel/framework/src/Illuminate/Database/Schema/Builder.php(526): Illuminate/Database/Schema/Builder->build()
#5 D:/bakery-production-system/backend/vendor/laravel/framework/src/Illuminate/Support/Facades/Facade.php(363): Illuminate/Database/Schema/Builder->create()
#6 D:/bakery-production-system/backend/database/migrations/0001_01_01_000002_create_jobs_table.php(14): Illuminate/Support/Facades/Facade::__callStatic()
#7 D:/bakery-production-system/backend/vendor/laravel/framework/src/Illuminate/Database/Migrations/Migrator.php(517): Illuminate/Database/Migrations/Migration@anonymous->up()
#8 D:/bakery-production-system/backend/vendor/laravel/framework/src/Illuminate/Database/Migrations/Migrator.php(442): Illuminate/Database/Migrations/Migrator->runMethod()
#9 D:/bakery-production-system/backend/vendor/laravel/framework/src/Illuminate/Database/Migrations/Migrator.php(451): Illuminate/Database/Migrations/Migrator->{closure:Illuminate/Database/Migrations/Migrator::runMigration():438}()
#10 D:/bakery-production-system/backend/vendor/laravel/framework/src/Illuminate/Database/Migrations/Migrator.php(253): Illuminate/Database/Migrations/Migrator->runMigration()
#11 D:/bakery-production-system/backend/vendor/laravel/framework/src/Illuminate/Console/View/Components/Task.php(43): Illuminate/Database/Migrations/Migrator->{closure:Illuminate/Database/Migrations/Migrator::runUp():253}()
#12 D:/bakery-production-system/backend/vendor/laravel/framework/src/Illuminate/Database/Migrations/Migrator.php(814): Illuminate/Console/View/Components/Task->render()
#13 D:/bakery-production-system/backend/vendor/laravel/framework/src/Illuminate/Database/Migrations/Migrator.php(253): Illuminate/Database/Migrations/Migrator->write()
#14 D:/bakery-production-system/backend/vendor/laravel/framework/src/Illuminate/Database/Migrations/Migrator.php(211): Illuminate/Database/Migrations/Migrator->runUp()
#15 D:/bakery-production-system/backend/vendor/laravel/framework/src/Illuminate/Database/Migrations/Migrator.php(138): Illuminate/Database/Migrations/Migrator->runPending()
#16 D:/bakery-production-system/backend/vendor/laravel/framework/src/Illuminate/Database/Console/Migrations/MigrateCommand.php(118): Illuminate/Database/Migrations/Migrator->run()
#17 D:/bakery-production-system/backend/vendor/laravel/framework/src/Illuminate/Database/Migrations/Migrator.php(671): Illuminate/Database/Console/Migrations/MigrateCommand->{closure:Illuminate/Database/Console/Migrations/MigrateCommand::runMigrations():111}()
#18 D:/bakery-production-system/backend/vendor/laravel/framework/src/Illuminate/Database/Console/Migrations/MigrateCommand.php(111): Illuminate/Database/Migrations/Migrator->usingConnection()
#19 D:/bakery-production-system/backend/vendor/laravel/framework/src/Illuminate/Database/Console/Migrations/MigrateCommand.php(90): Illuminate/Database/Console/Migrations/MigrateCommand->runMigrations()
#20 D:/bakery-production-system/backend/vendor/laravel/framework/src/Illuminate/Container/BoundMethod.php(36): Illuminate/Database/Console/Migrations/MigrateCommand->handle()
#21 D:/bakery-production-system/backend/vendor/laravel/framework/src/Illuminate/Container/Util.php(43): Illuminate/Container/BoundMethod::{closure:Illuminate/Container/BoundMethod::call():35}()
#22 D:/bakery-production-system/backend/vendor/laravel/framework/src/Illuminate/Container/BoundMethod.php(96): Illuminate/Container/Util::unwrapIfClosure()
#23 D:/bakery-production-system/backend/vendor/laravel/framework/src/Illuminate/Container/BoundMethod.php(35): Illuminate/Container/BoundMethod::callBoundMethod()
#24 D:/bakery-production-system/backend/vendor/laravel/framework/src/Illuminate/Container/Container.php(799): Illuminate/Container/BoundMethod::call()
#25 D:/bakery-production-system/backend/vendor/laravel/framework/src/Illuminate/Console/Command.php(280): Illuminate/Container/Container->call()
#26 D:/bakery-production-system/backend/vendor/symfony/console/Command/Command.php(284): Illuminate/Console/Command->execute()
#27 D:/bakery-production-system/backend/vendor/laravel/framework/src/Illuminate/Console/Command.php(249): Symfony/Component/Console/Command/Command->run()
#28 D:/bakery-production-system/backend/vendor/laravel/framework/src/Illuminate/Console/Concerns/CallsCommands.php(68): Illuminate/Console/Command->run()
#29 D:/bakery-production-system/backend/vendor/laravel/framework/src/Illuminate/Console/Concerns/CallsCommands.php(29): Illuminate/Console/Command->runCommand()
#30 D:/bakery-production-system/backend/vendor/laravel/framework/src/Illuminate/Database/Console/Migrations/FreshCommand.php(88): Illuminate/Console/Command->call()
#31 D:/bakery-production-system/backend/vendor/laravel/framework/src/Illuminate/Container/BoundMethod.php(36): Illuminate/Database/Console/Migrations/FreshCommand->handle()
#32 D:/bakery-production-system/backend/vendor/laravel/framework/src/Illuminate/Container/Util.php(43): Illuminate/Container/BoundMethod::{closure:Illuminate/Container/BoundMethod::call():35}()
#33 D:/bakery-production-system/backend/vendor/laravel/framework/src/Illuminate/Container/BoundMethod.php(96): Illuminate/Container/Util::unwrapIfClosure()
#34 D:/bakery-production-system/backend/vendor/laravel/framework/src/Illuminate/Container/BoundMethod.php(35): Illuminate/Container/BoundMethod::callBoundMethod()
#35 D:/bakery-production-system/backend/vendor/laravel/framework/src/Illuminate/Container/Container.php(799): Illuminate/Container/BoundMethod::call()
#36 D:/bakery-production-system/backend/vendor/laravel/framework/src/Illuminate/Console/Command.php(280): Illuminate/Container/Container->call()
#37 D:/bakery-production-system/backend/vendor/symfony/console/Command/Command.php(284): Illuminate/Console/Command->execute()
#38 D:/bakery-production-system/backend/vendor/laravel/framework/src/Illuminate/Console/Command.php(249): Symfony/Component/Console/Command/Command->run()
#39 D:/bakery-production-system/backend/vendor/symfony/console/Application.php(1144): Illuminate/Console/Command->run()
#40 D:/bakery-production-system/backend/vendor/symfony/console/Application.php(379): Symfony/Component/Console/Application->doRunCommand()
#41 D:/bakery-production-system/backend/vendor/symfony/console/Application.php(218): Symfony/Component/Console/Application->doRun()
#42 D:/bakery-production-system/backend/vendor/laravel/framework/src/Illuminate/Foundation/Console/Kernel.php(198): Symfony/Component/Console/Application->run()
#43 D:/bakery-production-system/backend/vendor/laravel/framework/src/Illuminate/Foundation/Application.php(1235): Illuminate/Foundation/Console/Kernel->handle()
#44 D:/bakery-production-system/backend/artisan(16): Illuminate/Foundation/Application->handleCommand()
#45 {main}

[previous exception] [object] (PDOException(code: 42S01): SQLSTATE[42S01]: Base table or view already exists: 1050 Table 'jobs' already exists at D:/bakery-production-system/backend/vendor/laravel/framework/src/Illuminate/Database/Connection.php:587)
[stacktrace]
#0 D:/bakery-production-system/backend/vendor/laravel/framework/src/Illuminate/Database/Connection.php(587): PDOStatement->execute()
#1 D:/bakery-production-system/backend/vendor/laravel/framework/src/Illuminate/Database/Connection.php(832): Illuminate/Database/Connection->{closure:Illuminate/Database/Connection::statement():576}()
#2 D:/bakery-production-system/backend/vendor/laravel/framework/src/Illuminate/Database/Connection.php(799): Illuminate/Database/Connection->runQueryCallback()
#3 D:/bakery-production-system/backend/vendor/laravel/framework/src/Illuminate/Database/Connection.php(576): Illuminate/Database/Connection->run()
#4 D:/bakery-production-system/backend/vendor/laravel/framework/src/Illuminate/Database/Schema/Blueprint.php(122): Illuminate/Database/Connection->statement()
#5 D:/bakery-production-system/backend/vendor/laravel/framework/src/Illuminate/Database/Schema/Builder.php(708): Illuminate/Database/Schema/Blueprint->build()
#6 D:/bakery-production-system/backend/vendor/laravel/framework/src/Illuminate/Database/Schema/Builder.php(526): Illuminate/Database/Schema/Builder->build()
#7 D:/bakery-production-system/backend/vendor/laravel/framework/src/Illuminate/Support/Facades/Facade.php(363): Illuminate/Database/Schema/Builder->create()
#8 D:/bakery-production-system/backend/database/migrations/0001_01_01_000002_create_jobs_table.php(14): Illuminate/Support/Facades/Facade::__callStatic()
#9 D:/bakery-production-system/backend/vendor/laravel/framework/src/Illuminate/Database/Migrations/Migrator.php(517): Illuminate/Database/Migrations/Migration@anonymous->up()
#10 D:/bakery-production-system/backend/vendor/laravel/framework/src/Illuminate/Database/Migrations/Migrator.php(442): Illuminate/Database/Migrations/Migrator->runMethod()
#11 D:/bakery-production-system/backend/vendor/laravel/framework/src/Illuminate/Database/Migrations/Migrator.php(451): Illuminate/Database/Migrations/Migrator->{closure:Illuminate/Database/Migrations/Migrator::runMigration():438}()
#12 D:/bakery-production-system/backend/vendor/laravel/framework/src/Illuminate/Database/Migrations/Migrator.php(253): Illuminate/Database/Migrations/Migrator->runMigration()
#13 D:/bakery-production-system/backend/vendor/laravel/framework/src/Illuminate/Console/View/Components/Task.php(43): Illuminate/Database/Migrations/Migrator->{closure:Illuminate/Database/Migrations/Migrator::runUp():253}()
#14 D:/bakery-production-system/backend/vendor/laravel/framework/src/Illuminate/Database/Migrations/Migrator.php(814): Illuminate/Console/View/Components/Task->render()
#15 D:/bakery-production-system/backend/vendor/laravel/framework/src/Illuminate/Database/Migrations/Migrator.php(253): Illuminate/Database/Migrations/Migrator->write()
#16 D:/bakery-production-system/backend/vendor/laravel/framework/src/Illuminate/Database/Migrations/Migrator.php(211): Illuminate/Database/Migrations/Migrator->runUp()
#17 D:/bakery-production-system/backend/vendor/laravel/framework/src/Illuminate/Database/Migrations/Migrator.php(138): Illuminate/Database/Migrations/Migrator->runPending()
#18 D:/bakery-production-system/backend/vendor/laravel/framework/src/Illuminate/Database/Console/Migrations/MigrateCommand.php(118): Illuminate/Database/Migrations/Migrator->run()
#19 D:/bakery-production-system/backend/vendor/laravel/framework/src/Illuminate/Database/Migrations/Migrator.php(671): Illuminate/Database/Console/Migrations/MigrateCommand->{closure:Illuminate/Database/Console/Migrations/MigrateCommand::runMigrations():111}()
#20 D:/bakery-production-system/backend/vendor/laravel/framework/src/Illuminate/Database/Console/Migrations/MigrateCommand.php(111): Illuminate/Database/Migrations/Migrator->usingConnection()
#21 D:/bakery-production-system/backend/vendor/laravel/framework/src/Illuminate/Database/Console/Migrations/MigrateCommand.php(90): Illuminate/Database/Console/Migrations/MigrateCommand->runMigrations()
#22 D:/bakery-production-system/backend/vendor/laravel/framework/src/Illuminate/Container/BoundMethod.php(36): Illuminate/Database/Console/Migrations/MigrateCommand->handle()
#23 D:/bakery-production-system/backend/vendor/laravel/framework/src/Illuminate/Container/Util.php(43): Illuminate/Container/BoundMethod::{closure:Illuminate/Container/BoundMethod::call():35}()
#24 D:/bakery-production-system/backend/vendor/laravel/framework/src/Illuminate/Container/BoundMethod.php(96): Illuminate/Container/Util::unwrapIfClosure()
#25 D:/bakery-production-system/backend/vendor/laravel/framework/src/Illuminate/Container/BoundMethod.php(35): Illuminate/Container/BoundMethod::callBoundMethod()
#26 D:/bakery-production-system/backend/vendor/laravel/framework/src/Illuminate/Container/Container.php(799): Illuminate/Container/BoundMethod::call()
#27 D:/bakery-production-system/backend/vendor/laravel/framework/src/Illuminate/Console/Command.php(280): Illuminate/Container/Container->call()
#28 D:/bakery-production-system/backend/vendor/symfony/console/Command/Command.php(284): Illuminate/Console/Command->execute()
#29 D:/bakery-production-system/backend/vendor/laravel/framework/src/Illuminate/Console/Command.php(249): Symfony/Component/Console/Command/Command->run()
#30 D:/bakery-production-system/backend/vendor/laravel/framework/src/Illuminate/Console/Concerns/CallsCommands.php(68): Illuminate/Console/Command->run()
#31 D:/bakery-production-system/backend/vendor/laravel/framework/src/Illuminate/Console/Concerns/CallsCommands.php(29): Illuminate/Console/Command->runCommand()
#32 D:/bakery-production-system/backend/vendor/laravel/framework/src/Illuminate/Database/Console/Migrations/FreshCommand.php(88): Illuminate/Console/Command->call()
#33 D:/bakery-production-system/backend/vendor/laravel/framework/src/Illuminate/Container/BoundMethod.php(36): Illuminate/Database/Console/Migrations/FreshCommand->handle()
#34 D:/bakery-production-system/backend/vendor/laravel/framework/src/Illuminate/Container/Util.php(43): Illuminate/Container/BoundMethod::{closure:Illuminate/Container/BoundMethod::call():35}()
#35 D:/bakery-production-system/backend/vendor/laravel/framework/src/Illuminate/Container/BoundMethod.php(96): Illuminate/Container/Util::unwrapIfClosure()
#36 D:/bakery-production-system/backend/vendor/laravel/framework/src/Illuminate/Container/BoundMethod.php(35): Illuminate/Container/BoundMethod::callBoundMethod()
#37 D:/bakery-production-system/backend/vendor/laravel/framework/src/Illuminate/Container/Container.php(799): Illuminate/Container/BoundMethod::call()
#38 D:/bakery-production-system/backend/vendor/laravel/framework/src/Illuminate/Console/Command.php(280): Illuminate/Container/Container->call()
#39 D:/bakery-production-system/backend/vendor/symfony/console/Command/Command.php(284): Illuminate/Console/Command->execute()
#40 D:/bakery-production-system/backend/vendor/laravel/framework/src/Illuminate/Console/Command.php(249): Symfony/Component/Console/Command/Command->run()
#41 D:/bakery-production-system/backend/vendor/symfony/console/Application.php(1144): Illuminate/Console/Command->run()
#42 D:/bakery-production-system/backend/vendor/symfony/console/Application.php(379): Symfony/Component/Console/Application->doRunCommand()
#43 D:/bakery-production-system/backend/vendor/symfony/console/Application.php(218): Symfony/Component/Console/Application->doRun()
#44 D:/bakery-production-system/backend/vendor/laravel/framework/src/Illuminate/Foundation/Console/Kernel.php(198): Symfony/Component/Console/Application->run()
#45 D:/bakery-production-system/backend/vendor/laravel/framework/src/Illuminate/Foundation/Application.php(1235): Illuminate/Foundation/Console/Kernel->handle()
#46 D:/bakery-production-system/backend/artisan(16): Illuminate/Foundation/Application->handleCommand()
#47 {main}
"} 
[2026-06-23 06:58:48] local.ERROR: SQLSTATE[42S01]: Base table or view already exists: 1050 Table 'jobs' already exists (Connection: mysql, Host: 127.0.0.1, Port: 3306, Database: laravel, SQL: create table `jobs` (`id` bigint unsigned not null auto_increment primary key, `queue` varchar(255) not null, `payload` longtext not null, `attempts` smallint unsigned not null, `reserved_at` int unsigned null, `available_at` int unsigned not null, `created_at` int unsigned not null) default character set utf8mb4 collate 'utf8mb4_unicode_ci') {"exception":"[object] (Illuminate\\Database\\QueryException(code: 42S01): SQLSTATE[42S01]: Base table or view already exists: 1050 Table 'jobs' already exists (Connection: mysql, Host: 127.0.0.1, Port: 3306, Database: laravel, SQL: create table `jobs` (`id` bigint unsigned not null auto_increment primary key, `queue` varchar(255) not null, `payload` longtext not null, `attempts` smallint unsigned not null, `reserved_at` int unsigned null, `available_at` int unsigned not null, `created_at` int unsigned not null) default character set utf8mb4 collate 'utf8mb4_unicode_ci') at D:/bakery-production-system/backend/vendor/laravel/framework/src/Illuminate/Database/Connection.php:843)
[stacktrace]
#0 D:/bakery-production-system/backend/vendor/laravel/framework/src/Illuminate/Database/Connection.php(799): Illuminate/Database/Connection->runQueryCallback()
#1 D:/bakery-production-system/backend/vendor/laravel/framework/src/Illuminate/Database/Connection.php(576): Illuminate/Database/Connection->run()
#2 D:/bakery-production-system/backend/vendor/laravel/framework/src/Illuminate/Database/Schema/Blueprint.php(122): Illuminate/Database/Connection->statement()
#3 D:/bakery-production-system/backend/vendor/laravel/framework/src/Illuminate/Database/Schema/Builder.php(708): Illuminate/Database/Schema/Blueprint->build()
#4 D:/bakery-production-system/backend/vendor/laravel/framework/src/Illuminate/Database/Schema/Builder.php(526): Illuminate/Database/Schema/Builder->build()
#5 D:/bakery-production-system/backend/vendor/laravel/framework/src/Illuminate/Support/Facades/Facade.php(363): Illuminate/Database/Schema/Builder->create()
#6 D:/bakery-production-system/backend/database/migrations/0001_01_01_000002_create_jobs_table.php(14): Illuminate/Support/Facades/Facade::__callStatic()
#7 D:/bakery-production-system/backend/vendor/laravel/framework/src/Illuminate/Database/Migrations/Migrator.php(517): Illuminate/Database/Migrations/Migration@anonymous->up()
#8 D:/bakery-production-system/backend/vendor/laravel/framework/src/Illuminate/Database/Migrations/Migrator.php(442): Illuminate/Database/Migrations/Migrator->runMethod()
#9 D:/bakery-production-system/backend/vendor/laravel/framework/src/Illuminate/Database/Migrations/Migrator.php(451): Illuminate/Database/Migrations/Migrator->{closure:Illuminate/Database/Migrations/Migrator::runMigration():438}()
#10 D:/bakery-production-system/backend/vendor/laravel/framework/src/Illuminate/Database/Migrations/Migrator.php(253): Illuminate/Database/Migrations/Migrator->runMigration()
#11 D:/bakery-production-system/backend/vendor/laravel/framework/src/Illuminate/Console/View/Components/Task.php(43): Illuminate/Database/Migrations/Migrator->{closure:Illuminate/Database/Migrations/Migrator::runUp():253}()
#12 D:/bakery-production-system/backend/vendor/laravel/framework/src/Illuminate/Database/Migrations/Migrator.php(814): Illuminate/Console/View/Components/Task->render()
#13 D:/bakery-production-system/backend/vendor/laravel/framework/src/Illuminate/Database/Migrations/Migrator.php(253): Illuminate/Database/Migrations/Migrator->write()
#14 D:/bakery-production-system/backend/vendor/laravel/framework/src/Illuminate/Database/Migrations/Migrator.php(211): Illuminate/Database/Migrations/Migrator->runUp()
#15 D:/bakery-production-system/backend/vendor/laravel/framework/src/Illuminate/Database/Migrations/Migrator.php(138): Illuminate/Database/Migrations/Migrator->runPending()
#16 D:/bakery-production-system/backend/vendor/laravel/framework/src/Illuminate/Database/Console/Migrations/MigrateCommand.php(118): Illuminate/Database/Migrations/Migrator->run()
#17 D:/bakery-production-system/backend/vendor/laravel/framework/src/Illuminate/Database/Migrations/Migrator.php(671): Illuminate/Database/Console/Migrations/MigrateCommand->{closure:Illuminate/Database/Console/Migrations/MigrateCommand::runMigrations():111}()
#18 D:/bakery-production-system/backend/vendor/laravel/framework/src/Illuminate/Database/Console/Migrations/MigrateCommand.php(111): Illuminate/Database/Migrations/Migrator->usingConnection()
#19 D:/bakery-production-system/backend/vendor/laravel/framework/src/Illuminate/Database/Console/Migrations/MigrateCommand.php(90): Illuminate/Database/Console/Migrations/MigrateCommand->runMigrations()
#20 D:/bakery-production-system/backend/vendor/laravel/framework/src/Illuminate/Container/BoundMethod.php(36): Illuminate/Database/Console/Migrations/MigrateCommand->handle()
#21 D:/bakery-production-system/backend/vendor/laravel/framework/src/Illuminate/Container/Util.php(43): Illuminate/Container/BoundMethod::{closure:Illuminate/Container/BoundMethod::call():35}()
#22 D:/bakery-production-system/backend/vendor/laravel/framework/src/Illuminate/Container/BoundMethod.php(96): Illuminate/Container/Util::unwrapIfClosure()
#23 D:/bakery-production-system/backend/vendor/laravel/framework/src/Illuminate/Container/BoundMethod.php(35): Illuminate/Container/BoundMethod::callBoundMethod()
#24 D:/bakery-production-system/backend/vendor/laravel/framework/src/Illuminate/Container/Container.php(799): Illuminate/Container/BoundMethod::call()
#25 D:/bakery-production-system/backend/vendor/laravel/framework/src/Illuminate/Console/Command.php(280): Illuminate/Container/Container->call()
#26 D:/bakery-production-system/backend/vendor/symfony/console/Command/Command.php(284): Illuminate/Console/Command->execute()
#27 D:/bakery-production-system/backend/vendor/laravel/framework/src/Illuminate/Console/Command.php(249): Symfony/Component/Console/Command/Command->run()
#28 D:/bakery-production-system/backend/vendor/laravel/framework/src/Illuminate/Console/Concerns/CallsCommands.php(68): Illuminate/Console/Command->run()
#29 D:/bakery-production-system/backend/vendor/laravel/framework/src/Illuminate/Console/Concerns/CallsCommands.php(29): Illuminate/Console/Command->runCommand()
#30 D:/bakery-production-system/backend/vendor/laravel/framework/src/Illuminate/Database/Console/Migrations/FreshCommand.php(88): Illuminate/Console/Command->call()
#31 D:/bakery-production-system/backend/vendor/laravel/framework/src/Illuminate/Container/BoundMethod.php(36): Illuminate/Database/Console/Migrations/FreshCommand->handle()
#32 D:/bakery-production-system/backend/vendor/laravel/framework/src/Illuminate/Container/Util.php(43): Illuminate/Container/BoundMethod::{closure:Illuminate/Container/BoundMethod::call():35}()
#33 D:/bakery-production-system/backend/vendor/laravel/framework/src/Illuminate/Container/BoundMethod.php(96): Illuminate/Container/Util::unwrapIfClosure()
#34 D:/bakery-production-system/backend/vendor/laravel/framework/src/Illuminate/Container/BoundMethod.php(35): Illuminate/Container/BoundMethod::callBoundMethod()
#35 D:/bakery-production-system/backend/vendor/laravel/framework/src/Illuminate/Container/Container.php(799): Illuminate/Container/BoundMethod::call()
#36 D:/bakery-production-system/backend/vendor/laravel/framework/src/Illuminate/Console/Command.php(280): Illuminate/Container/Container->call()
#37 D:/bakery-production-system/backend/vendor/symfony/console/Command/Command.php(284): Illuminate/Console/Command->execute()
#38 D:/bakery-production-system/backend/vendor/laravel/framework/src/Illuminate/Console/Command.php(249): Symfony/Component/Console/Command/Command->run()
#39 D:/bakery-production-system/backend/vendor/symfony/console/Application.php(1144): Illuminate/Console/Command->run()
#40 D:/bakery-production-system/backend/vendor/symfony/console/Application.php(379): Symfony/Component/Console/Application->doRunCommand()
#41 D:/bakery-production-system/backend/vendor/symfony/console/Application.php(218): Symfony/Component/Console/Application->doRun()
#42 D:/bakery-production-system/backend/vendor/laravel/framework/src/Illuminate/Foundation/Console/Kernel.php(198): Symfony/Component/Console/Application->run()
#43 D:/bakery-production-system/backend/vendor/laravel/framework/src/Illuminate/Foundation/Application.php(1235): Illuminate/Foundation/Console/Kernel->handle()
#44 D:/bakery-production-system/backend/artisan(16): Illuminate/Foundation/Application->handleCommand()
#45 {main}

[previous exception] [object] (PDOException(code: 42S01): SQLSTATE[42S01]: Base table or view already exists: 1050 Table 'jobs' already exists at D:/bakery-production-system/backend/vendor/laravel/framework/src/Illuminate/Database/Connection.php:587)
[stacktrace]
#0 D:/bakery-production-system/backend/vendor/laravel/framework/src/Illuminate/Database/Connection.php(587): PDOStatement->execute()
#1 D:/bakery-production-system/backend/vendor/laravel/framework/src/Illuminate/Database/Connection.php(832): Illuminate/Database/Connection->{closure:Illuminate/Database/Connection::statement():576}()
#2 D:/bakery-production-system/backend/vendor/laravel/framework/src/Illuminate/Database/Connection.php(799): Illuminate/Database/Connection->runQueryCallback()
#3 D:/bakery-production-system/backend/vendor/laravel/framework/src/Illuminate/Database/Connection.php(576): Illuminate/Database/Connection->run()
#4 D:/bakery-production-system/backend/vendor/laravel/framework/src/Illuminate/Database/Schema/Blueprint.php(122): Illuminate/Database/Connection->statement()
#5 D:/bakery-production-system/backend/vendor/laravel/framework/src/Illuminate/Database/Schema/Builder.php(708): Illuminate/Database/Schema/Blueprint->build()
#6 D:/bakery-production-system/backend/vendor/laravel/framework/src/Illuminate/Database/Schema/Builder.php(526): Illuminate/Database/Schema/Builder->build()
#7 D:/bakery-production-system/backend/vendor/laravel/framework/src/Illuminate/Support/Facades/Facade.php(363): Illuminate/Database/Schema/Builder->create()
#8 D:/bakery-production-system/backend/database/migrations/0001_01_01_000002_create_jobs_table.php(14): Illuminate/Support/Facades/Facade::__callStatic()
#9 D:/bakery-production-system/backend/vendor/laravel/framework/src/Illuminate/Database/Migrations/Migrator.php(517): Illuminate/Database/Migrations/Migration@anonymous->up()
#10 D:/bakery-production-system/backend/vendor/laravel/framework/src/Illuminate/Database/Migrations/Migrator.php(442): Illuminate/Database/Migrations/Migrator->runMethod()
#11 D:/bakery-production-system/backend/vendor/laravel/framework/src/Illuminate/Database/Migrations/Migrator.php(451): Illuminate/Database/Migrations/Migrator->{closure:Illuminate/Database/Migrations/Migrator::runMigration():438}()
#12 D:/bakery-production-system/backend/vendor/laravel/framework/src/Illuminate/Database/Migrations/Migrator.php(253): Illuminate/Database/Migrations/Migrator->runMigration()
#13 D:/bakery-production-system/backend/vendor/laravel/framework/src/Illuminate/Console/View/Components/Task.php(43): Illuminate/Database/Migrations/Migrator->{closure:Illuminate/Database/Migrations/Migrator::runUp():253}()
#14 D:/bakery-production-system/backend/vendor/laravel/framework/src/Illuminate/Database/Migrations/Migrator.php(814): Illuminate/Console/View/Components/Task->render()
#15 D:/bakery-production-system/backend/vendor/laravel/framework/src/Illuminate/Database/Migrations/Migrator.php(253): Illuminate/Database/Migrations/Migrator->write()
#16 D:/bakery-production-system/backend/vendor/laravel/framework/src/Illuminate/Database/Migrations/Migrator.php(211): Illuminate/Database/Migrations/Migrator->runUp()
#17 D:/bakery-production-system/backend/vendor/laravel/framework/src/Illuminate/Database/Migrations/Migrator.php(138): Illuminate/Database/Migrations/Migrator->runPending()
#18 D:/bakery-production-system/backend/vendor/laravel/framework/src/Illuminate/Database/Console/Migrations/MigrateCommand.php(118): Illuminate/Database/Migrations/Migrator->run()
#19 D:/bakery-production-system/backend/vendor/laravel/framework/src/Illuminate/Database/Migrations/Migrator.php(671): Illuminate/Database/Console/Migrations/MigrateCommand->{closure:Illuminate/Database/Console/Migrations/MigrateCommand::runMigrations():111}()
#20 D:/bakery-production-system/backend/vendor/laravel/framework/src/Illuminate/Database/Console/Migrations/MigrateCommand.php(111): Illuminate/Database/Migrations/Migrator->usingConnection()
#21 D:/bakery-production-system/backend/vendor/laravel/framework/src/Illuminate/Database/Console/Migrations/MigrateCommand.php(90): Illuminate/Database/Console/Migrations/MigrateCommand->runMigrations()
#22 D:/bakery-production-system/backend/vendor/laravel/framework/src/Illuminate/Container/BoundMethod.php(36): Illuminate/Database/Console/Migrations/MigrateCommand->handle()
#23 D:/bakery-production-system/backend/vendor/laravel/framework/src/Illuminate/Container/Util.php(43): Illuminate/Container/BoundMethod::{closure:Illuminate/Container/BoundMethod::call():35}()
#24 D:/bakery-production-system/backend/vendor/laravel/framework/src/Illuminate/Container/BoundMethod.php(96): Illuminate/Container/Util::unwrapIfClosure()
#25 D:/bakery-production-system/backend/vendor/laravel/framework/src/Illuminate/Container/BoundMethod.php(35): Illuminate/Container/BoundMethod::callBoundMethod()
#26 D:/bakery-production-system/backend/vendor/laravel/framework/src/Illuminate/Container/Container.php(799): Illuminate/Container/BoundMethod::call()
#27 D:/bakery-production-system/backend/vendor/laravel/framework/src/Illuminate/Console/Command.php(280): Illuminate/Container/Container->call()
#28 D:/bakery-production-system/backend/vendor/symfony/console/Command/Command.php(284): Illuminate/Console/Command->execute()
#29 D:/bakery-production-system/backend/vendor/laravel/framework/src/Illuminate/Console/Command.php(249): Symfony/Component/Console/Command/Command->run()
#30 D:/bakery-production-system/backend/vendor/laravel/framework/src/Illuminate/Console/Concerns/CallsCommands.php(68): Illuminate/Console/Command->run()
#31 D:/bakery-production-system/backend/vendor/laravel/framework/src/Illuminate/Console/Concerns/CallsCommands.php(29): Illuminate/Console/Command->runCommand()
#32 D:/bakery-production-system/backend/vendor/laravel/framework/src/Illuminate/Database/Console/Migrations/FreshCommand.php(88): Illuminate/Console/Command->call()
#33 D:/bakery-production-system/backend/vendor/laravel/framework/src/Illuminate/Container/BoundMethod.php(36): Illuminate/Database/Console/Migrations/FreshCommand->handle()
#34 D:/bakery-production-system/backend/vendor/laravel/framework/src/Illuminate/Container/Util.php(43): Illuminate/Container/BoundMethod::{closure:Illuminate/Container/BoundMethod::call():35}()
#35 D:/bakery-production-system/backend/vendor/laravel/framework/src/Illuminate/Container/BoundMethod.php(96): Illuminate/Container/Util::unwrapIfClosure()
#36 D:/bakery-production-system/backend/vendor/laravel/framework/src/Illuminate/Container/BoundMethod.php(35): Illuminate/Container/BoundMethod::callBoundMethod()
#37 D:/bakery-production-system/backend/vendor/laravel/framework/src/Illuminate/Container/Container.php(799): Illuminate/Container/BoundMethod::call()
#38 D:/bakery-production-system/backend/vendor/laravel/framework/src/Illuminate/Console/Command.php(280): Illuminate/Container/Container->call()
#39 D:/bakery-production-system/backend/vendor/symfony/console/Command/Command.php(284): Illuminate/Console/Command->execute()
#40 D:/bakery-production-system/backend/vendor/laravel/framework/src/Illuminate/Console/Command.php(249): Symfony/Component/Console/Command/Command->run()
#41 D:/bakery-production-system/backend/vendor/symfony/console/Application.php(1144): Illuminate/Console/Command->run()
#42 D:/bakery-production-system/backend/vendor/symfony/console/Application.php(379): Symfony/Component/Console/Application->doRunCommand()
#43 D:/bakery-production-system/backend/vendor/symfony/console/Application.php(218): Symfony/Component/Console/Application->doRun()
#44 D:/bakery-production-system/backend/vendor/laravel/framework/src/Illuminate/Foundation/Console/Kernel.php(198): Symfony/Component/Console/Application->run()
#45 D:/bakery-production-system/backend/vendor/laravel/framework/src/Illuminate/Foundation/Application.php(1235): Illuminate/Foundation/Console/Kernel->handle()
#46 D:/bakery-production-system/backend/artisan(16): Illuminate/Foundation/Application->handleCommand()
#47 {main}
"} 
[2026-06-23 07:01:51] local.ERROR: SQLSTATE[42S01]: Base table or view already exists: 1050 Table 'jobs' already exists (Connection: mysql, Host: 127.0.0.1, Port: 3306, Database: laravel, SQL: create table `jobs` (`id` bigint unsigned not null auto_increment primary key, `queue` varchar(255) not null, `payload` longtext not null, `attempts` smallint unsigned not null, `reserved_at` int unsigned null, `available_at` int unsigned not null, `created_at` int unsigned not null) default character set utf8mb4 collate 'utf8mb4_unicode_ci') {"exception":"[object] (Illuminate\\Database\\QueryException(code: 42S01): SQLSTATE[42S01]: Base table or view already exists: 1050 Table 'jobs' already exists (Connection: mysql, Host: 127.0.0.1, Port: 3306, Database: laravel, SQL: create table `jobs` (`id` bigint unsigned not null auto_increment primary key, `queue` varchar(255) not null, `payload` longtext not null, `attempts` smallint unsigned not null, `reserved_at` int unsigned null, `available_at` int unsigned not null, `created_at` int unsigned not null) default character set utf8mb4 collate 'utf8mb4_unicode_ci') at D:/bakery-production-system/backend/vendor/laravel/framework/src/Illuminate/Database/Connection.php:843)
[stacktrace]
#0 D:/bakery-production-system/backend/vendor/laravel/framework/src/Illuminate/Database/Connection.php(799): Illuminate/Database/Connection->runQueryCallback()
#1 D:/bakery-production-system/backend/vendor/laravel/framework/src/Illuminate/Database/Connection.php(576): Illuminate/Database/Connection->run()
#2 D:/bakery-production-system/backend/vendor/laravel/framework/src/Illuminate/Database/Schema/Blueprint.php(122): Illuminate/Database/Connection->statement()
#3 D:/bakery-production-system/backend/vendor/laravel/framework/src/Illuminate/Database/Schema/Builder.php(708): Illuminate/Database/Schema/Blueprint->build()
#4 D:/bakery-production-system/backend/vendor/laravel/framework/src/Illuminate/Database/Schema/Builder.php(526): Illuminate/Database/Schema/Builder->build()
#5 D:/bakery-production-system/backend/vendor/laravel/framework/src/Illuminate/Support/Facades/Facade.php(363): Illuminate/Database/Schema/Builder->create()
#6 D:/bakery-production-system/backend/database/migrations/0001_01_01_000002_create_jobs_table.php(14): Illuminate/Support/Facades/Facade::__callStatic()
#7 D:/bakery-production-system/backend/vendor/laravel/framework/src/Illuminate/Database/Migrations/Migrator.php(517): Illuminate/Database/Migrations/Migration@anonymous->up()
#8 D:/bakery-production-system/backend/vendor/laravel/framework/src/Illuminate/Database/Migrations/Migrator.php(442): Illuminate/Database/Migrations/Migrator->runMethod()
#9 D:/bakery-production-system/backend/vendor/laravel/framework/src/Illuminate/Database/Migrations/Migrator.php(451): Illuminate/Database/Migrations/Migrator->{closure:Illuminate/Database/Migrations/Migrator::runMigration():438}()
#10 D:/bakery-production-system/backend/vendor/laravel/framework/src/Illuminate/Database/Migrations/Migrator.php(253): Illuminate/Database/Migrations/Migrator->runMigration()
#11 D:/bakery-production-system/backend/vendor/laravel/framework/src/Illuminate/Console/View/Components/Task.php(43): Illuminate/Database/Migrations/Migrator->{closure:Illuminate/Database/Migrations/Migrator::runUp():253}()
#12 D:/bakery-production-system/backend/vendor/laravel/framework/src/Illuminate/Database/Migrations/Migrator.php(814): Illuminate/Console/View/Components/Task->render()
#13 D:/bakery-production-system/backend/vendor/laravel/framework/src/Illuminate/Database/Migrations/Migrator.php(253): Illuminate/Database/Migrations/Migrator->write()
#14 D:/bakery-production-system/backend/vendor/laravel/framework/src/Illuminate/Database/Migrations/Migrator.php(211): Illuminate/Database/Migrations/Migrator->runUp()
#15 D:/bakery-production-system/backend/vendor/laravel/framework/src/Illuminate/Database/Migrations/Migrator.php(138): Illuminate/Database/Migrations/Migrator->runPending()
#16 D:/bakery-production-system/backend/vendor/laravel/framework/src/Illuminate/Database/Console/Migrations/MigrateCommand.php(118): Illuminate/Database/Migrations/Migrator->run()
#17 D:/bakery-production-system/backend/vendor/laravel/framework/src/Illuminate/Database/Migrations/Migrator.php(671): Illuminate/Database/Console/Migrations/MigrateCommand->{closure:Illuminate/Database/Console/Migrations/MigrateCommand::runMigrations():111}()
#18 D:/bakery-production-system/backend/vendor/laravel/framework/src/Illuminate/Database/Console/Migrations/MigrateCommand.php(111): Illuminate/Database/Migrations/Migrator->usingConnection()
#19 D:/bakery-production-system/backend/vendor/laravel/framework/src/Illuminate/Database/Console/Migrations/MigrateCommand.php(90): Illuminate/Database/Console/Migrations/MigrateCommand->runMigrations()
#20 D:/bakery-production-system/backend/vendor/laravel/framework/src/Illuminate/Container/BoundMethod.php(36): Illuminate/Database/Console/Migrations/MigrateCommand->handle()
#21 D:/bakery-production-system/backend/vendor/laravel/framework/src/Illuminate/Container/Util.php(43): Illuminate/Container/BoundMethod::{closure:Illuminate/Container/BoundMethod::call():35}()
#22 D:/bakery-production-system/backend/vendor/laravel/framework/src/Illuminate/Container/BoundMethod.php(96): Illuminate/Container/Util::unwrapIfClosure()
#23 D:/bakery-production-system/backend/vendor/laravel/framework/src/Illuminate/Container/BoundMethod.php(35): Illuminate/Container/BoundMethod::callBoundMethod()
#24 D:/bakery-production-system/backend/vendor/laravel/framework/src/Illuminate/Container/Container.php(799): Illuminate/Container/BoundMethod::call()
#25 D:/bakery-production-system/backend/vendor/laravel/framework/src/Illuminate/Console/Command.php(280): Illuminate/Container/Container->call()
#26 D:/bakery-production-system/backend/vendor/symfony/console/Command/Command.php(284): Illuminate/Console/Command->execute()
#27 D:/bakery-production-system/backend/vendor/laravel/framework/src/Illuminate/Console/Command.php(249): Symfony/Component/Console/Command/Command->run()
#28 D:/bakery-production-system/backend/vendor/laravel/framework/src/Illuminate/Console/Concerns/CallsCommands.php(68): Illuminate/Console/Command->run()
#29 D:/bakery-production-system/backend/vendor/laravel/framework/src/Illuminate/Console/Concerns/CallsCommands.php(29): Illuminate/Console/Command->runCommand()
#30 D:/bakery-production-system/backend/vendor/laravel/framework/src/Illuminate/Database/Console/Migrations/FreshCommand.php(88): Illuminate/Console/Command->call()
#31 D:/bakery-production-system/backend/vendor/laravel/framework/src/Illuminate/Container/BoundMethod.php(36): Illuminate/Database/Console/Migrations/FreshCommand->handle()
#32 D:/bakery-production-system/backend/vendor/laravel/framework/src/Illuminate/Container/Util.php(43): Illuminate/Container/BoundMethod::{closure:Illuminate/Container/BoundMethod::call():35}()
#33 D:/bakery-production-system/backend/vendor/laravel/framework/src/Illuminate/Container/BoundMethod.php(96): Illuminate/Container/Util::unwrapIfClosure()
#34 D:/bakery-production-system/backend/vendor/laravel/framework/src/Illuminate/Container/BoundMethod.php(35): Illuminate/Container/BoundMethod::callBoundMethod()
#35 D:/bakery-production-system/backend/vendor/laravel/framework/src/Illuminate/Container/Container.php(799): Illuminate/Container/BoundMethod::call()
#36 D:/bakery-production-system/backend/vendor/laravel/framework/src/Illuminate/Console/Command.php(280): Illuminate/Container/Container->call()
#37 D:/bakery-production-system/backend/vendor/symfony/console/Command/Command.php(284): Illuminate/Console/Command->execute()
#38 D:/bakery-production-system/backend/vendor/laravel/framework/src/Illuminate/Console/Command.php(249): Symfony/Component/Console/Command/Command->run()
#39 D:/bakery-production-system/backend/vendor/symfony/console/Application.php(1144): Illuminate/Console/Command->run()
#40 D:/bakery-production-system/backend/vendor/symfony/console/Application.php(379): Symfony/Component/Console/Application->doRunCommand()
#41 D:/bakery-production-system/backend/vendor/symfony/console/Application.php(218): Symfony/Component/Console/Application->doRun()
#42 D:/bakery-production-system/backend/vendor/laravel/framework/src/Illuminate/Foundation/Console/Kernel.php(198): Symfony/Component/Console/Application->run()
#43 D:/bakery-production-system/backend/vendor/laravel/framework/src/Illuminate/Foundation/Application.php(1235): Illuminate/Foundation/Console/Kernel->handle()
#44 D:/bakery-production-system/backend/artisan(16): Illuminate/Foundation/Application->handleCommand()
#45 {main}

[previous exception] [object] (PDOException(code: 42S01): SQLSTATE[42S01]: Base table or view already exists: 1050 Table 'jobs' already exists at D:/bakery-production-system/backend/vendor/laravel/framework/src/Illuminate/Database/Connection.php:587)
[stacktrace]
#0 D:/bakery-production-system/backend/vendor/laravel/framework/src/Illuminate/Database/Connection.php(587): PDOStatement->execute()
#1 D:/bakery-production-system/backend/vendor/laravel/framework/src/Illuminate/Database/Connection.php(832): Illuminate/Database/Connection->{closure:Illuminate/Database/Connection::statement():576}()
#2 D:/bakery-production-system/backend/vendor/laravel/framework/src/Illuminate/Database/Connection.php(799): Illuminate/Database/Connection->runQueryCallback()
#3 D:/bakery-production-system/backend/vendor/laravel/framework/src/Illuminate/Database/Connection.php(576): Illuminate/Database/Connection->run()
#4 D:/bakery-production-system/backend/vendor/laravel/framework/src/Illuminate/Database/Schema/Blueprint.php(122): Illuminate/Database/Connection->statement()
#5 D:/bakery-production-system/backend/vendor/laravel/framework/src/Illuminate/Database/Schema/Builder.php(708): Illuminate/Database/Schema/Blueprint->build()
#6 D:/bakery-production-system/backend/vendor/laravel/framework/src/Illuminate/Database/Schema/Builder.php(526): Illuminate/Database/Schema/Builder->build()
#7 D:/bakery-production-system/backend/vendor/laravel/framework/src/Illuminate/Support/Facades/Facade.php(363): Illuminate/Database/Schema/Builder->create()
#8 D:/bakery-production-system/backend/database/migrations/0001_01_01_000002_create_jobs_table.php(14): Illuminate/Support/Facades/Facade::__callStatic()
#9 D:/bakery-production-system/backend/vendor/laravel/framework/src/Illuminate/Database/Migrations/Migrator.php(517): Illuminate/Database/Migrations/Migration@anonymous->up()
#10 D:/bakery-production-system/backend/vendor/laravel/framework/src/Illuminate/Database/Migrations/Migrator.php(442): Illuminate/Database/Migrations/Migrator->runMethod()
#11 D:/bakery-production-system/backend/vendor/laravel/framework/src/Illuminate/Database/Migrations/Migrator.php(451): Illuminate/Database/Migrations/Migrator->{closure:Illuminate/Database/Migrations/Migrator::runMigration():438}()
#12 D:/bakery-production-system/backend/vendor/laravel/framework/src/Illuminate/Database/Migrations/Migrator.php(253): Illuminate/Database/Migrations/Migrator->runMigration()
#13 D:/bakery-production-system/backend/vendor/laravel/framework/src/Illuminate/Console/View/Components/Task.php(43): Illuminate/Database/Migrations/Migrator->{closure:Illuminate/Database/Migrations/Migrator::runUp():253}()
#14 D:/bakery-production-system/backend/vendor/laravel/framework/src/Illuminate/Database/Migrations/Migrator.php(814): Illuminate/Console/View/Components/Task->render()
#15 D:/bakery-production-system/backend/vendor/laravel/framework/src/Illuminate/Database/Migrations/Migrator.php(253): Illuminate/Database/Migrations/Migrator->write()
#16 D:/bakery-production-system/backend/vendor/laravel/framework/src/Illuminate/Database/Migrations/Migrator.php(211): Illuminate/Database/Migrations/Migrator->runUp()
#17 D:/bakery-production-system/backend/vendor/laravel/framework/src/Illuminate/Database/Migrations/Migrator.php(138): Illuminate/Database/Migrations/Migrator->runPending()
#18 D:/bakery-production-system/backend/vendor/laravel/framework/src/Illuminate/Database/Console/Migrations/MigrateCommand.php(118): Illuminate/Database/Migrations/Migrator->run()
#19 D:/bakery-production-system/backend/vendor/laravel/framework/src/Illuminate/Database/Migrations/Migrator.php(671): Illuminate/Database/Console/Migrations/MigrateCommand->{closure:Illuminate/Database/Console/Migrations/MigrateCommand::runMigrations():111}()
#20 D:/bakery-production-system/backend/vendor/laravel/framework/src/Illuminate/Database/Console/Migrations/MigrateCommand.php(111): Illuminate/Database/Migrations/Migrator->usingConnection()
#21 D:/bakery-production-system/backend/vendor/laravel/framework/src/Illuminate/Database/Console/Migrations/MigrateCommand.php(90): Illuminate/Database/Console/Migrations/MigrateCommand->runMigrations()
#22 D:/bakery-production-system/backend/vendor/laravel/framework/src/Illuminate/Container/BoundMethod.php(36): Illuminate/Database/Console/Migrations/MigrateCommand->handle()
#23 D:/bakery-production-system/backend/vendor/laravel/framework/src/Illuminate/Container/Util.php(43): Illuminate/Container/BoundMethod::{closure:Illuminate/Container/BoundMethod::call():35}()
#24 D:/bakery-production-system/backend/vendor/laravel/framework/src/Illuminate/Container/BoundMethod.php(96): Illuminate/Container/Util::unwrapIfClosure()
#25 D:/bakery-production-system/backend/vendor/laravel/framework/src/Illuminate/Container/BoundMethod.php(35): Illuminate/Container/BoundMethod::callBoundMethod()
#26 D:/bakery-production-system/backend/vendor/laravel/framework/src/Illuminate/Container/Container.php(799): Illuminate/Container/BoundMethod::call()
#27 D:/bakery-production-system/backend/vendor/laravel/framework/src/Illuminate/Console/Command.php(280): Illuminate/Container/Container->call()
#28 D:/bakery-production-system/backend/vendor/symfony/console/Command/Command.php(284): Illuminate/Console/Command->execute()
#29 D:/bakery-production-system/backend/vendor/laravel/framework/src/Illuminate/Console/Command.php(249): Symfony/Component/Console/Command/Command->run()
#30 D:/bakery-production-system/backend/vendor/laravel/framework/src/Illuminate/Console/Concerns/CallsCommands.php(68): Illuminate/Console/Command->run()
#31 D:/bakery-production-system/backend/vendor/laravel/framework/src/Illuminate/Console/Concerns/CallsCommands.php(29): Illuminate/Console/Command->runCommand()
#32 D:/bakery-production-system/backend/vendor/laravel/framework/src/Illuminate/Database/Console/Migrations/FreshCommand.php(88): Illuminate/Console/Command->call()
#33 D:/bakery-production-system/backend/vendor/laravel/framework/src/Illuminate/Container/BoundMethod.php(36): Illuminate/Database/Console/Migrations/FreshCommand->handle()
#34 D:/bakery-production-system/backend/vendor/laravel/framework/src/Illuminate/Container/Util.php(43): Illuminate/Container/BoundMethod::{closure:Illuminate/Container/BoundMethod::call():35}()
#35 D:/bakery-production-system/backend/vendor/laravel/framework/src/Illuminate/Container/BoundMethod.php(96): Illuminate/Container/Util::unwrapIfClosure()
#36 D:/bakery-production-system/backend/vendor/laravel/framework/src/Illuminate/Container/BoundMethod.php(35): Illuminate/Container/BoundMethod::callBoundMethod()
#37 D:/bakery-production-system/backend/vendor/laravel/framework/src/Illuminate/Container/Container.php(799): Illuminate/Container/BoundMethod::call()
#38 D:/bakery-production-system/backend/vendor/laravel/framework/src/Illuminate/Console/Command.php(280): Illuminate/Container/Container->call()
#39 D:/bakery-production-system/backend/vendor/symfony/console/Command/Command.php(284): Illuminate/Console/Command->execute()
#40 D:/bakery-production-system/backend/vendor/laravel/framework/src/Illuminate/Console/Command.php(249): Symfony/Component/Console/Command/Command->run()
#41 D:/bakery-production-system/backend/vendor/symfony/console/Application.php(1144): Illuminate/Console/Command->run()
#42 D:/bakery-production-system/backend/vendor/symfony/console/Application.php(379): Symfony/Component/Console/Application->doRunCommand()
#43 D:/bakery-production-system/backend/vendor/symfony/console/Application.php(218): Symfony/Component/Console/Application->doRun()
#44 D:/bakery-production-system/backend/vendor/laravel/framework/src/Illuminate/Foundation/Console/Kernel.php(198): Symfony/Component/Console/Application->run()
#45 D:/bakery-production-system/backend/vendor/laravel/framework/src/Illuminate/Foundation/Application.php(1235): Illuminate/Foundation/Console/Kernel->handle()
#46 D:/bakery-production-system/backend/artisan(16): Illuminate/Foundation/Application->handleCommand()
#47 {main}
"} 
[2026-06-23 07:04:12] local.ERROR: SQLSTATE[42S02]: Base table or view not found: 1146 Table 'bakery_db.cache' doesn't exist (Connection: mysql, Host: 127.0.0.1, Port: 3306, Database: bakery_db, SQL: delete from `cache`) {"exception":"[object] (Illuminate\\Database\\QueryException(code: 42S02): SQLSTATE[42S02]: Base table or view not found: 1146 Table 'bakery_db.cache' doesn't exist (Connection: mysql, Host: 127.0.0.1, Port: 3306, Database: bakery_db, SQL: delete from `cache`) at D:/bakery-production-system/backend/vendor/laravel/framework/src/Illuminate/Database/Connection.php:843)
[stacktrace]
#0 D:/bakery-production-system/backend/vendor/laravel/framework/src/Illuminate/Database/Connection.php(799): Illuminate/Database/Connection->runQueryCallback()
#1 D:/bakery-production-system/backend/vendor/laravel/framework/src/Illuminate/Database/Connection.php(600): Illuminate/Database/Connection->run()
#2 D:/bakery-production-system/backend/vendor/laravel/framework/src/Illuminate/Database/Connection.php(564): Illuminate/Database/Connection->affectingStatement()
#3 D:/bakery-production-system/backend/vendor/laravel/framework/src/Illuminate/Database/Query/Builder.php(4520): Illuminate/Database/Connection->delete()
#4 D:/bakery-production-system/backend/vendor/laravel/framework/src/Illuminate/Cache/DatabaseStore.php(450): Illuminate/Database/Query/Builder->delete()
#5 D:/bakery-production-system/backend/vendor/laravel/framework/src/Illuminate/Cache/Repository.php(1071): Illuminate/Cache/DatabaseStore->flush()
#6 D:/bakery-production-system/backend/vendor/laravel/framework/src/Illuminate/Cache/Console/ClearCommand.php(80): Illuminate/Cache/Repository->__call()
#7 D:/bakery-production-system/backend/vendor/laravel/framework/src/Illuminate/Container/BoundMethod.php(36): Illuminate/Cache/Console/ClearCommand->handle()
#8 D:/bakery-production-system/backend/vendor/laravel/framework/src/Illuminate/Container/Util.php(43): Illuminate/Container/BoundMethod::{closure:Illuminate/Container/BoundMethod::call():35}()
#9 D:/bakery-production-system/backend/vendor/laravel/framework/src/Illuminate/Container/BoundMethod.php(96): Illuminate/Container/Util::unwrapIfClosure()
#10 D:/bakery-production-system/backend/vendor/laravel/framework/src/Illuminate/Container/BoundMethod.php(35): Illuminate/Container/BoundMethod::callBoundMethod()
#11 D:/bakery-production-system/backend/vendor/laravel/framework/src/Illuminate/Container/Container.php(799): Illuminate/Container/BoundMethod::call()
#12 D:/bakery-production-system/backend/vendor/laravel/framework/src/Illuminate/Console/Command.php(280): Illuminate/Container/Container->call()
#13 D:/bakery-production-system/backend/vendor/symfony/console/Command/Command.php(284): Illuminate/Console/Command->execute()
#14 D:/bakery-production-system/backend/vendor/laravel/framework/src/Illuminate/Console/Command.php(249): Symfony/Component/Console/Command/Command->run()
#15 D:/bakery-production-system/backend/vendor/symfony/console/Application.php(1144): Illuminate/Console/Command->run()
#16 D:/bakery-production-system/backend/vendor/symfony/console/Application.php(379): Symfony/Component/Console/Application->doRunCommand()
#17 D:/bakery-production-system/backend/vendor/symfony/console/Application.php(218): Symfony/Component/Console/Application->doRun()
#18 D:/bakery-production-system/backend/vendor/laravel/framework/src/Illuminate/Foundation/Console/Kernel.php(198): Symfony/Component/Console/Application->run()
#19 D:/bakery-production-system/backend/vendor/laravel/framework/src/Illuminate/Foundation/Application.php(1235): Illuminate/Foundation/Console/Kernel->handle()
#20 D:/bakery-production-system/backend/artisan(16): Illuminate/Foundation/Application->handleCommand()
#21 {main}

[previous exception] [object] (PDOException(code: 42S02): SQLSTATE[42S02]: Base table or view not found: 1146 Table 'bakery_db.cache' doesn't exist at D:/bakery-production-system/backend/vendor/laravel/framework/src/Illuminate/Database/Connection.php:608)
[stacktrace]
#0 D:/bakery-production-system/backend/vendor/laravel/framework/src/Illuminate/Database/Connection.php(608): PDO->prepare()
#1 D:/bakery-production-system/backend/vendor/laravel/framework/src/Illuminate/Database/Connection.php(832): Illuminate/Database/Connection->{closure:Illuminate/Database/Connection::affectingStatement():600}()
#2 D:/bakery-production-system/backend/vendor/laravel/framework/src/Illuminate/Database/Connection.php(799): Illuminate/Database/Connection->runQueryCallback()
#3 D:/bakery-production-system/backend/vendor/laravel/framework/src/Illuminate/Database/Connection.php(600): Illuminate/Database/Connection->run()
#4 D:/bakery-production-system/backend/vendor/laravel/framework/src/Illuminate/Database/Connection.php(564): Illuminate/Database/Connection->affectingStatement()
#5 D:/bakery-production-system/backend/vendor/laravel/framework/src/Illuminate/Database/Query/Builder.php(4520): Illuminate/Database/Connection->delete()
#6 D:/bakery-production-system/backend/vendor/laravel/framework/src/Illuminate/Cache/DatabaseStore.php(450): Illuminate/Database/Query/Builder->delete()
#7 D:/bakery-production-system/backend/vendor/laravel/framework/src/Illuminate/Cache/Repository.php(1071): Illuminate/Cache/DatabaseStore->flush()
#8 D:/bakery-production-system/backend/vendor/laravel/framework/src/Illuminate/Cache/Console/ClearCommand.php(80): Illuminate/Cache/Repository->__call()
#9 D:/bakery-production-system/backend/vendor/laravel/framework/src/Illuminate/Container/BoundMethod.php(36): Illuminate/Cache/Console/ClearCommand->handle()
#10 D:/bakery-production-system/backend/vendor/laravel/framework/src/Illuminate/Container/Util.php(43): Illuminate/Container/BoundMethod::{closure:Illuminate/Container/BoundMethod::call():35}()
#11 D:/bakery-production-system/backend/vendor/laravel/framework/src/Illuminate/Container/BoundMethod.php(96): Illuminate/Container/Util::unwrapIfClosure()
#12 D:/bakery-production-system/backend/vendor/laravel/framework/src/Illuminate/Container/BoundMethod.php(35): Illuminate/Container/BoundMethod::callBoundMethod()
#13 D:/bakery-production-system/backend/vendor/laravel/framework/src/Illuminate/Container/Container.php(799): Illuminate/Container/BoundMethod::call()
#14 D:/bakery-production-system/backend/vendor/laravel/framework/src/Illuminate/Console/Command.php(280): Illuminate/Container/Container->call()
#15 D:/bakery-production-system/backend/vendor/symfony/console/Command/Command.php(284): Illuminate/Console/Command->execute()
#16 D:/bakery-production-system/backend/vendor/laravel/framework/src/Illuminate/Console/Command.php(249): Symfony/Component/Console/Command/Command->run()
#17 D:/bakery-production-system/backend/vendor/symfony/console/Application.php(1144): Illuminate/Console/Command->run()
#18 D:/bakery-production-system/backend/vendor/symfony/console/Application.php(379): Symfony/Component/Console/Application->doRunCommand()
#19 D:/bakery-production-system/backend/vendor/symfony/console/Application.php(218): Symfony/Component/Console/Application->doRun()
#20 D:/bakery-production-system/backend/vendor/laravel/framework/src/Illuminate/Foundation/Console/Kernel.php(198): Symfony/Component/Console/Application->run()
#21 D:/bakery-production-system/backend/vendor/laravel/framework/src/Illuminate/Foundation/Application.php(1235): Illuminate/Foundation/Console/Kernel->handle()
#22 D:/bakery-production-system/backend/artisan(16): Illuminate/Foundation/Application->handleCommand()
#23 {main}
"} 
[2026-06-23 07:06:35] local.ERROR: SQLSTATE[42S01]: Base table or view already exists: 1050 Table 'jobs' already exists (Connection: mysql, Host: 127.0.0.1, Port: 3306, Database: bakery_db, SQL: create table `jobs` (`id` bigint unsigned not null auto_increment primary key, `queue` varchar(255) not null, `payload` longtext not null, `attempts` smallint unsigned not null, `reserved_at` int unsigned null, `available_at` int unsigned not null, `created_at` int unsigned not null) default character set utf8mb4 collate 'utf8mb4_unicode_ci') {"exception":"[object] (Illuminate\\Database\\QueryException(code: 42S01): SQLSTATE[42S01]: Base table or view already exists: 1050 Table 'jobs' already exists (Connection: mysql, Host: 127.0.0.1, Port: 3306, Database: bakery_db, SQL: create table `jobs` (`id` bigint unsigned not null auto_increment primary key, `queue` varchar(255) not null, `payload` longtext not null, `attempts` smallint unsigned not null, `reserved_at` int unsigned null, `available_at` int unsigned not null, `created_at` int unsigned not null) default character set utf8mb4 collate 'utf8mb4_unicode_ci') at D:/bakery-production-system/backend/vendor/laravel/framework/src/Illuminate/Database/Connection.php:843)
[stacktrace]
#0 D:/bakery-production-system/backend/vendor/laravel/framework/src/Illuminate/Database/Connection.php(799): Illuminate/Database/Connection->runQueryCallback()
#1 D:/bakery-production-system/backend/vendor/laravel/framework/src/Illuminate/Database/Connection.php(576): Illuminate/Database/Connection->run()
#2 D:/bakery-production-system/backend/vendor/laravel/framework/src/Illuminate/Database/Schema/Blueprint.php(122): Illuminate/Database/Connection->statement()
#3 D:/bakery-production-system/backend/vendor/laravel/framework/src/Illuminate/Database/Schema/Builder.php(708): Illuminate/Database/Schema/Blueprint->build()
#4 D:/bakery-production-system/backend/vendor/laravel/framework/src/Illuminate/Database/Schema/Builder.php(526): Illuminate/Database/Schema/Builder->build()
#5 D:/bakery-production-system/backend/vendor/laravel/framework/src/Illuminate/Support/Facades/Facade.php(363): Illuminate/Database/Schema/Builder->create()
#6 D:/bakery-production-system/backend/database/migrations/0001_01_01_000002_create_jobs_table.php(14): Illuminate/Support/Facades/Facade::__callStatic()
#7 D:/bakery-production-system/backend/vendor/laravel/framework/src/Illuminate/Database/Migrations/Migrator.php(517): Illuminate/Database/Migrations/Migration@anonymous->up()
#8 D:/bakery-production-system/backend/vendor/laravel/framework/src/Illuminate/Database/Migrations/Migrator.php(442): Illuminate/Database/Migrations/Migrator->runMethod()
#9 D:/bakery-production-system/backend/vendor/laravel/framework/src/Illuminate/Database/Migrations/Migrator.php(451): Illuminate/Database/Migrations/Migrator->{closure:Illuminate/Database/Migrations/Migrator::runMigration():438}()
#10 D:/bakery-production-system/backend/vendor/laravel/framework/src/Illuminate/Database/Migrations/Migrator.php(253): Illuminate/Database/Migrations/Migrator->runMigration()
#11 D:/bakery-production-system/backend/vendor/laravel/framework/src/Illuminate/Console/View/Components/Task.php(43): Illuminate/Database/Migrations/Migrator->{closure:Illuminate/Database/Migrations/Migrator::runUp():253}()
#12 D:/bakery-production-system/backend/vendor/laravel/framework/src/Illuminate/Database/Migrations/Migrator.php(814): Illuminate/Console/View/Components/Task->render()
#13 D:/bakery-production-system/backend/vendor/laravel/framework/src/Illuminate/Database/Migrations/Migrator.php(253): Illuminate/Database/Migrations/Migrator->write()
#14 D:/bakery-production-system/backend/vendor/laravel/framework/src/Illuminate/Database/Migrations/Migrator.php(211): Illuminate/Database/Migrations/Migrator->runUp()
#15 D:/bakery-production-system/backend/vendor/laravel/framework/src/Illuminate/Database/Migrations/Migrator.php(138): Illuminate/Database/Migrations/Migrator->runPending()
#16 D:/bakery-production-system/backend/vendor/laravel/framework/src/Illuminate/Database/Console/Migrations/MigrateCommand.php(118): Illuminate/Database/Migrations/Migrator->run()
#17 D:/bakery-production-system/backend/vendor/laravel/framework/src/Illuminate/Database/Migrations/Migrator.php(671): Illuminate/Database/Console/Migrations/MigrateCommand->{closure:Illuminate/Database/Console/Migrations/MigrateCommand::runMigrations():111}()
#18 D:/bakery-production-system/backend/vendor/laravel/framework/src/Illuminate/Database/Console/Migrations/MigrateCommand.php(111): Illuminate/Database/Migrations/Migrator->usingConnection()
#19 D:/bakery-production-system/backend/vendor/laravel/framework/src/Illuminate/Database/Console/Migrations/MigrateCommand.php(90): Illuminate/Database/Console/Migrations/MigrateCommand->runMigrations()
#20 D:/bakery-production-system/backend/vendor/laravel/framework/src/Illuminate/Container/BoundMethod.php(36): Illuminate/Database/Console/Migrations/MigrateCommand->handle()
#21 D:/bakery-production-system/backend/vendor/laravel/framework/src/Illuminate/Container/Util.php(43): Illuminate/Container/BoundMethod::{closure:Illuminate/Container/BoundMethod::call():35}()
#22 D:/bakery-production-system/backend/vendor/laravel/framework/src/Illuminate/Container/BoundMethod.php(96): Illuminate/Container/Util::unwrapIfClosure()
#23 D:/bakery-production-system/backend/vendor/laravel/framework/src/Illuminate/Container/BoundMethod.php(35): Illuminate/Container/BoundMethod::callBoundMethod()
#24 D:/bakery-production-system/backend/vendor/laravel/framework/src/Illuminate/Container/Container.php(799): Illuminate/Container/BoundMethod::call()
#25 D:/bakery-production-system/backend/vendor/laravel/framework/src/Illuminate/Console/Command.php(280): Illuminate/Container/Container->call()
#26 D:/bakery-production-system/backend/vendor/symfony/console/Command/Command.php(284): Illuminate/Console/Command->execute()
#27 D:/bakery-production-system/backend/vendor/laravel/framework/src/Illuminate/Console/Command.php(249): Symfony/Component/Console/Command/Command->run()
#28 D:/bakery-production-system/backend/vendor/laravel/framework/src/Illuminate/Console/Concerns/CallsCommands.php(68): Illuminate/Console/Command->run()
#29 D:/bakery-production-system/backend/vendor/laravel/framework/src/Illuminate/Console/Concerns/CallsCommands.php(29): Illuminate/Console/Command->runCommand()
#30 D:/bakery-production-system/backend/vendor/laravel/framework/src/Illuminate/Database/Console/Migrations/FreshCommand.php(88): Illuminate/Console/Command->call()
#31 D:/bakery-production-system/backend/vendor/laravel/framework/src/Illuminate/Container/BoundMethod.php(36): Illuminate/Database/Console/Migrations/FreshCommand->handle()
#32 D:/bakery-production-system/backend/vendor/laravel/framework/src/Illuminate/Container/Util.php(43): Illuminate/Container/BoundMethod::{closure:Illuminate/Container/BoundMethod::call():35}()
#33 D:/bakery-production-system/backend/vendor/laravel/framework/src/Illuminate/Container/BoundMethod.php(96): Illuminate/Container/Util::unwrapIfClosure()
#34 D:/bakery-production-system/backend/vendor/laravel/framework/src/Illuminate/Container/BoundMethod.php(35): Illuminate/Container/BoundMethod::callBoundMethod()
#35 D:/bakery-production-system/backend/vendor/laravel/framework/src/Illuminate/Container/Container.php(799): Illuminate/Container/BoundMethod::call()
#36 D:/bakery-production-system/backend/vendor/laravel/framework/src/Illuminate/Console/Command.php(280): Illuminate/Container/Container->call()
#37 D:/bakery-production-system/backend/vendor/symfony/console/Command/Command.php(284): Illuminate/Console/Command->execute()
#38 D:/bakery-production-system/backend/vendor/laravel/framework/src/Illuminate/Console/Command.php(249): Symfony/Component/Console/Command/Command->run()
#39 D:/bakery-production-system/backend/vendor/symfony/console/Application.php(1144): Illuminate/Console/Command->run()
#40 D:/bakery-production-system/backend/vendor/symfony/console/Application.php(379): Symfony/Component/Console/Application->doRunCommand()
#41 D:/bakery-production-system/backend/vendor/symfony/console/Application.php(218): Symfony/Component/Console/Application->doRun()
#42 D:/bakery-production-system/backend/vendor/laravel/framework/src/Illuminate/Foundation/Console/Kernel.php(198): Symfony/Component/Console/Application->run()
#43 D:/bakery-production-system/backend/vendor/laravel/framework/src/Illuminate/Foundation/Application.php(1235): Illuminate/Foundation/Console/Kernel->handle()
#44 D:/bakery-production-system/backend/artisan(16): Illuminate/Foundation/Application->handleCommand()
#45 {main}

[previous exception] [object] (PDOException(code: 42S01): SQLSTATE[42S01]: Base table or view already exists: 1050 Table 'jobs' already exists at D:/bakery-production-system/backend/vendor/laravel/framework/src/Illuminate/Database/Connection.php:587)
[stacktrace]
#0 D:/bakery-production-system/backend/vendor/laravel/framework/src/Illuminate/Database/Connection.php(587): PDOStatement->execute()
#1 D:/bakery-production-system/backend/vendor/laravel/framework/src/Illuminate/Database/Connection.php(832): Illuminate/Database/Connection->{closure:Illuminate/Database/Connection::statement():576}()
#2 D:/bakery-production-system/backend/vendor/laravel/framework/src/Illuminate/Database/Connection.php(799): Illuminate/Database/Connection->runQueryCallback()
#3 D:/bakery-production-system/backend/vendor/laravel/framework/src/Illuminate/Database/Connection.php(576): Illuminate/Database/Connection->run()
#4 D:/bakery-production-system/backend/vendor/laravel/framework/src/Illuminate/Database/Schema/Blueprint.php(122): Illuminate/Database/Connection->statement()
#5 D:/bakery-production-system/backend/vendor/laravel/framework/src/Illuminate/Database/Schema/Builder.php(708): Illuminate/Database/Schema/Blueprint->build()
#6 D:/bakery-production-system/backend/vendor/laravel/framework/src/Illuminate/Database/Schema/Builder.php(526): Illuminate/Database/Schema/Builder->build()
#7 D:/bakery-production-system/backend/vendor/laravel/framework/src/Illuminate/Support/Facades/Facade.php(363): Illuminate/Database/Schema/Builder->create()
#8 D:/bakery-production-system/backend/database/migrations/0001_01_01_000002_create_jobs_table.php(14): Illuminate/Support/Facades/Facade::__callStatic()
#9 D:/bakery-production-system/backend/vendor/laravel/framework/src/Illuminate/Database/Migrations/Migrator.php(517): Illuminate/Database/Migrations/Migration@anonymous->up()
#10 D:/bakery-production-system/backend/vendor/laravel/framework/src/Illuminate/Database/Migrations/Migrator.php(442): Illuminate/Database/Migrations/Migrator->runMethod()
#11 D:/bakery-production-system/backend/vendor/laravel/framework/src/Illuminate/Database/Migrations/Migrator.php(451): Illuminate/Database/Migrations/Migrator->{closure:Illuminate/Database/Migrations/Migrator::runMigration():438}()
#12 D:/bakery-production-system/backend/vendor/laravel/framework/src/Illuminate/Database/Migrations/Migrator.php(253): Illuminate/Database/Migrations/Migrator->runMigration()
#13 D:/bakery-production-system/backend/vendor/laravel/framework/src/Illuminate/Console/View/Components/Task.php(43): Illuminate/Database/Migrations/Migrator->{closure:Illuminate/Database/Migrations/Migrator::runUp():253}()
#14 D:/bakery-production-system/backend/vendor/laravel/framework/src/Illuminate/Database/Migrations/Migrator.php(814): Illuminate/Console/View/Components/Task->render()
#15 D:/bakery-production-system/backend/vendor/laravel/framework/src/Illuminate/Database/Migrations/Migrator.php(253): Illuminate/Database/Migrations/Migrator->write()
#16 D:/bakery-production-system/backend/vendor/laravel/framework/src/Illuminate/Database/Migrations/Migrator.php(211): Illuminate/Database/Migrations/Migrator->runUp()
#17 D:/bakery-production-system/backend/vendor/laravel/framework/src/Illuminate/Database/Migrations/Migrator.php(138): Illuminate/Database/Migrations/Migrator->runPending()
#18 D:/bakery-production-system/backend/vendor/laravel/framework/src/Illuminate/Database/Console/Migrations/MigrateCommand.php(118): Illuminate/Database/Migrations/Migrator->run()
#19 D:/bakery-production-system/backend/vendor/laravel/framework/src/Illuminate/Database/Migrations/Migrator.php(671): Illuminate/Database/Console/Migrations/MigrateCommand->{closure:Illuminate/Database/Console/Migrations/MigrateCommand::runMigrations():111}()
#20 D:/bakery-production-system/backend/vendor/laravel/framework/src/Illuminate/Database/Console/Migrations/MigrateCommand.php(111): Illuminate/Database/Migrations/Migrator->usingConnection()
#21 D:/bakery-production-system/backend/vendor/laravel/framework/src/Illuminate/Database/Console/Migrations/MigrateCommand.php(90): Illuminate/Database/Console/Migrations/MigrateCommand->runMigrations()
#22 D:/bakery-production-system/backend/vendor/laravel/framework/src/Illuminate/Container/BoundMethod.php(36): Illuminate/Database/Console/Migrations/MigrateCommand->handle()
#23 D:/bakery-production-system/backend/vendor/laravel/framework/src/Illuminate/Container/Util.php(43): Illuminate/Container/BoundMethod::{closure:Illuminate/Container/BoundMethod::call():35}()
#24 D:/bakery-production-system/backend/vendor/laravel/framework/src/Illuminate/Container/BoundMethod.php(96): Illuminate/Container/Util::unwrapIfClosure()
#25 D:/bakery-production-system/backend/vendor/laravel/framework/src/Illuminate/Container/BoundMethod.php(35): Illuminate/Container/BoundMethod::callBoundMethod()
#26 D:/bakery-production-system/backend/vendor/laravel/framework/src/Illuminate/Container/Container.php(799): Illuminate/Container/BoundMethod::call()
#27 D:/bakery-production-system/backend/vendor/laravel/framework/src/Illuminate/Console/Command.php(280): Illuminate/Container/Container->call()
#28 D:/bakery-production-system/backend/vendor/symfony/console/Command/Command.php(284): Illuminate/Console/Command->execute()
#29 D:/bakery-production-system/backend/vendor/laravel/framework/src/Illuminate/Console/Command.php(249): Symfony/Component/Console/Command/Command->run()
#30 D:/bakery-production-system/backend/vendor/laravel/framework/src/Illuminate/Console/Concerns/CallsCommands.php(68): Illuminate/Console/Command->run()
#31 D:/bakery-production-system/backend/vendor/laravel/framework/src/Illuminate/Console/Concerns/CallsCommands.php(29): Illuminate/Console/Command->runCommand()
#32 D:/bakery-production-system/backend/vendor/laravel/framework/src/Illuminate/Database/Console/Migrations/FreshCommand.php(88): Illuminate/Console/Command->call()
#33 D:/bakery-production-system/backend/vendor/laravel/framework/src/Illuminate/Container/BoundMethod.php(36): Illuminate/Database/Console/Migrations/FreshCommand->handle()
#34 D:/bakery-production-system/backend/vendor/laravel/framework/src/Illuminate/Container/Util.php(43): Illuminate/Container/BoundMethod::{closure:Illuminate/Container/BoundMethod::call():35}()
#35 D:/bakery-production-system/backend/vendor/laravel/framework/src/Illuminate/Container/BoundMethod.php(96): Illuminate/Container/Util::unwrapIfClosure()
#36 D:/bakery-production-system/backend/vendor/laravel/framework/src/Illuminate/Container/BoundMethod.php(35): Illuminate/Container/BoundMethod::callBoundMethod()
#37 D:/bakery-production-system/backend/vendor/laravel/framework/src/Illuminate/Container/Container.php(799): Illuminate/Container/BoundMethod::call()
#38 D:/bakery-production-system/backend/vendor/laravel/framework/src/Illuminate/Console/Command.php(280): Illuminate/Container/Container->call()
#39 D:/bakery-production-system/backend/vendor/symfony/console/Command/Command.php(284): Illuminate/Console/Command->execute()
#40 D:/bakery-production-system/backend/vendor/laravel/framework/src/Illuminate/Console/Command.php(249): Symfony/Component/Console/Command/Command->run()
#41 D:/bakery-production-system/backend/vendor/symfony/console/Application.php(1144): Illuminate/Console/Command->run()
#42 D:/bakery-production-system/backend/vendor/symfony/console/Application.php(379): Symfony/Component/Console/Application->doRunCommand()
#43 D:/bakery-production-system/backend/vendor/symfony/console/Application.php(218): Symfony/Component/Console/Application->doRun()
#44 D:/bakery-production-system/backend/vendor/laravel/framework/src/Illuminate/Foundation/Console/Kernel.php(198): Symfony/Component/Console/Application->run()
#45 D:/bakery-production-system/backend/vendor/laravel/framework/src/Illuminate/Foundation/Application.php(1235): Illuminate/Foundation/Console/Kernel->handle()
#46 D:/bakery-production-system/backend/artisan(16): Illuminate/Foundation/Application->handleCommand()
#47 {main}
"} 
[2026-06-23 07:15:34] local.ERROR: SQLSTATE[42S01]: Base table or view already exists: 1050 Table 'jobs' already exists (Connection: mysql, Host: 127.0.0.1, Port: 3306, Database: bakery_db, SQL: create table `jobs` (`id` bigint unsigned not null auto_increment primary key, `queue` varchar(255) not null, `payload` longtext not null, `attempts` smallint unsigned not null, `reserved_at` int unsigned null, `available_at` int unsigned not null, `created_at` int unsigned not null) default character set utf8mb4 collate 'utf8mb4_unicode_ci') {"exception":"[object] (Illuminate\\Database\\QueryException(code: 42S01): SQLSTATE[42S01]: Base table or view already exists: 1050 Table 'jobs' already exists (Connection: mysql, Host: 127.0.0.1, Port: 3306, Database: bakery_db, SQL: create table `jobs` (`id` bigint unsigned not null auto_increment primary key, `queue` varchar(255) not null, `payload` longtext not null, `attempts` smallint unsigned not null, `reserved_at` int unsigned null, `available_at` int unsigned not null, `created_at` int unsigned not null) default character set utf8mb4 collate 'utf8mb4_unicode_ci') at D:/bakery-production-system/backend/vendor/laravel/framework/src/Illuminate/Database/Connection.php:843)
[stacktrace]
#0 D:/bakery-production-system/backend/vendor/laravel/framework/src/Illuminate/Database/Connection.php(799): Illuminate/Database/Connection->runQueryCallback()
#1 D:/bakery-production-system/backend/vendor/laravel/framework/src/Illuminate/Database/Connection.php(576): Illuminate/Database/Connection->run()
#2 D:/bakery-production-system/backend/vendor/laravel/framework/src/Illuminate/Database/Schema/Blueprint.php(122): Illuminate/Database/Connection->statement()
#3 D:/bakery-production-system/backend/vendor/laravel/framework/src/Illuminate/Database/Schema/Builder.php(708): Illuminate/Database/Schema/Blueprint->build()
#4 D:/bakery-production-system/backend/vendor/laravel/framework/src/Illuminate/Database/Schema/Builder.php(526): Illuminate/Database/Schema/Builder->build()
#5 D:/bakery-production-system/backend/vendor/laravel/framework/src/Illuminate/Support/Facades/Facade.php(363): Illuminate/Database/Schema/Builder->create()
#6 D:/bakery-production-system/backend/database/migrations/0001_01_01_000002_create_jobs_table.php(14): Illuminate/Support/Facades/Facade::__callStatic()
#7 D:/bakery-production-system/backend/vendor/laravel/framework/src/Illuminate/Database/Migrations/Migrator.php(517): Illuminate/Database/Migrations/Migration@anonymous->up()
#8 D:/bakery-production-system/backend/vendor/laravel/framework/src/Illuminate/Database/Migrations/Migrator.php(442): Illuminate/Database/Migrations/Migrator->runMethod()
#9 D:/bakery-production-system/backend/vendor/laravel/framework/src/Illuminate/Database/Migrations/Migrator.php(451): Illuminate/Database/Migrations/Migrator->{closure:Illuminate/Database/Migrations/Migrator::runMigration():438}()
#10 D:/bakery-production-system/backend/vendor/laravel/framework/src/Illuminate/Database/Migrations/Migrator.php(253): Illuminate/Database/Migrations/Migrator->runMigration()
#11 D:/bakery-production-system/backend/vendor/laravel/framework/src/Illuminate/Console/View/Components/Task.php(43): Illuminate/Database/Migrations/Migrator->{closure:Illuminate/Database/Migrations/Migrator::runUp():253}()
#12 D:/bakery-production-system/backend/vendor/laravel/framework/src/Illuminate/Database/Migrations/Migrator.php(814): Illuminate/Console/View/Components/Task->render()
#13 D:/bakery-production-system/backend/vendor/laravel/framework/src/Illuminate/Database/Migrations/Migrator.php(253): Illuminate/Database/Migrations/Migrator->write()
#14 D:/bakery-production-system/backend/vendor/laravel/framework/src/Illuminate/Database/Migrations/Migrator.php(211): Illuminate/Database/Migrations/Migrator->runUp()
#15 D:/bakery-production-system/backend/vendor/laravel/framework/src/Illuminate/Database/Migrations/Migrator.php(138): Illuminate/Database/Migrations/Migrator->runPending()
#16 D:/bakery-production-system/backend/vendor/laravel/framework/src/Illuminate/Database/Console/Migrations/MigrateCommand.php(118): Illuminate/Database/Migrations/Migrator->run()
#17 D:/bakery-production-system/backend/vendor/laravel/framework/src/Illuminate/Database/Migrations/Migrator.php(671): Illuminate/Database/Console/Migrations/MigrateCommand->{closure:Illuminate/Database/Console/Migrations/MigrateCommand::runMigrations():111}()
#18 D:/bakery-production-system/backend/vendor/laravel/framework/src/Illuminate/Database/Console/Migrations/MigrateCommand.php(111): Illuminate/Database/Migrations/Migrator->usingConnection()
#19 D:/bakery-production-system/backend/vendor/laravel/framework/src/Illuminate/Database/Console/Migrations/MigrateCommand.php(90): Illuminate/Database/Console/Migrations/MigrateCommand->runMigrations()
#20 D:/bakery-production-system/backend/vendor/laravel/framework/src/Illuminate/Container/BoundMethod.php(36): Illuminate/Database/Console/Migrations/MigrateCommand->handle()
#21 D:/bakery-production-system/backend/vendor/laravel/framework/src/Illuminate/Container/Util.php(43): Illuminate/Container/BoundMethod::{closure:Illuminate/Container/BoundMethod::call():35}()
#22 D:/bakery-production-system/backend/vendor/laravel/framework/src/Illuminate/Container/BoundMethod.php(96): Illuminate/Container/Util::unwrapIfClosure()
#23 D:/bakery-production-system/backend/vendor/laravel/framework/src/Illuminate/Container/BoundMethod.php(35): Illuminate/Container/BoundMethod::callBoundMethod()
#24 D:/bakery-production-system/backend/vendor/laravel/framework/src/Illuminate/Container/Container.php(799): Illuminate/Container/BoundMethod::call()
#25 D:/bakery-production-system/backend/vendor/laravel/framework/src/Illuminate/Console/Command.php(280): Illuminate/Container/Container->call()
#26 D:/bakery-production-system/backend/vendor/symfony/console/Command/Command.php(284): Illuminate/Console/Command->execute()
#27 D:/bakery-production-system/backend/vendor/laravel/framework/src/Illuminate/Console/Command.php(249): Symfony/Component/Console/Command/Command->run()
#28 D:/bakery-production-system/backend/vendor/laravel/framework/src/Illuminate/Console/Concerns/CallsCommands.php(68): Illuminate/Console/Command->run()
#29 D:/bakery-production-system/backend/vendor/laravel/framework/src/Illuminate/Console/Concerns/CallsCommands.php(29): Illuminate/Console/Command->runCommand()
#30 D:/bakery-production-system/backend/vendor/laravel/framework/src/Illuminate/Database/Console/Migrations/FreshCommand.php(88): Illuminate/Console/Command->call()
#31 D:/bakery-production-system/backend/vendor/laravel/framework/src/Illuminate/Container/BoundMethod.php(36): Illuminate/Database/Console/Migrations/FreshCommand->handle()
#32 D:/bakery-production-system/backend/vendor/laravel/framework/src/Illuminate/Container/Util.php(43): Illuminate/Container/BoundMethod::{closure:Illuminate/Container/BoundMethod::call():35}()
#33 D:/bakery-production-system/backend/vendor/laravel/framework/src/Illuminate/Container/BoundMethod.php(96): Illuminate/Container/Util::unwrapIfClosure()
#34 D:/bakery-production-system/backend/vendor/laravel/framework/src/Illuminate/Container/BoundMethod.php(35): Illuminate/Container/BoundMethod::callBoundMethod()
#35 D:/bakery-production-system/backend/vendor/laravel/framework/src/Illuminate/Container/Container.php(799): Illuminate/Container/BoundMethod::call()
#36 D:/bakery-production-system/backend/vendor/laravel/framework/src/Illuminate/Console/Command.php(280): Illuminate/Container/Container->call()
#37 D:/bakery-production-system/backend/vendor/symfony/console/Command/Command.php(284): Illuminate/Console/Command->execute()
#38 D:/bakery-production-system/backend/vendor/laravel/framework/src/Illuminate/Console/Command.php(249): Symfony/Component/Console/Command/Command->run()
#39 D:/bakery-production-system/backend/vendor/symfony/console/Application.php(1144): Illuminate/Console/Command->run()
#40 D:/bakery-production-system/backend/vendor/symfony/console/Application.php(379): Symfony/Component/Console/Application->doRunCommand()
#41 D:/bakery-production-system/backend/vendor/symfony/console/Application.php(218): Symfony/Component/Console/Application->doRun()
#42 D:/bakery-production-system/backend/vendor/laravel/framework/src/Illuminate/Foundation/Console/Kernel.php(198): Symfony/Component/Console/Application->run()
#43 D:/bakery-production-system/backend/vendor/laravel/framework/src/Illuminate/Foundation/Application.php(1235): Illuminate/Foundation/Console/Kernel->handle()
#44 D:/bakery-production-system/backend/artisan(16): Illuminate/Foundation/Application->handleCommand()
#45 {main}

[previous exception] [object] (PDOException(code: 42S01): SQLSTATE[42S01]: Base table or view already exists: 1050 Table 'jobs' already exists at D:/bakery-production-system/backend/vendor/laravel/framework/src/Illuminate/Database/Connection.php:587)
[stacktrace]
#0 D:/bakery-production-system/backend/vendor/laravel/framework/src/Illuminate/Database/Connection.php(587): PDOStatement->execute()
#1 D:/bakery-production-system/backend/vendor/laravel/framework/src/Illuminate/Database/Connection.php(832): Illuminate/Database/Connection->{closure:Illuminate/Database/Connection::statement():576}()
#2 D:/bakery-production-system/backend/vendor/laravel/framework/src/Illuminate/Database/Connection.php(799): Illuminate/Database/Connection->runQueryCallback()
#3 D:/bakery-production-system/backend/vendor/laravel/framework/src/Illuminate/Database/Connection.php(576): Illuminate/Database/Connection->run()
#4 D:/bakery-production-system/backend/vendor/laravel/framework/src/Illuminate/Database/Schema/Blueprint.php(122): Illuminate/Database/Connection->statement()
#5 D:/bakery-production-system/backend/vendor/laravel/framework/src/Illuminate/Database/Schema/Builder.php(708): Illuminate/Database/Schema/Blueprint->build()
#6 D:/bakery-production-system/backend/vendor/laravel/framework/src/Illuminate/Database/Schema/Builder.php(526): Illuminate/Database/Schema/Builder->build()
#7 D:/bakery-production-system/backend/vendor/laravel/framework/src/Illuminate/Support/Facades/Facade.php(363): Illuminate/Database/Schema/Builder->create()
#8 D:/bakery-production-system/backend/database/migrations/0001_01_01_000002_create_jobs_table.php(14): Illuminate/Support/Facades/Facade::__callStatic()
#9 D:/bakery-production-system/backend/vendor/laravel/framework/src/Illuminate/Database/Migrations/Migrator.php(517): Illuminate/Database/Migrations/Migration@anonymous->up()
#10 D:/bakery-production-system/backend/vendor/laravel/framework/src/Illuminate/Database/Migrations/Migrator.php(442): Illuminate/Database/Migrations/Migrator->runMethod()
#11 D:/bakery-production-system/backend/vendor/laravel/framework/src/Illuminate/Database/Migrations/Migrator.php(451): Illuminate/Database/Migrations/Migrator->{closure:Illuminate/Database/Migrations/Migrator::runMigration():438}()
#12 D:/bakery-production-system/backend/vendor/laravel/framework/src/Illuminate/Database/Migrations/Migrator.php(253): Illuminate/Database/Migrations/Migrator->runMigration()
#13 D:/bakery-production-system/backend/vendor/laravel/framework/src/Illuminate/Console/View/Components/Task.php(43): Illuminate/Database/Migrations/Migrator->{closure:Illuminate/Database/Migrations/Migrator::runUp():253}()
#14 D:/bakery-production-system/backend/vendor/laravel/framework/src/Illuminate/Database/Migrations/Migrator.php(814): Illuminate/Console/View/Components/Task->render()
#15 D:/bakery-production-system/backend/vendor/laravel/framework/src/Illuminate/Database/Migrations/Migrator.php(253): Illuminate/Database/Migrations/Migrator->write()
#16 D:/bakery-production-system/backend/vendor/laravel/framework/src/Illuminate/Database/Migrations/Migrator.php(211): Illuminate/Database/Migrations/Migrator->runUp()
#17 D:/bakery-production-system/backend/vendor/laravel/framework/src/Illuminate/Database/Migrations/Migrator.php(138): Illuminate/Database/Migrations/Migrator->runPending()
#18 D:/bakery-production-system/backend/vendor/laravel/framework/src/Illuminate/Database/Console/Migrations/MigrateCommand.php(118): Illuminate/Database/Migrations/Migrator->run()
#19 D:/bakery-production-system/backend/vendor/laravel/framework/src/Illuminate/Database/Migrations/Migrator.php(671): Illuminate/Database/Console/Migrations/MigrateCommand->{closure:Illuminate/Database/Console/Migrations/MigrateCommand::runMigrations():111}()
#20 D:/bakery-production-system/backend/vendor/laravel/framework/src/Illuminate/Database/Console/Migrations/MigrateCommand.php(111): Illuminate/Database/Migrations/Migrator->usingConnection()
#21 D:/bakery-production-system/backend/vendor/laravel/framework/src/Illuminate/Database/Console/Migrations/MigrateCommand.php(90): Illuminate/Database/Console/Migrations/MigrateCommand->runMigrations()
#22 D:/bakery-production-system/backend/vendor/laravel/framework/src/Illuminate/Container/BoundMethod.php(36): Illuminate/Database/Console/Migrations/MigrateCommand->handle()
#23 D:/bakery-production-system/backend/vendor/laravel/framework/src/Illuminate/Container/Util.php(43): Illuminate/Container/BoundMethod::{closure:Illuminate/Container/BoundMethod::call():35}()
#24 D:/bakery-production-system/backend/vendor/laravel/framework/src/Illuminate/Container/BoundMethod.php(96): Illuminate/Container/Util::unwrapIfClosure()
#25 D:/bakery-production-system/backend/vendor/laravel/framework/src/Illuminate/Container/BoundMethod.php(35): Illuminate/Container/BoundMethod::callBoundMethod()
#26 D:/bakery-production-system/backend/vendor/laravel/framework/src/Illuminate/Container/Container.php(799): Illuminate/Container/BoundMethod::call()
#27 D:/bakery-production-system/backend/vendor/laravel/framework/src/Illuminate/Console/Command.php(280): Illuminate/Container/Container->call()
#28 D:/bakery-production-system/backend/vendor/symfony/console/Command/Command.php(284): Illuminate/Console/Command->execute()
#29 D:/bakery-production-system/backend/vendor/laravel/framework/src/Illuminate/Console/Command.php(249): Symfony/Component/Console/Command/Command->run()
#30 D:/bakery-production-system/backend/vendor/laravel/framework/src/Illuminate/Console/Concerns/CallsCommands.php(68): Illuminate/Console/Command->run()
#31 D:/bakery-production-system/backend/vendor/laravel/framework/src/Illuminate/Console/Concerns/CallsCommands.php(29): Illuminate/Console/Command->runCommand()
#32 D:/bakery-production-system/backend/vendor/laravel/framework/src/Illuminate/Database/Console/Migrations/FreshCommand.php(88): Illuminate/Console/Command->call()
#33 D:/bakery-production-system/backend/vendor/laravel/framework/src/Illuminate/Container/BoundMethod.php(36): Illuminate/Database/Console/Migrations/FreshCommand->handle()
#34 D:/bakery-production-system/backend/vendor/laravel/framework/src/Illuminate/Container/Util.php(43): Illuminate/Container/BoundMethod::{closure:Illuminate/Container/BoundMethod::call():35}()
#35 D:/bakery-production-system/backend/vendor/laravel/framework/src/Illuminate/Container/BoundMethod.php(96): Illuminate/Container/Util::unwrapIfClosure()
#36 D:/bakery-production-system/backend/vendor/laravel/framework/src/Illuminate/Container/BoundMethod.php(35): Illuminate/Container/BoundMethod::callBoundMethod()
#37 D:/bakery-production-system/backend/vendor/laravel/framework/src/Illuminate/Container/Container.php(799): Illuminate/Container/BoundMethod::call()
#38 D:/bakery-production-system/backend/vendor/laravel/framework/src/Illuminate/Console/Command.php(280): Illuminate/Container/Container->call()
#39 D:/bakery-production-system/backend/vendor/symfony/console/Command/Command.php(284): Illuminate/Console/Command->execute()
#40 D:/bakery-production-system/backend/vendor/laravel/framework/src/Illuminate/Console/Command.php(249): Symfony/Component/Console/Command/Command->run()
#41 D:/bakery-production-system/backend/vendor/symfony/console/Application.php(1144): Illuminate/Console/Command->run()
#42 D:/bakery-production-system/backend/vendor/symfony/console/Application.php(379): Symfony/Component/Console/Application->doRunCommand()
#43 D:/bakery-production-system/backend/vendor/symfony/console/Application.php(218): Symfony/Component/Console/Application->doRun()
#44 D:/bakery-production-system/backend/vendor/laravel/framework/src/Illuminate/Foundation/Console/Kernel.php(198): Symfony/Component/Console/Application->run()
#45 D:/bakery-production-system/backend/vendor/laravel/framework/src/Illuminate/Foundation/Application.php(1235): Illuminate/Foundation/Console/Kernel->handle()
#46 D:/bakery-production-system/backend/artisan(16): Illuminate/Foundation/Application->handleCommand()
#47 {main}
"} 
[2026-06-23 07:22:51] local.ERROR: SQLSTATE[42S01]: Base table or view already exists: 1050 Table 'jobs' already exists (Connection: mysql, Host: 127.0.0.1, Port: 3306, Database: bakery_db, SQL: create table `jobs` (`id` bigint unsigned not null auto_increment primary key, `queue` varchar(255) not null, `payload` longtext not null, `attempts` smallint unsigned not null, `reserved_at` int unsigned null, `available_at` int unsigned not null, `created_at` int unsigned not null) default character set utf8mb4 collate 'utf8mb4_unicode_ci') {"exception":"[object] (Illuminate\\Database\\QueryException(code: 42S01): SQLSTATE[42S01]: Base table or view already exists: 1050 Table 'jobs' already exists (Connection: mysql, Host: 127.0.0.1, Port: 3306, Database: bakery_db, SQL: create table `jobs` (`id` bigint unsigned not null auto_increment primary key, `queue` varchar(255) not null, `payload` longtext not null, `attempts` smallint unsigned not null, `reserved_at` int unsigned null, `available_at` int unsigned not null, `created_at` int unsigned not null) default character set utf8mb4 collate 'utf8mb4_unicode_ci') at D:/bakery-production-system/backend/vendor/laravel/framework/src/Illuminate/Database/Connection.php:843)
[stacktrace]
#0 D:/bakery-production-system/backend/vendor/laravel/framework/src/Illuminate/Database/Connection.php(799): Illuminate/Database/Connection->runQueryCallback()
#1 D:/bakery-production-system/backend/vendor/laravel/framework/src/Illuminate/Database/Connection.php(576): Illuminate/Database/Connection->run()
#2 D:/bakery-production-system/backend/vendor/laravel/framework/src/Illuminate/Database/Schema/Blueprint.php(122): Illuminate/Database/Connection->statement()
#3 D:/bakery-production-system/backend/vendor/laravel/framework/src/Illuminate/Database/Schema/Builder.php(708): Illuminate/Database/Schema/Blueprint->build()
#4 D:/bakery-production-system/backend/vendor/laravel/framework/src/Illuminate/Database/Schema/Builder.php(526): Illuminate/Database/Schema/Builder->build()
#5 D:/bakery-production-system/backend/vendor/laravel/framework/src/Illuminate/Support/Facades/Facade.php(363): Illuminate/Database/Schema/Builder->create()
#6 D:/bakery-production-system/backend/database/migrations/0001_01_01_000002_create_jobs_table.php(14): Illuminate/Support/Facades/Facade::__callStatic()
#7 D:/bakery-production-system/backend/vendor/laravel/framework/src/Illuminate/Database/Migrations/Migrator.php(517): Illuminate/Database/Migrations/Migration@anonymous->up()
#8 D:/bakery-production-system/backend/vendor/laravel/framework/src/Illuminate/Database/Migrations/Migrator.php(442): Illuminate/Database/Migrations/Migrator->runMethod()
#9 D:/bakery-production-system/backend/vendor/laravel/framework/src/Illuminate/Database/Migrations/Migrator.php(451): Illuminate/Database/Migrations/Migrator->{closure:Illuminate/Database/Migrations/Migrator::runMigration():438}()
#10 D:/bakery-production-system/backend/vendor/laravel/framework/src/Illuminate/Database/Migrations/Migrator.php(253): Illuminate/Database/Migrations/Migrator->runMigration()
#11 D:/bakery-production-system/backend/vendor/laravel/framework/src/Illuminate/Console/View/Components/Task.php(43): Illuminate/Database/Migrations/Migrator->{closure:Illuminate/Database/Migrations/Migrator::runUp():253}()
#12 D:/bakery-production-system/backend/vendor/laravel/framework/src/Illuminate/Database/Migrations/Migrator.php(814): Illuminate/Console/View/Components/Task->render()
#13 D:/bakery-production-system/backend/vendor/laravel/framework/src/Illuminate/Database/Migrations/Migrator.php(253): Illuminate/Database/Migrations/Migrator->write()
#14 D:/bakery-production-system/backend/vendor/laravel/framework/src/Illuminate/Database/Migrations/Migrator.php(211): Illuminate/Database/Migrations/Migrator->runUp()
#15 D:/bakery-production-system/backend/vendor/laravel/framework/src/Illuminate/Database/Migrations/Migrator.php(138): Illuminate/Database/Migrations/Migrator->runPending()
#16 D:/bakery-production-system/backend/vendor/laravel/framework/src/Illuminate/Database/Console/Migrations/MigrateCommand.php(118): Illuminate/Database/Migrations/Migrator->run()
#17 D:/bakery-production-system/backend/vendor/laravel/framework/src/Illuminate/Database/Migrations/Migrator.php(671): Illuminate/Database/Console/Migrations/MigrateCommand->{closure:Illuminate/Database/Console/Migrations/MigrateCommand::runMigrations():111}()
#18 D:/bakery-production-system/backend/vendor/laravel/framework/src/Illuminate/Database/Console/Migrations/MigrateCommand.php(111): Illuminate/Database/Migrations/Migrator->usingConnection()
#19 D:/bakery-production-system/backend/vendor/laravel/framework/src/Illuminate/Database/Console/Migrations/MigrateCommand.php(90): Illuminate/Database/Console/Migrations/MigrateCommand->runMigrations()
#20 D:/bakery-production-system/backend/vendor/laravel/framework/src/Illuminate/Container/BoundMethod.php(36): Illuminate/Database/Console/Migrations/MigrateCommand->handle()
#21 D:/bakery-production-system/backend/vendor/laravel/framework/src/Illuminate/Container/Util.php(43): Illuminate/Container/BoundMethod::{closure:Illuminate/Container/BoundMethod::call():35}()
#22 D:/bakery-production-system/backend/vendor/laravel/framework/src/Illuminate/Container/BoundMethod.php(96): Illuminate/Container/Util::unwrapIfClosure()
#23 D:/bakery-production-system/backend/vendor/laravel/framework/src/Illuminate/Container/BoundMethod.php(35): Illuminate/Container/BoundMethod::callBoundMethod()
#24 D:/bakery-production-system/backend/vendor/laravel/framework/src/Illuminate/Container/Container.php(799): Illuminate/Container/BoundMethod::call()
#25 D:/bakery-production-system/backend/vendor/laravel/framework/src/Illuminate/Console/Command.php(280): Illuminate/Container/Container->call()
#26 D:/bakery-production-system/backend/vendor/symfony/console/Command/Command.php(284): Illuminate/Console/Command->execute()
#27 D:/bakery-production-system/backend/vendor/laravel/framework/src/Illuminate/Console/Command.php(249): Symfony/Component/Console/Command/Command->run()
#28 D:/bakery-production-system/backend/vendor/laravel/framework/src/Illuminate/Console/Concerns/CallsCommands.php(68): Illuminate/Console/Command->run()
#29 D:/bakery-production-system/backend/vendor/laravel/framework/src/Illuminate/Console/Concerns/CallsCommands.php(29): Illuminate/Console/Command->runCommand()
#30 D:/bakery-production-system/backend/vendor/laravel/framework/src/Illuminate/Database/Console/Migrations/FreshCommand.php(88): Illuminate/Console/Command->call()
#31 D:/bakery-production-system/backend/vendor/laravel/framework/src/Illuminate/Container/BoundMethod.php(36): Illuminate/Database/Console/Migrations/FreshCommand->handle()
#32 D:/bakery-production-system/backend/vendor/laravel/framework/src/Illuminate/Container/Util.php(43): Illuminate/Container/BoundMethod::{closure:Illuminate/Container/BoundMethod::call():35}()
#33 D:/bakery-production-system/backend/vendor/laravel/framework/src/Illuminate/Container/BoundMethod.php(96): Illuminate/Container/Util::unwrapIfClosure()
#34 D:/bakery-production-system/backend/vendor/laravel/framework/src/Illuminate/Container/BoundMethod.php(35): Illuminate/Container/BoundMethod::callBoundMethod()
#35 D:/bakery-production-system/backend/vendor/laravel/framework/src/Illuminate/Container/Container.php(799): Illuminate/Container/BoundMethod::call()
#36 D:/bakery-production-system/backend/vendor/laravel/framework/src/Illuminate/Console/Command.php(280): Illuminate/Container/Container->call()
#37 D:/bakery-production-system/backend/vendor/symfony/console/Command/Command.php(284): Illuminate/Console/Command->execute()
#38 D:/bakery-production-system/backend/vendor/laravel/framework/src/Illuminate/Console/Command.php(249): Symfony/Component/Console/Command/Command->run()
#39 D:/bakery-production-system/backend/vendor/symfony/console/Application.php(1144): Illuminate/Console/Command->run()
#40 D:/bakery-production-system/backend/vendor/symfony/console/Application.php(379): Symfony/Component/Console/Application->doRunCommand()
#41 D:/bakery-production-system/backend/vendor/symfony/console/Application.php(218): Symfony/Component/Console/Application->doRun()
#42 D:/bakery-production-system/backend/vendor/laravel/framework/src/Illuminate/Foundation/Console/Kernel.php(198): Symfony/Component/Console/Application->run()
#43 D:/bakery-production-system/backend/vendor/laravel/framework/src/Illuminate/Foundation/Application.php(1235): Illuminate/Foundation/Console/Kernel->handle()
#44 D:/bakery-production-system/backend/artisan(16): Illuminate/Foundation/Application->handleCommand()
#45 {main}

[previous exception] [object] (PDOException(code: 42S01): SQLSTATE[42S01]: Base table or view already exists: 1050 Table 'jobs' already exists at D:/bakery-production-system/backend/vendor/laravel/framework/src/Illuminate/Database/Connection.php:587)
[stacktrace]
#0 D:/bakery-production-system/backend/vendor/laravel/framework/src/Illuminate/Database/Connection.php(587): PDOStatement->execute()
#1 D:/bakery-production-system/backend/vendor/laravel/framework/src/Illuminate/Database/Connection.php(832): Illuminate/Database/Connection->{closure:Illuminate/Database/Connection::statement():576}()
#2 D:/bakery-production-system/backend/vendor/laravel/framework/src/Illuminate/Database/Connection.php(799): Illuminate/Database/Connection->runQueryCallback()
#3 D:/bakery-production-system/backend/vendor/laravel/framework/src/Illuminate/Database/Connection.php(576): Illuminate/Database/Connection->run()
#4 D:/bakery-production-system/backend/vendor/laravel/framework/src/Illuminate/Database/Schema/Blueprint.php(122): Illuminate/Database/Connection->statement()
#5 D:/bakery-production-system/backend/vendor/laravel/framework/src/Illuminate/Database/Schema/Builder.php(708): Illuminate/Database/Schema/Blueprint->build()
#6 D:/bakery-production-system/backend/vendor/laravel/framework/src/Illuminate/Database/Schema/Builder.php(526): Illuminate/Database/Schema/Builder->build()
#7 D:/bakery-production-system/backend/vendor/laravel/framework/src/Illuminate/Support/Facades/Facade.php(363): Illuminate/Database/Schema/Builder->create()
#8 D:/bakery-production-system/backend/database/migrations/0001_01_01_000002_create_jobs_table.php(14): Illuminate/Support/Facades/Facade::__callStatic()
#9 D:/bakery-production-system/backend/vendor/laravel/framework/src/Illuminate/Database/Migrations/Migrator.php(517): Illuminate/Database/Migrations/Migration@anonymous->up()
#10 D:/bakery-production-system/backend/vendor/laravel/framework/src/Illuminate/Database/Migrations/Migrator.php(442): Illuminate/Database/Migrations/Migrator->runMethod()
#11 D:/bakery-production-system/backend/vendor/laravel/framework/src/Illuminate/Database/Migrations/Migrator.php(451): Illuminate/Database/Migrations/Migrator->{closure:Illuminate/Database/Migrations/Migrator::runMigration():438}()
#12 D:/bakery-production-system/backend/vendor/laravel/framework/src/Illuminate/Database/Migrations/Migrator.php(253): Illuminate/Database/Migrations/Migrator->runMigration()
#13 D:/bakery-production-system/backend/vendor/laravel/framework/src/Illuminate/Console/View/Components/Task.php(43): Illuminate/Database/Migrations/Migrator->{closure:Illuminate/Database/Migrations/Migrator::runUp():253}()
#14 D:/bakery-production-system/backend/vendor/laravel/framework/src/Illuminate/Database/Migrations/Migrator.php(814): Illuminate/Console/View/Components/Task->render()
#15 D:/bakery-production-system/backend/vendor/laravel/framework/src/Illuminate/Database/Migrations/Migrator.php(253): Illuminate/Database/Migrations/Migrator->write()
#16 D:/bakery-production-system/backend/vendor/laravel/framework/src/Illuminate/Database/Migrations/Migrator.php(211): Illuminate/Database/Migrations/Migrator->runUp()
#17 D:/bakery-production-system/backend/vendor/laravel/framework/src/Illuminate/Database/Migrations/Migrator.php(138): Illuminate/Database/Migrations/Migrator->runPending()
#18 D:/bakery-production-system/backend/vendor/laravel/framework/src/Illuminate/Database/Console/Migrations/MigrateCommand.php(118): Illuminate/Database/Migrations/Migrator->run()
#19 D:/bakery-production-system/backend/vendor/laravel/framework/src/Illuminate/Database/Migrations/Migrator.php(671): Illuminate/Database/Console/Migrations/MigrateCommand->{closure:Illuminate/Database/Console/Migrations/MigrateCommand::runMigrations():111}()
#20 D:/bakery-production-system/backend/vendor/laravel/framework/src/Illuminate/Database/Console/Migrations/MigrateCommand.php(111): Illuminate/Database/Migrations/Migrator->usingConnection()
#21 D:/bakery-production-system/backend/vendor/laravel/framework/src/Illuminate/Database/Console/Migrations/MigrateCommand.php(90): Illuminate/Database/Console/Migrations/MigrateCommand->runMigrations()
#22 D:/bakery-production-system/backend/vendor/laravel/framework/src/Illuminate/Container/BoundMethod.php(36): Illuminate/Database/Console/Migrations/MigrateCommand->handle()
#23 D:/bakery-production-system/backend/vendor/laravel/framework/src/Illuminate/Container/Util.php(43): Illuminate/Container/BoundMethod::{closure:Illuminate/Container/BoundMethod::call():35}()
#24 D:/bakery-production-system/backend/vendor/laravel/framework/src/Illuminate/Container/BoundMethod.php(96): Illuminate/Container/Util::unwrapIfClosure()
#25 D:/bakery-production-system/backend/vendor/laravel/framework/src/Illuminate/Container/BoundMethod.php(35): Illuminate/Container/BoundMethod::callBoundMethod()
#26 D:/bakery-production-system/backend/vendor/laravel/framework/src/Illuminate/Container/Container.php(799): Illuminate/Container/BoundMethod::call()
#27 D:/bakery-production-system/backend/vendor/laravel/framework/src/Illuminate/Console/Command.php(280): Illuminate/Container/Container->call()
#28 D:/bakery-production-system/backend/vendor/symfony/console/Command/Command.php(284): Illuminate/Console/Command->execute()
#29 D:/bakery-production-system/backend/vendor/laravel/framework/src/Illuminate/Console/Command.php(249): Symfony/Component/Console/Command/Command->run()
#30 D:/bakery-production-system/backend/vendor/laravel/framework/src/Illuminate/Console/Concerns/CallsCommands.php(68): Illuminate/Console/Command->run()
#31 D:/bakery-production-system/backend/vendor/laravel/framework/src/Illuminate/Console/Concerns/CallsCommands.php(29): Illuminate/Console/Command->runCommand()
#32 D:/bakery-production-system/backend/vendor/laravel/framework/src/Illuminate/Database/Console/Migrations/FreshCommand.php(88): Illuminate/Console/Command->call()
#33 D:/bakery-production-system/backend/vendor/laravel/framework/src/Illuminate/Container/BoundMethod.php(36): Illuminate/Database/Console/Migrations/FreshCommand->handle()
#34 D:/bakery-production-system/backend/vendor/laravel/framework/src/Illuminate/Container/Util.php(43): Illuminate/Container/BoundMethod::{closure:Illuminate/Container/BoundMethod::call():35}()
#35 D:/bakery-production-system/backend/vendor/laravel/framework/src/Illuminate/Container/BoundMethod.php(96): Illuminate/Container/Util::unwrapIfClosure()
#36 D:/bakery-production-system/backend/vendor/laravel/framework/src/Illuminate/Container/BoundMethod.php(35): Illuminate/Container/BoundMethod::callBoundMethod()
#37 D:/bakery-production-system/backend/vendor/laravel/framework/src/Illuminate/Container/Container.php(799): Illuminate/Container/BoundMethod::call()
#38 D:/bakery-production-system/backend/vendor/laravel/framework/src/Illuminate/Console/Command.php(280): Illuminate/Container/Container->call()
#39 D:/bakery-production-system/backend/vendor/symfony/console/Command/Command.php(284): Illuminate/Console/Command->execute()
#40 D:/bakery-production-system/backend/vendor/laravel/framework/src/Illuminate/Console/Command.php(249): Symfony/Component/Console/Command/Command->run()
#41 D:/bakery-production-system/backend/vendor/symfony/console/Application.php(1144): Illuminate/Console/Command->run()
#42 D:/bakery-production-system/backend/vendor/symfony/console/Application.php(379): Symfony/Component/Console/Application->doRunCommand()
#43 D:/bakery-production-system/backend/vendor/symfony/console/Application.php(218): Symfony/Component/Console/Application->doRun()
#44 D:/bakery-production-system/backend/vendor/laravel/framework/src/Illuminate/Foundation/Console/Kernel.php(198): Symfony/Component/Console/Application->run()
#45 D:/bakery-production-system/backend/vendor/laravel/framework/src/Illuminate/Foundation/Application.php(1235): Illuminate/Foundation/Console/Kernel->handle()
#46 D:/bakery-production-system/backend/artisan(16): Illuminate/Foundation/Application->handleCommand()
#47 {main}
"} 
[2026-06-23 07:34:16] local.ERROR: SQLSTATE[42S02]: Base table or view not found: 1146 Table 'bakery_db.cache' doesn't exist (Connection: mysql, Host: 127.0.0.1, Port: 3306, Database: bakery_db, SQL: delete from `cache`) {"exception":"[object] (Illuminate\\Database\\QueryException(code: 42S02): SQLSTATE[42S02]: Base table or view not found: 1146 Table 'bakery_db.cache' doesn't exist (Connection: mysql, Host: 127.0.0.1, Port: 3306, Database: bakery_db, SQL: delete from `cache`) at D:/bakery-production-system/backend/vendor/laravel/framework/src/Illuminate/Database/Connection.php:843)
[stacktrace]
#0 D:/bakery-production-system/backend/vendor/laravel/framework/src/Illuminate/Database/Connection.php(799): Illuminate/Database/Connection->runQueryCallback()
#1 D:/bakery-production-system/backend/vendor/laravel/framework/src/Illuminate/Database/Connection.php(600): Illuminate/Database/Connection->run()
#2 D:/bakery-production-system/backend/vendor/laravel/framework/src/Illuminate/Database/Connection.php(564): Illuminate/Database/Connection->affectingStatement()
#3 D:/bakery-production-system/backend/vendor/laravel/framework/src/Illuminate/Database/Query/Builder.php(4520): Illuminate/Database/Connection->delete()
#4 D:/bakery-production-system/backend/vendor/laravel/framework/src/Illuminate/Cache/DatabaseStore.php(450): Illuminate/Database/Query/Builder->delete()
#5 D:/bakery-production-system/backend/vendor/laravel/framework/src/Illuminate/Cache/Repository.php(1071): Illuminate/Cache/DatabaseStore->flush()
#6 D:/bakery-production-system/backend/vendor/laravel/framework/src/Illuminate/Cache/Console/ClearCommand.php(80): Illuminate/Cache/Repository->__call()
#7 D:/bakery-production-system/backend/vendor/laravel/framework/src/Illuminate/Container/BoundMethod.php(36): Illuminate/Cache/Console/ClearCommand->handle()
#8 D:/bakery-production-system/backend/vendor/laravel/framework/src/Illuminate/Container/Util.php(43): Illuminate/Container/BoundMethod::{closure:Illuminate/Container/BoundMethod::call():35}()
#9 D:/bakery-production-system/backend/vendor/laravel/framework/src/Illuminate/Container/BoundMethod.php(96): Illuminate/Container/Util::unwrapIfClosure()
#10 D:/bakery-production-system/backend/vendor/laravel/framework/src/Illuminate/Container/BoundMethod.php(35): Illuminate/Container/BoundMethod::callBoundMethod()
#11 D:/bakery-production-system/backend/vendor/laravel/framework/src/Illuminate/Container/Container.php(799): Illuminate/Container/BoundMethod::call()
#12 D:/bakery-production-system/backend/vendor/laravel/framework/src/Illuminate/Console/Command.php(280): Illuminate/Container/Container->call()
#13 D:/bakery-production-system/backend/vendor/symfony/console/Command/Command.php(284): Illuminate/Console/Command->execute()
#14 D:/bakery-production-system/backend/vendor/laravel/framework/src/Illuminate/Console/Command.php(249): Symfony/Component/Console/Command/Command->run()
#15 D:/bakery-production-system/backend/vendor/symfony/console/Application.php(1144): Illuminate/Console/Command->run()
#16 D:/bakery-production-system/backend/vendor/symfony/console/Application.php(379): Symfony/Component/Console/Application->doRunCommand()
#17 D:/bakery-production-system/backend/vendor/symfony/console/Application.php(218): Symfony/Component/Console/Application->doRun()
#18 D:/bakery-production-system/backend/vendor/laravel/framework/src/Illuminate/Foundation/Console/Kernel.php(198): Symfony/Component/Console/Application->run()
#19 D:/bakery-production-system/backend/vendor/laravel/framework/src/Illuminate/Foundation/Application.php(1235): Illuminate/Foundation/Console/Kernel->handle()
#20 D:/bakery-production-system/backend/artisan(16): Illuminate/Foundation/Application->handleCommand()
#21 {main}

[previous exception] [object] (PDOException(code: 42S02): SQLSTATE[42S02]: Base table or view not found: 1146 Table 'bakery_db.cache' doesn't exist at D:/bakery-production-system/backend/vendor/laravel/framework/src/Illuminate/Database/Connection.php:608)
[stacktrace]
#0 D:/bakery-production-system/backend/vendor/laravel/framework/src/Illuminate/Database/Connection.php(608): PDO->prepare()
#1 D:/bakery-production-system/backend/vendor/laravel/framework/src/Illuminate/Database/Connection.php(832): Illuminate/Database/Connection->{closure:Illuminate/Database/Connection::affectingStatement():600}()
#2 D:/bakery-production-system/backend/vendor/laravel/framework/src/Illuminate/Database/Connection.php(799): Illuminate/Database/Connection->runQueryCallback()
#3 D:/bakery-production-system/backend/vendor/laravel/framework/src/Illuminate/Database/Connection.php(600): Illuminate/Database/Connection->run()
#4 D:/bakery-production-system/backend/vendor/laravel/framework/src/Illuminate/Database/Connection.php(564): Illuminate/Database/Connection->affectingStatement()
#5 D:/bakery-production-system/backend/vendor/laravel/framework/src/Illuminate/Database/Query/Builder.php(4520): Illuminate/Database/Connection->delete()
#6 D:/bakery-production-system/backend/vendor/laravel/framework/src/Illuminate/Cache/DatabaseStore.php(450): Illuminate/Database/Query/Builder->delete()
#7 D:/bakery-production-system/backend/vendor/laravel/framework/src/Illuminate/Cache/Repository.php(1071): Illuminate/Cache/DatabaseStore->flush()
#8 D:/bakery-production-system/backend/vendor/laravel/framework/src/Illuminate/Cache/Console/ClearCommand.php(80): Illuminate/Cache/Repository->__call()
#9 D:/bakery-production-system/backend/vendor/laravel/framework/src/Illuminate/Container/BoundMethod.php(36): Illuminate/Cache/Console/ClearCommand->handle()
#10 D:/bakery-production-system/backend/vendor/laravel/framework/src/Illuminate/Container/Util.php(43): Illuminate/Container/BoundMethod::{closure:Illuminate/Container/BoundMethod::call():35}()
#11 D:/bakery-production-system/backend/vendor/laravel/framework/src/Illuminate/Container/BoundMethod.php(96): Illuminate/Container/Util::unwrapIfClosure()
#12 D:/bakery-production-system/backend/vendor/laravel/framework/src/Illuminate/Container/BoundMethod.php(35): Illuminate/Container/BoundMethod::callBoundMethod()
#13 D:/bakery-production-system/backend/vendor/laravel/framework/src/Illuminate/Container/Container.php(799): Illuminate/Container/BoundMethod::call()
#14 D:/bakery-production-system/backend/vendor/laravel/framework/src/Illuminate/Console/Command.php(280): Illuminate/Container/Container->call()
#15 D:/bakery-production-system/backend/vendor/symfony/console/Command/Command.php(284): Illuminate/Console/Command->execute()
#16 D:/bakery-production-system/backend/vendor/laravel/framework/src/Illuminate/Console/Command.php(249): Symfony/Component/Console/Command/Command->run()
#17 D:/bakery-production-system/backend/vendor/symfony/console/Application.php(1144): Illuminate/Console/Command->run()
#18 D:/bakery-production-system/backend/vendor/symfony/console/Application.php(379): Symfony/Component/Console/Application->doRunCommand()
#19 D:/bakery-production-system/backend/vendor/symfony/console/Application.php(218): Symfony/Component/Console/Application->doRun()
#20 D:/bakery-production-system/backend/vendor/laravel/framework/src/Illuminate/Foundation/Console/Kernel.php(198): Symfony/Component/Console/Application->run()
#21 D:/bakery-production-system/backend/vendor/laravel/framework/src/Illuminate/Foundation/Application.php(1235): Illuminate/Foundation/Console/Kernel->handle()
#22 D:/bakery-production-system/backend/artisan(16): Illuminate/Foundation/Application->handleCommand()
#23 {main}
"} 
[2026-06-23 07:34:40] local.ERROR: SQLSTATE[42S01]: Base table or view already exists: 1050 Table 'jobs' already exists (Connection: mysql, Host: 127.0.0.1, Port: 3306, Database: bakery_db, SQL: create table `jobs` (`id` bigint unsigned not null auto_increment primary key, `queue` varchar(255) not null, `payload` longtext not null, `attempts` smallint unsigned not null, `reserved_at` int unsigned null, `available_at` int unsigned not null, `created_at` int unsigned not null) default character set utf8mb4 collate 'utf8mb4_unicode_ci') {"exception":"[object] (Illuminate\\Database\\QueryException(code: 42S01): SQLSTATE[42S01]: Base table or view already exists: 1050 Table 'jobs' already exists (Connection: mysql, Host: 127.0.0.1, Port: 3306, Database: bakery_db, SQL: create table `jobs` (`id` bigint unsigned not null auto_increment primary key, `queue` varchar(255) not null, `payload` longtext not null, `attempts` smallint unsigned not null, `reserved_at` int unsigned null, `available_at` int unsigned not null, `created_at` int unsigned not null) default character set utf8mb4 collate 'utf8mb4_unicode_ci') at D:/bakery-production-system/backend/vendor/laravel/framework/src/Illuminate/Database/Connection.php:843)
[stacktrace]
#0 D:/bakery-production-system/backend/vendor/laravel/framework/src/Illuminate/Database/Connection.php(799): Illuminate/Database/Connection->runQueryCallback()
#1 D:/bakery-production-system/backend/vendor/laravel/framework/src/Illuminate/Database/Connection.php(576): Illuminate/Database/Connection->run()
#2 D:/bakery-production-system/backend/vendor/laravel/framework/src/Illuminate/Database/Schema/Blueprint.php(122): Illuminate/Database/Connection->statement()
#3 D:/bakery-production-system/backend/vendor/laravel/framework/src/Illuminate/Database/Schema/Builder.php(708): Illuminate/Database/Schema/Blueprint->build()
#4 D:/bakery-production-system/backend/vendor/laravel/framework/src/Illuminate/Database/Schema/Builder.php(526): Illuminate/Database/Schema/Builder->build()
#5 D:/bakery-production-system/backend/vendor/laravel/framework/src/Illuminate/Support/Facades/Facade.php(363): Illuminate/Database/Schema/Builder->create()
#6 D:/bakery-production-system/backend/database/migrations/0001_01_01_000002_create_jobs_table.php(14): Illuminate/Support/Facades/Facade::__callStatic()
#7 D:/bakery-production-system/backend/vendor/laravel/framework/src/Illuminate/Database/Migrations/Migrator.php(517): Illuminate/Database/Migrations/Migration@anonymous->up()
#8 D:/bakery-production-system/backend/vendor/laravel/framework/src/Illuminate/Database/Migrations/Migrator.php(442): Illuminate/Database/Migrations/Migrator->runMethod()
#9 D:/bakery-production-system/backend/vendor/laravel/framework/src/Illuminate/Database/Migrations/Migrator.php(451): Illuminate/Database/Migrations/Migrator->{closure:Illuminate/Database/Migrations/Migrator::runMigration():438}()
#10 D:/bakery-production-system/backend/vendor/laravel/framework/src/Illuminate/Database/Migrations/Migrator.php(253): Illuminate/Database/Migrations/Migrator->runMigration()
#11 D:/bakery-production-system/backend/vendor/laravel/framework/src/Illuminate/Console/View/Components/Task.php(43): Illuminate/Database/Migrations/Migrator->{closure:Illuminate/Database/Migrations/Migrator::runUp():253}()
#12 D:/bakery-production-system/backend/vendor/laravel/framework/src/Illuminate/Database/Migrations/Migrator.php(814): Illuminate/Console/View/Components/Task->render()
#13 D:/bakery-production-system/backend/vendor/laravel/framework/src/Illuminate/Database/Migrations/Migrator.php(253): Illuminate/Database/Migrations/Migrator->write()
#14 D:/bakery-production-system/backend/vendor/laravel/framework/src/Illuminate/Database/Migrations/Migrator.php(211): Illuminate/Database/Migrations/Migrator->runUp()
#15 D:/bakery-production-system/backend/vendor/laravel/framework/src/Illuminate/Database/Migrations/Migrator.php(138): Illuminate/Database/Migrations/Migrator->runPending()
#16 D:/bakery-production-system/backend/vendor/laravel/framework/src/Illuminate/Database/Console/Migrations/MigrateCommand.php(118): Illuminate/Database/Migrations/Migrator->run()
#17 D:/bakery-production-system/backend/vendor/laravel/framework/src/Illuminate/Database/Migrations/Migrator.php(671): Illuminate/Database/Console/Migrations/MigrateCommand->{closure:Illuminate/Database/Console/Migrations/MigrateCommand::runMigrations():111}()
#18 D:/bakery-production-system/backend/vendor/laravel/framework/src/Illuminate/Database/Console/Migrations/MigrateCommand.php(111): Illuminate/Database/Migrations/Migrator->usingConnection()
#19 D:/bakery-production-system/backend/vendor/laravel/framework/src/Illuminate/Database/Console/Migrations/MigrateCommand.php(90): Illuminate/Database/Console/Migrations/MigrateCommand->runMigrations()
#20 D:/bakery-production-system/backend/vendor/laravel/framework/src/Illuminate/Container/BoundMethod.php(36): Illuminate/Database/Console/Migrations/MigrateCommand->handle()
#21 D:/bakery-production-system/backend/vendor/laravel/framework/src/Illuminate/Container/Util.php(43): Illuminate/Container/BoundMethod::{closure:Illuminate/Container/BoundMethod::call():35}()
#22 D:/bakery-production-system/backend/vendor/laravel/framework/src/Illuminate/Container/BoundMethod.php(96): Illuminate/Container/Util::unwrapIfClosure()
#23 D:/bakery-production-system/backend/vendor/laravel/framework/src/Illuminate/Container/BoundMethod.php(35): Illuminate/Container/BoundMethod::callBoundMethod()
#24 D:/bakery-production-system/backend/vendor/laravel/framework/src/Illuminate/Container/Container.php(799): Illuminate/Container/BoundMethod::call()
#25 D:/bakery-production-system/backend/vendor/laravel/framework/src/Illuminate/Console/Command.php(280): Illuminate/Container/Container->call()
#26 D:/bakery-production-system/backend/vendor/symfony/console/Command/Command.php(284): Illuminate/Console/Command->execute()
#27 D:/bakery-production-system/backend/vendor/laravel/framework/src/Illuminate/Console/Command.php(249): Symfony/Component/Console/Command/Command->run()
#28 D:/bakery-production-system/backend/vendor/laravel/framework/src/Illuminate/Console/Concerns/CallsCommands.php(68): Illuminate/Console/Command->run()
#29 D:/bakery-production-system/backend/vendor/laravel/framework/src/Illuminate/Console/Concerns/CallsCommands.php(29): Illuminate/Console/Command->runCommand()
#30 D:/bakery-production-system/backend/vendor/laravel/framework/src/Illuminate/Database/Console/Migrations/FreshCommand.php(88): Illuminate/Console/Command->call()
#31 D:/bakery-production-system/backend/vendor/laravel/framework/src/Illuminate/Container/BoundMethod.php(36): Illuminate/Database/Console/Migrations/FreshCommand->handle()
#32 D:/bakery-production-system/backend/vendor/laravel/framework/src/Illuminate/Container/Util.php(43): Illuminate/Container/BoundMethod::{closure:Illuminate/Container/BoundMethod::call():35}()
#33 D:/bakery-production-system/backend/vendor/laravel/framework/src/Illuminate/Container/BoundMethod.php(96): Illuminate/Container/Util::unwrapIfClosure()
#34 D:/bakery-production-system/backend/vendor/laravel/framework/src/Illuminate/Container/BoundMethod.php(35): Illuminate/Container/BoundMethod::callBoundMethod()
#35 D:/bakery-production-system/backend/vendor/laravel/framework/src/Illuminate/Container/Container.php(799): Illuminate/Container/BoundMethod::call()
#36 D:/bakery-production-system/backend/vendor/laravel/framework/src/Illuminate/Console/Command.php(280): Illuminate/Container/Container->call()
#37 D:/bakery-production-system/backend/vendor/symfony/console/Command/Command.php(284): Illuminate/Console/Command->execute()
#38 D:/bakery-production-system/backend/vendor/laravel/framework/src/Illuminate/Console/Command.php(249): Symfony/Component/Console/Command/Command->run()
#39 D:/bakery-production-system/backend/vendor/symfony/console/Application.php(1144): Illuminate/Console/Command->run()
#40 D:/bakery-production-system/backend/vendor/symfony/console/Application.php(379): Symfony/Component/Console/Application->doRunCommand()
#41 D:/bakery-production-system/backend/vendor/symfony/console/Application.php(218): Symfony/Component/Console/Application->doRun()
#42 D:/bakery-production-system/backend/vendor/laravel/framework/src/Illuminate/Foundation/Console/Kernel.php(198): Symfony/Component/Console/Application->run()
#43 D:/bakery-production-system/backend/vendor/laravel/framework/src/Illuminate/Foundation/Application.php(1235): Illuminate/Foundation/Console/Kernel->handle()
#44 D:/bakery-production-system/backend/artisan(16): Illuminate/Foundation/Application->handleCommand()
#45 {main}

[previous exception] [object] (PDOException(code: 42S01): SQLSTATE[42S01]: Base table or view already exists: 1050 Table 'jobs' already exists at D:/bakery-production-system/backend/vendor/laravel/framework/src/Illuminate/Database/Connection.php:587)
[stacktrace]
#0 D:/bakery-production-system/backend/vendor/laravel/framework/src/Illuminate/Database/Connection.php(587): PDOStatement->execute()
#1 D:/bakery-production-system/backend/vendor/laravel/framework/src/Illuminate/Database/Connection.php(832): Illuminate/Database/Connection->{closure:Illuminate/Database/Connection::statement():576}()
#2 D:/bakery-production-system/backend/vendor/laravel/framework/src/Illuminate/Database/Connection.php(799): Illuminate/Database/Connection->runQueryCallback()
#3 D:/bakery-production-system/backend/vendor/laravel/framework/src/Illuminate/Database/Connection.php(576): Illuminate/Database/Connection->run()
#4 D:/bakery-production-system/backend/vendor/laravel/framework/src/Illuminate/Database/Schema/Blueprint.php(122): Illuminate/Database/Connection->statement()
#5 D:/bakery-production-system/backend/vendor/laravel/framework/src/Illuminate/Database/Schema/Builder.php(708): Illuminate/Database/Schema/Blueprint->build()
#6 D:/bakery-production-system/backend/vendor/laravel/framework/src/Illuminate/Database/Schema/Builder.php(526): Illuminate/Database/Schema/Builder->build()
#7 D:/bakery-production-system/backend/vendor/laravel/framework/src/Illuminate/Support/Facades/Facade.php(363): Illuminate/Database/Schema/Builder->create()
#8 D:/bakery-production-system/backend/database/migrations/0001_01_01_000002_create_jobs_table.php(14): Illuminate/Support/Facades/Facade::__callStatic()
#9 D:/bakery-production-system/backend/vendor/laravel/framework/src/Illuminate/Database/Migrations/Migrator.php(517): Illuminate/Database/Migrations/Migration@anonymous->up()
#10 D:/bakery-production-system/backend/vendor/laravel/framework/src/Illuminate/Database/Migrations/Migrator.php(442): Illuminate/Database/Migrations/Migrator->runMethod()
#11 D:/bakery-production-system/backend/vendor/laravel/framework/src/Illuminate/Database/Migrations/Migrator.php(451): Illuminate/Database/Migrations/Migrator->{closure:Illuminate/Database/Migrations/Migrator::runMigration():438}()
#12 D:/bakery-production-system/backend/vendor/laravel/framework/src/Illuminate/Database/Migrations/Migrator.php(253): Illuminate/Database/Migrations/Migrator->runMigration()
#13 D:/bakery-production-system/backend/vendor/laravel/framework/src/Illuminate/Console/View/Components/Task.php(43): Illuminate/Database/Migrations/Migrator->{closure:Illuminate/Database/Migrations/Migrator::runUp():253}()
#14 D:/bakery-production-system/backend/vendor/laravel/framework/src/Illuminate/Database/Migrations/Migrator.php(814): Illuminate/Console/View/Components/Task->render()
#15 D:/bakery-production-system/backend/vendor/laravel/framework/src/Illuminate/Database/Migrations/Migrator.php(253): Illuminate/Database/Migrations/Migrator->write()
#16 D:/bakery-production-system/backend/vendor/laravel/framework/src/Illuminate/Database/Migrations/Migrator.php(211): Illuminate/Database/Migrations/Migrator->runUp()
#17 D:/bakery-production-system/backend/vendor/laravel/framework/src/Illuminate/Database/Migrations/Migrator.php(138): Illuminate/Database/Migrations/Migrator->runPending()
#18 D:/bakery-production-system/backend/vendor/laravel/framework/src/Illuminate/Database/Console/Migrations/MigrateCommand.php(118): Illuminate/Database/Migrations/Migrator->run()
#19 D:/bakery-production-system/backend/vendor/laravel/framework/src/Illuminate/Database/Migrations/Migrator.php(671): Illuminate/Database/Console/Migrations/MigrateCommand->{closure:Illuminate/Database/Console/Migrations/MigrateCommand::runMigrations():111}()
#20 D:/bakery-production-system/backend/vendor/laravel/framework/src/Illuminate/Database/Console/Migrations/MigrateCommand.php(111): Illuminate/Database/Migrations/Migrator->usingConnection()
#21 D:/bakery-production-system/backend/vendor/laravel/framework/src/Illuminate/Database/Console/Migrations/MigrateCommand.php(90): Illuminate/Database/Console/Migrations/MigrateCommand->runMigrations()
#22 D:/bakery-production-system/backend/vendor/laravel/framework/src/Illuminate/Container/BoundMethod.php(36): Illuminate/Database/Console/Migrations/MigrateCommand->handle()
#23 D:/bakery-production-system/backend/vendor/laravel/framework/src/Illuminate/Container/Util.php(43): Illuminate/Container/BoundMethod::{closure:Illuminate/Container/BoundMethod::call():35}()
#24 D:/bakery-production-system/backend/vendor/laravel/framework/src/Illuminate/Container/BoundMethod.php(96): Illuminate/Container/Util::unwrapIfClosure()
#25 D:/bakery-production-system/backend/vendor/laravel/framework/src/Illuminate/Container/BoundMethod.php(35): Illuminate/Container/BoundMethod::callBoundMethod()
#26 D:/bakery-production-system/backend/vendor/laravel/framework/src/Illuminate/Container/Container.php(799): Illuminate/Container/BoundMethod::call()
#27 D:/bakery-production-system/backend/vendor/laravel/framework/src/Illuminate/Console/Command.php(280): Illuminate/Container/Container->call()
#28 D:/bakery-production-system/backend/vendor/symfony/console/Command/Command.php(284): Illuminate/Console/Command->execute()
#29 D:/bakery-production-system/backend/vendor/laravel/framework/src/Illuminate/Console/Command.php(249): Symfony/Component/Console/Command/Command->run()
#30 D:/bakery-production-system/backend/vendor/laravel/framework/src/Illuminate/Console/Concerns/CallsCommands.php(68): Illuminate/Console/Command->run()
#31 D:/bakery-production-system/backend/vendor/laravel/framework/src/Illuminate/Console/Concerns/CallsCommands.php(29): Illuminate/Console/Command->runCommand()
#32 D:/bakery-production-system/backend/vendor/laravel/framework/src/Illuminate/Database/Console/Migrations/FreshCommand.php(88): Illuminate/Console/Command->call()
#33 D:/bakery-production-system/backend/vendor/laravel/framework/src/Illuminate/Container/BoundMethod.php(36): Illuminate/Database/Console/Migrations/FreshCommand->handle()
#34 D:/bakery-production-system/backend/vendor/laravel/framework/src/Illuminate/Container/Util.php(43): Illuminate/Container/BoundMethod::{closure:Illuminate/Container/BoundMethod::call():35}()
#35 D:/bakery-production-system/backend/vendor/laravel/framework/src/Illuminate/Container/BoundMethod.php(96): Illuminate/Container/Util::unwrapIfClosure()
#36 D:/bakery-production-system/backend/vendor/laravel/framework/src/Illuminate/Container/BoundMethod.php(35): Illuminate/Container/BoundMethod::callBoundMethod()
#37 D:/bakery-production-system/backend/vendor/laravel/framework/src/Illuminate/Container/Container.php(799): Illuminate/Container/BoundMethod::call()
#38 D:/bakery-production-system/backend/vendor/laravel/framework/src/Illuminate/Console/Command.php(280): Illuminate/Container/Container->call()
#39 D:/bakery-production-system/backend/vendor/symfony/console/Command/Command.php(284): Illuminate/Console/Command->execute()
#40 D:/bakery-production-system/backend/vendor/laravel/framework/src/Illuminate/Console/Command.php(249): Symfony/Component/Console/Command/Command->run()
#41 D:/bakery-production-system/backend/vendor/symfony/console/Application.php(1144): Illuminate/Console/Command->run()
#42 D:/bakery-production-system/backend/vendor/symfony/console/Application.php(379): Symfony/Component/Console/Application->doRunCommand()
#43 D:/bakery-production-system/backend/vendor/symfony/console/Application.php(218): Symfony/Component/Console/Application->doRun()
#44 D:/bakery-production-system/backend/vendor/laravel/framework/src/Illuminate/Foundation/Console/Kernel.php(198): Symfony/Component/Console/Application->run()
#45 D:/bakery-production-system/backend/vendor/laravel/framework/src/Illuminate/Foundation/Application.php(1235): Illuminate/Foundation/Console/Kernel->handle()
#46 D:/bakery-production-system/backend/artisan(16): Illuminate/Foundation/Application->handleCommand()
#47 {main}
"} 
[2026-06-23 08:07:29] local.ERROR: SQLSTATE[42S01]: Base table or view already exists: 1050 Table 'cache' already exists (Connection: mysql, Host: 127.0.0.1, Port: 3306, Database: bakery_db, SQL: create table `cache` (`key` varchar(255) not null, `value` mediumtext not null, `expiration` bigint not null, primary key (`key`)) default character set utf8mb4 collate 'utf8mb4_unicode_ci') {"exception":"[object] (Illuminate\\Database\\QueryException(code: 42S01): SQLSTATE[42S01]: Base table or view already exists: 1050 Table 'cache' already exists (Connection: mysql, Host: 127.0.0.1, Port: 3306, Database: bakery_db, SQL: create table `cache` (`key` varchar(255) not null, `value` mediumtext not null, `expiration` bigint not null, primary key (`key`)) default character set utf8mb4 collate 'utf8mb4_unicode_ci') at D:/bakery-production-system/backend/vendor/laravel/framework/src/Illuminate/Database/Connection.php:843)
[stacktrace]
#0 D:/bakery-production-system/backend/vendor/laravel/framework/src/Illuminate/Database/Connection.php(799): Illuminate/Database/Connection->runQueryCallback()
#1 D:/bakery-production-system/backend/vendor/laravel/framework/src/Illuminate/Database/Connection.php(576): Illuminate/Database/Connection->run()
#2 D:/bakery-production-system/backend/vendor/laravel/framework/src/Illuminate/Database/Schema/Blueprint.php(122): Illuminate/Database/Connection->statement()
#3 D:/bakery-production-system/backend/vendor/laravel/framework/src/Illuminate/Database/Schema/Builder.php(708): Illuminate/Database/Schema/Blueprint->build()
#4 D:/bakery-production-system/backend/vendor/laravel/framework/src/Illuminate/Database/Schema/Builder.php(526): Illuminate/Database/Schema/Builder->build()
#5 D:/bakery-production-system/backend/vendor/laravel/framework/src/Illuminate/Support/Facades/Facade.php(363): Illuminate/Database/Schema/Builder->create()
#6 D:/bakery-production-system/backend/database/migrations/2026_06_23_075924_create_cache_table.php(14): Illuminate/Support/Facades/Facade::__callStatic()
#7 D:/bakery-production-system/backend/vendor/laravel/framework/src/Illuminate/Database/Migrations/Migrator.php(517): Illuminate/Database/Migrations/Migration@anonymous->up()
#8 D:/bakery-production-system/backend/vendor/laravel/framework/src/Illuminate/Database/Migrations/Migrator.php(442): Illuminate/Database/Migrations/Migrator->runMethod()
#9 D:/bakery-production-system/backend/vendor/laravel/framework/src/Illuminate/Database/Migrations/Migrator.php(451): Illuminate/Database/Migrations/Migrator->{closure:Illuminate/Database/Migrations/Migrator::runMigration():438}()
#10 D:/bakery-production-system/backend/vendor/laravel/framework/src/Illuminate/Database/Migrations/Migrator.php(253): Illuminate/Database/Migrations/Migrator->runMigration()
#11 D:/bakery-production-system/backend/vendor/laravel/framework/src/Illuminate/Console/View/Components/Task.php(43): Illuminate/Database/Migrations/Migrator->{closure:Illuminate/Database/Migrations/Migrator::runUp():253}()
#12 D:/bakery-production-system/backend/vendor/laravel/framework/src/Illuminate/Database/Migrations/Migrator.php(814): Illuminate/Console/View/Components/Task->render()
#13 D:/bakery-production-system/backend/vendor/laravel/framework/src/Illuminate/Database/Migrations/Migrator.php(253): Illuminate/Database/Migrations/Migrator->write()
#14 D:/bakery-production-system/backend/vendor/laravel/framework/src/Illuminate/Database/Migrations/Migrator.php(211): Illuminate/Database/Migrations/Migrator->runUp()
#15 D:/bakery-production-system/backend/vendor/laravel/framework/src/Illuminate/Database/Migrations/Migrator.php(138): Illuminate/Database/Migrations/Migrator->runPending()
#16 D:/bakery-production-system/backend/vendor/laravel/framework/src/Illuminate/Database/Console/Migrations/MigrateCommand.php(118): Illuminate/Database/Migrations/Migrator->run()
#17 D:/bakery-production-system/backend/vendor/laravel/framework/src/Illuminate/Database/Migrations/Migrator.php(671): Illuminate/Database/Console/Migrations/MigrateCommand->{closure:Illuminate/Database/Console/Migrations/MigrateCommand::runMigrations():111}()
#18 D:/bakery-production-system/backend/vendor/laravel/framework/src/Illuminate/Database/Console/Migrations/MigrateCommand.php(111): Illuminate/Database/Migrations/Migrator->usingConnection()
#19 D:/bakery-production-system/backend/vendor/laravel/framework/src/Illuminate/Database/Console/Migrations/MigrateCommand.php(90): Illuminate/Database/Console/Migrations/MigrateCommand->runMigrations()
#20 D:/bakery-production-system/backend/vendor/laravel/framework/src/Illuminate/Container/BoundMethod.php(36): Illuminate/Database/Console/Migrations/MigrateCommand->handle()
#21 D:/bakery-production-system/backend/vendor/laravel/framework/src/Illuminate/Container/Util.php(43): Illuminate/Container/BoundMethod::{closure:Illuminate/Container/BoundMethod::call():35}()
#22 D:/bakery-production-system/backend/vendor/laravel/framework/src/Illuminate/Container/BoundMethod.php(96): Illuminate/Container/Util::unwrapIfClosure()
#23 D:/bakery-production-system/backend/vendor/laravel/framework/src/Illuminate/Container/BoundMethod.php(35): Illuminate/Container/BoundMethod::callBoundMethod()
#24 D:/bakery-production-system/backend/vendor/laravel/framework/src/Illuminate/Container/Container.php(799): Illuminate/Container/BoundMethod::call()
#25 D:/bakery-production-system/backend/vendor/laravel/framework/src/Illuminate/Console/Command.php(280): Illuminate/Container/Container->call()
#26 D:/bakery-production-system/backend/vendor/symfony/console/Command/Command.php(284): Illuminate/Console/Command->execute()
#27 D:/bakery-production-system/backend/vendor/laravel/framework/src/Illuminate/Console/Command.php(249): Symfony/Component/Console/Command/Command->run()
#28 D:/bakery-production-system/backend/vendor/symfony/console/Application.php(1144): Illuminate/Console/Command->run()
#29 D:/bakery-production-system/backend/vendor/symfony/console/Application.php(379): Symfony/Component/Console/Application->doRunCommand()
#30 D:/bakery-production-system/backend/vendor/symfony/console/Application.php(218): Symfony/Component/Console/Application->doRun()
#31 D:/bakery-production-system/backend/vendor/laravel/framework/src/Illuminate/Foundation/Console/Kernel.php(198): Symfony/Component/Console/Application->run()
#32 D:/bakery-production-system/backend/vendor/laravel/framework/src/Illuminate/Foundation/Application.php(1235): Illuminate/Foundation/Console/Kernel->handle()
#33 D:/bakery-production-system/backend/artisan(16): Illuminate/Foundation/Application->handleCommand()
#34 {main}

[previous exception] [object] (PDOException(code: 42S01): SQLSTATE[42S01]: Base table or view already exists: 1050 Table 'cache' already exists at D:/bakery-production-system/backend/vendor/laravel/framework/src/Illuminate/Database/Connection.php:587)
[stacktrace]
#0 D:/bakery-production-system/backend/vendor/laravel/framework/src/Illuminate/Database/Connection.php(587): PDOStatement->execute()
#1 D:/bakery-production-system/backend/vendor/laravel/framework/src/Illuminate/Database/Connection.php(832): Illuminate/Database/Connection->{closure:Illuminate/Database/Connection::statement():576}()
#2 D:/bakery-production-system/backend/vendor/laravel/framework/src/Illuminate/Database/Connection.php(799): Illuminate/Database/Connection->runQueryCallback()
#3 D:/bakery-production-system/backend/vendor/laravel/framework/src/Illuminate/Database/Connection.php(576): Illuminate/Database/Connection->run()
#4 D:/bakery-production-system/backend/vendor/laravel/framework/src/Illuminate/Database/Schema/Blueprint.php(122): Illuminate/Database/Connection->statement()
#5 D:/bakery-production-system/backend/vendor/laravel/framework/src/Illuminate/Database/Schema/Builder.php(708): Illuminate/Database/Schema/Blueprint->build()
#6 D:/bakery-production-system/backend/vendor/laravel/framework/src/Illuminate/Database/Schema/Builder.php(526): Illuminate/Database/Schema/Builder->build()
#7 D:/bakery-production-system/backend/vendor/laravel/framework/src/Illuminate/Support/Facades/Facade.php(363): Illuminate/Database/Schema/Builder->create()
#8 D:/bakery-production-system/backend/database/migrations/2026_06_23_075924_create_cache_table.php(14): Illuminate/Support/Facades/Facade::__callStatic()
#9 D:/bakery-production-system/backend/vendor/laravel/framework/src/Illuminate/Database/Migrations/Migrator.php(517): Illuminate/Database/Migrations/Migration@anonymous->up()
#10 D:/bakery-production-system/backend/vendor/laravel/framework/src/Illuminate/Database/Migrations/Migrator.php(442): Illuminate/Database/Migrations/Migrator->runMethod()
#11 D:/bakery-production-system/backend/vendor/laravel/framework/src/Illuminate/Database/Migrations/Migrator.php(451): Illuminate/Database/Migrations/Migrator->{closure:Illuminate/Database/Migrations/Migrator::runMigration():438}()
#12 D:/bakery-production-system/backend/vendor/laravel/framework/src/Illuminate/Database/Migrations/Migrator.php(253): Illuminate/Database/Migrations/Migrator->runMigration()
#13 D:/bakery-production-system/backend/vendor/laravel/framework/src/Illuminate/Console/View/Components/Task.php(43): Illuminate/Database/Migrations/Migrator->{closure:Illuminate/Database/Migrations/Migrator::runUp():253}()
#14 D:/bakery-production-system/backend/vendor/laravel/framework/src/Illuminate/Database/Migrations/Migrator.php(814): Illuminate/Console/View/Components/Task->render()
#15 D:/bakery-production-system/backend/vendor/laravel/framework/src/Illuminate/Database/Migrations/Migrator.php(253): Illuminate/Database/Migrations/Migrator->write()
#16 D:/bakery-production-system/backend/vendor/laravel/framework/src/Illuminate/Database/Migrations/Migrator.php(211): Illuminate/Database/Migrations/Migrator->runUp()
#17 D:/bakery-production-system/backend/vendor/laravel/framework/src/Illuminate/Database/Migrations/Migrator.php(138): Illuminate/Database/Migrations/Migrator->runPending()
#18 D:/bakery-production-system/backend/vendor/laravel/framework/src/Illuminate/Database/Console/Migrations/MigrateCommand.php(118): Illuminate/Database/Migrations/Migrator->run()
#19 D:/bakery-production-system/backend/vendor/laravel/framework/src/Illuminate/Database/Migrations/Migrator.php(671): Illuminate/Database/Console/Migrations/MigrateCommand->{closure:Illuminate/Database/Console/Migrations/MigrateCommand::runMigrations():111}()
#20 D:/bakery-production-system/backend/vendor/laravel/framework/src/Illuminate/Database/Console/Migrations/MigrateCommand.php(111): Illuminate/Database/Migrations/Migrator->usingConnection()
#21 D:/bakery-production-system/backend/vendor/laravel/framework/src/Illuminate/Database/Console/Migrations/MigrateCommand.php(90): Illuminate/Database/Console/Migrations/MigrateCommand->runMigrations()
#22 D:/bakery-production-system/backend/vendor/laravel/framework/src/Illuminate/Container/BoundMethod.php(36): Illuminate/Database/Console/Migrations/MigrateCommand->handle()
#23 D:/bakery-production-system/backend/vendor/laravel/framework/src/Illuminate/Container/Util.php(43): Illuminate/Container/BoundMethod::{closure:Illuminate/Container/BoundMethod::call():35}()
#24 D:/bakery-production-system/backend/vendor/laravel/framework/src/Illuminate/Container/BoundMethod.php(96): Illuminate/Container/Util::unwrapIfClosure()
#25 D:/bakery-production-system/backend/vendor/laravel/framework/src/Illuminate/Container/BoundMethod.php(35): Illuminate/Container/BoundMethod::callBoundMethod()
#26 D:/bakery-production-system/backend/vendor/laravel/framework/src/Illuminate/Container/Container.php(799): Illuminate/Container/BoundMethod::call()
#27 D:/bakery-production-system/backend/vendor/laravel/framework/src/Illuminate/Console/Command.php(280): Illuminate/Container/Container->call()
#28 D:/bakery-production-system/backend/vendor/symfony/console/Command/Command.php(284): Illuminate/Console/Command->execute()
#29 D:/bakery-production-system/backend/vendor/laravel/framework/src/Illuminate/Console/Command.php(249): Symfony/Component/Console/Command/Command->run()
#30 D:/bakery-production-system/backend/vendor/symfony/console/Application.php(1144): Illuminate/Console/Command->run()
#31 D:/bakery-production-system/backend/vendor/symfony/console/Application.php(379): Symfony/Component/Console/Application->doRunCommand()
#32 D:/bakery-production-system/backend/vendor/symfony/console/Application.php(218): Symfony/Component/Console/Application->doRun()
#33 D:/bakery-production-system/backend/vendor/laravel/framework/src/Illuminate/Foundation/Console/Kernel.php(198): Symfony/Component/Console/Application->run()
#34 D:/bakery-production-system/backend/vendor/laravel/framework/src/Illuminate/Foundation/Application.php(1235): Illuminate/Foundation/Console/Kernel->handle()
#35 D:/bakery-production-system/backend/artisan(16): Illuminate/Foundation/Application->handleCommand()
#36 {main}
"} 
[2026-06-23 08:09:01] local.ERROR: SQLSTATE[42S01]: Base table or view already exists: 1050 Table 'cache' already exists (Connection: mysql, Host: 127.0.0.1, Port: 3306, Database: bakery_db, SQL: create table `cache` (`key` varchar(255) not null, `value` mediumtext not null, `expiration` bigint not null, primary key (`key`)) default character set utf8mb4 collate 'utf8mb4_unicode_ci') {"exception":"[object] (Illuminate\\Database\\QueryException(code: 42S01): SQLSTATE[42S01]: Base table or view already exists: 1050 Table 'cache' already exists (Connection: mysql, Host: 127.0.0.1, Port: 3306, Database: bakery_db, SQL: create table `cache` (`key` varchar(255) not null, `value` mediumtext not null, `expiration` bigint not null, primary key (`key`)) default character set utf8mb4 collate 'utf8mb4_unicode_ci') at D:/bakery-production-system/backend/vendor/laravel/framework/src/Illuminate/Database/Connection.php:843)
[stacktrace]
#0 D:/bakery-production-system/backend/vendor/laravel/framework/src/Illuminate/Database/Connection.php(799): Illuminate/Database/Connection->runQueryCallback()
#1 D:/bakery-production-system/backend/vendor/laravel/framework/src/Illuminate/Database/Connection.php(576): Illuminate/Database/Connection->run()
#2 D:/bakery-production-system/backend/vendor/laravel/framework/src/Illuminate/Database/Schema/Blueprint.php(122): Illuminate/Database/Connection->statement()
#3 D:/bakery-production-system/backend/vendor/laravel/framework/src/Illuminate/Database/Schema/Builder.php(708): Illuminate/Database/Schema/Blueprint->build()
#4 D:/bakery-production-system/backend/vendor/laravel/framework/src/Illuminate/Database/Schema/Builder.php(526): Illuminate/Database/Schema/Builder->build()
#5 D:/bakery-production-system/backend/vendor/laravel/framework/src/Illuminate/Support/Facades/Facade.php(363): Illuminate/Database/Schema/Builder->create()
#6 D:/bakery-production-system/backend/database/migrations/2026_06_23_075924_create_cache_table.php(14): Illuminate/Support/Facades/Facade::__callStatic()
#7 D:/bakery-production-system/backend/vendor/laravel/framework/src/Illuminate/Database/Migrations/Migrator.php(517): Illuminate/Database/Migrations/Migration@anonymous->up()
#8 D:/bakery-production-system/backend/vendor/laravel/framework/src/Illuminate/Database/Migrations/Migrator.php(442): Illuminate/Database/Migrations/Migrator->runMethod()
#9 D:/bakery-production-system/backend/vendor/laravel/framework/src/Illuminate/Database/Migrations/Migrator.php(451): Illuminate/Database/Migrations/Migrator->{closure:Illuminate/Database/Migrations/Migrator::runMigration():438}()
#10 D:/bakery-production-system/backend/vendor/laravel/framework/src/Illuminate/Database/Migrations/Migrator.php(253): Illuminate/Database/Migrations/Migrator->runMigration()
#11 D:/bakery-production-system/backend/vendor/laravel/framework/src/Illuminate/Console/View/Components/Task.php(43): Illuminate/Database/Migrations/Migrator->{closure:Illuminate/Database/Migrations/Migrator::runUp():253}()
#12 D:/bakery-production-system/backend/vendor/laravel/framework/src/Illuminate/Database/Migrations/Migrator.php(814): Illuminate/Console/View/Components/Task->render()
#13 D:/bakery-production-system/backend/vendor/laravel/framework/src/Illuminate/Database/Migrations/Migrator.php(253): Illuminate/Database/Migrations/Migrator->write()
#14 D:/bakery-production-system/backend/vendor/laravel/framework/src/Illuminate/Database/Migrations/Migrator.php(211): Illuminate/Database/Migrations/Migrator->runUp()
#15 D:/bakery-production-system/backend/vendor/laravel/framework/src/Illuminate/Database/Migrations/Migrator.php(138): Illuminate/Database/Migrations/Migrator->runPending()
#16 D:/bakery-production-system/backend/vendor/laravel/framework/src/Illuminate/Database/Console/Migrations/MigrateCommand.php(118): Illuminate/Database/Migrations/Migrator->run()
#17 D:/bakery-production-system/backend/vendor/laravel/framework/src/Illuminate/Database/Migrations/Migrator.php(671): Illuminate/Database/Console/Migrations/MigrateCommand->{closure:Illuminate/Database/Console/Migrations/MigrateCommand::runMigrations():111}()
#18 D:/bakery-production-system/backend/vendor/laravel/framework/src/Illuminate/Database/Console/Migrations/MigrateCommand.php(111): Illuminate/Database/Migrations/Migrator->usingConnection()
#19 D:/bakery-production-system/backend/vendor/laravel/framework/src/Illuminate/Database/Console/Migrations/MigrateCommand.php(90): Illuminate/Database/Console/Migrations/MigrateCommand->runMigrations()
#20 D:/bakery-production-system/backend/vendor/laravel/framework/src/Illuminate/Container/BoundMethod.php(36): Illuminate/Database/Console/Migrations/MigrateCommand->handle()
#21 D:/bakery-production-system/backend/vendor/laravel/framework/src/Illuminate/Container/Util.php(43): Illuminate/Container/BoundMethod::{closure:Illuminate/Container/BoundMethod::call():35}()
#22 D:/bakery-production-system/backend/vendor/laravel/framework/src/Illuminate/Container/BoundMethod.php(96): Illuminate/Container/Util::unwrapIfClosure()
#23 D:/bakery-production-system/backend/vendor/laravel/framework/src/Illuminate/Container/BoundMethod.php(35): Illuminate/Container/BoundMethod::callBoundMethod()
#24 D:/bakery-production-system/backend/vendor/laravel/framework/src/Illuminate/Container/Container.php(799): Illuminate/Container/BoundMethod::call()
#25 D:/bakery-production-system/backend/vendor/laravel/framework/src/Illuminate/Console/Command.php(280): Illuminate/Container/Container->call()
#26 D:/bakery-production-system/backend/vendor/symfony/console/Command/Command.php(284): Illuminate/Console/Command->execute()
#27 D:/bakery-production-system/backend/vendor/laravel/framework/src/Illuminate/Console/Command.php(249): Symfony/Component/Console/Command/Command->run()
#28 D:/bakery-production-system/backend/vendor/symfony/console/Application.php(1144): Illuminate/Console/Command->run()
#29 D:/bakery-production-system/backend/vendor/symfony/console/Application.php(379): Symfony/Component/Console/Application->doRunCommand()
#30 D:/bakery-production-system/backend/vendor/symfony/console/Application.php(218): Symfony/Component/Console/Application->doRun()
#31 D:/bakery-production-system/backend/vendor/laravel/framework/src/Illuminate/Foundation/Console/Kernel.php(198): Symfony/Component/Console/Application->run()
#32 D:/bakery-production-system/backend/vendor/laravel/framework/src/Illuminate/Foundation/Application.php(1235): Illuminate/Foundation/Console/Kernel->handle()
#33 D:/bakery-production-system/backend/artisan(16): Illuminate/Foundation/Application->handleCommand()
#34 {main}

[previous exception] [object] (PDOException(code: 42S01): SQLSTATE[42S01]: Base table or view already exists: 1050 Table 'cache' already exists at D:/bakery-production-system/backend/vendor/laravel/framework/src/Illuminate/Database/Connection.php:587)
[stacktrace]
#0 D:/bakery-production-system/backend/vendor/laravel/framework/src/Illuminate/Database/Connection.php(587): PDOStatement->execute()
#1 D:/bakery-production-system/backend/vendor/laravel/framework/src/Illuminate/Database/Connection.php(832): Illuminate/Database/Connection->{closure:Illuminate/Database/Connection::statement():576}()
#2 D:/bakery-production-system/backend/vendor/laravel/framework/src/Illuminate/Database/Connection.php(799): Illuminate/Database/Connection->runQueryCallback()
#3 D:/bakery-production-system/backend/vendor/laravel/framework/src/Illuminate/Database/Connection.php(576): Illuminate/Database/Connection->run()
#4 D:/bakery-production-system/backend/vendor/laravel/framework/src/Illuminate/Database/Schema/Blueprint.php(122): Illuminate/Database/Connection->statement()
#5 D:/bakery-production-system/backend/vendor/laravel/framework/src/Illuminate/Database/Schema/Builder.php(708): Illuminate/Database/Schema/Blueprint->build()
#6 D:/bakery-production-system/backend/vendor/laravel/framework/src/Illuminate/Database/Schema/Builder.php(526): Illuminate/Database/Schema/Builder->build()
#7 D:/bakery-production-system/backend/vendor/laravel/framework/src/Illuminate/Support/Facades/Facade.php(363): Illuminate/Database/Schema/Builder->create()
#8 D:/bakery-production-system/backend/database/migrations/2026_06_23_075924_create_cache_table.php(14): Illuminate/Support/Facades/Facade::__callStatic()
#9 D:/bakery-production-system/backend/vendor/laravel/framework/src/Illuminate/Database/Migrations/Migrator.php(517): Illuminate/Database/Migrations/Migration@anonymous->up()
#10 D:/bakery-production-system/backend/vendor/laravel/framework/src/Illuminate/Database/Migrations/Migrator.php(442): Illuminate/Database/Migrations/Migrator->runMethod()
#11 D:/bakery-production-system/backend/vendor/laravel/framework/src/Illuminate/Database/Migrations/Migrator.php(451): Illuminate/Database/Migrations/Migrator->{closure:Illuminate/Database/Migrations/Migrator::runMigration():438}()
#12 D:/bakery-production-system/backend/vendor/laravel/framework/src/Illuminate/Database/Migrations/Migrator.php(253): Illuminate/Database/Migrations/Migrator->runMigration()
#13 D:/bakery-production-system/backend/vendor/laravel/framework/src/Illuminate/Console/View/Components/Task.php(43): Illuminate/Database/Migrations/Migrator->{closure:Illuminate/Database/Migrations/Migrator::runUp():253}()
#14 D:/bakery-production-system/backend/vendor/laravel/framework/src/Illuminate/Database/Migrations/Migrator.php(814): Illuminate/Console/View/Components/Task->render()
#15 D:/bakery-production-system/backend/vendor/laravel/framework/src/Illuminate/Database/Migrations/Migrator.php(253): Illuminate/Database/Migrations/Migrator->write()
#16 D:/bakery-production-system/backend/vendor/laravel/framework/src/Illuminate/Database/Migrations/Migrator.php(211): Illuminate/Database/Migrations/Migrator->runUp()
#17 D:/bakery-production-system/backend/vendor/laravel/framework/src/Illuminate/Database/Migrations/Migrator.php(138): Illuminate/Database/Migrations/Migrator->runPending()
#18 D:/bakery-production-system/backend/vendor/laravel/framework/src/Illuminate/Database/Console/Migrations/MigrateCommand.php(118): Illuminate/Database/Migrations/Migrator->run()
#19 D:/bakery-production-system/backend/vendor/laravel/framework/src/Illuminate/Database/Migrations/Migrator.php(671): Illuminate/Database/Console/Migrations/MigrateCommand->{closure:Illuminate/Database/Console/Migrations/MigrateCommand::runMigrations():111}()
#20 D:/bakery-production-system/backend/vendor/laravel/framework/src/Illuminate/Database/Console/Migrations/MigrateCommand.php(111): Illuminate/Database/Migrations/Migrator->usingConnection()
#21 D:/bakery-production-system/backend/vendor/laravel/framework/src/Illuminate/Database/Console/Migrations/MigrateCommand.php(90): Illuminate/Database/Console/Migrations/MigrateCommand->runMigrations()
#22 D:/bakery-production-system/backend/vendor/laravel/framework/src/Illuminate/Container/BoundMethod.php(36): Illuminate/Database/Console/Migrations/MigrateCommand->handle()
#23 D:/bakery-production-system/backend/vendor/laravel/framework/src/Illuminate/Container/Util.php(43): Illuminate/Container/BoundMethod::{closure:Illuminate/Container/BoundMethod::call():35}()
#24 D:/bakery-production-system/backend/vendor/laravel/framework/src/Illuminate/Container/BoundMethod.php(96): Illuminate/Container/Util::unwrapIfClosure()
#25 D:/bakery-production-system/backend/vendor/laravel/framework/src/Illuminate/Container/BoundMethod.php(35): Illuminate/Container/BoundMethod::callBoundMethod()
#26 D:/bakery-production-system/backend/vendor/laravel/framework/src/Illuminate/Container/Container.php(799): Illuminate/Container/BoundMethod::call()
#27 D:/bakery-production-system/backend/vendor/laravel/framework/src/Illuminate/Console/Command.php(280): Illuminate/Container/Container->call()
#28 D:/bakery-production-system/backend/vendor/symfony/console/Command/Command.php(284): Illuminate/Console/Command->execute()
#29 D:/bakery-production-system/backend/vendor/laravel/framework/src/Illuminate/Console/Command.php(249): Symfony/Component/Console/Command/Command->run()
#30 D:/bakery-production-system/backend/vendor/symfony/console/Application.php(1144): Illuminate/Console/Command->run()
#31 D:/bakery-production-system/backend/vendor/symfony/console/Application.php(379): Symfony/Component/Console/Application->doRunCommand()
#32 D:/bakery-production-system/backend/vendor/symfony/console/Application.php(218): Symfony/Component/Console/Application->doRun()
#33 D:/bakery-production-system/backend/vendor/laravel/framework/src/Illuminate/Foundation/Console/Kernel.php(198): Symfony/Component/Console/Application->run()
#34 D:/bakery-production-system/backend/vendor/laravel/framework/src/Illuminate/Foundation/Application.php(1235): Illuminate/Foundation/Console/Kernel->handle()
#35 D:/bakery-production-system/backend/artisan(16): Illuminate/Foundation/Application->handleCommand()
#36 {main}
"} 
[2026-06-23 08:26:43] local.ERROR: SQLSTATE[23000]: Integrity constraint violation: 1062 Duplicate entry 'admin@bakery.co.ke' for key 'users_email_unique' (Connection: mysql, Host: 127.0.0.1, Port: 3306, Database: bakery_db, SQL: insert into `users` (`name`, `email`, `password`, `role`, `updated_at`, `created_at`) values (Mama Njeri, admin@bakery.co.ke, $2y$12$9AbqIVd7qe4.zLbCl4z7EeNypJOeZVZSArZhrgdFycWKZ7o8fqf32, admin, 2026-06-23 08:26:41, 2026-06-23 08:26:41)) {"exception":"[object] (Illuminate\\Database\\UniqueConstraintViolationException(code: 23000): SQLSTATE[23000]: Integrity constraint violation: 1062 Duplicate entry 'admin@bakery.co.ke' for key 'users_email_unique' (Connection: mysql, Host: 127.0.0.1, Port: 3306, Database: bakery_db, SQL: insert into `users` (`name`, `email`, `password`, `role`, `updated_at`, `created_at`) values (Mama Njeri, admin@bakery.co.ke, $2y$12$9AbqIVd7qe4.zLbCl4z7EeNypJOeZVZSArZhrgdFycWKZ7o8fqf32, admin, 2026-06-23 08:26:41, 2026-06-23 08:26:41)) at D:/bakery-production-system/backend/vendor/laravel/framework/src/Illuminate/Database/Connection.php:843)
[stacktrace]
#0 D:/bakery-production-system/backend/vendor/laravel/framework/src/Illuminate/Database/Connection.php(799): Illuminate/Database/Connection->runQueryCallback()
#1 D:/bakery-production-system/backend/vendor/laravel/framework/src/Illuminate/Database/MySqlConnection.php(42): Illuminate/Database/Connection->run()
#2 D:/bakery-production-system/backend/vendor/laravel/framework/src/Illuminate/Database/Query/Processors/MySqlProcessor.php(35): Illuminate/Database/MySqlConnection->insert()
#3 D:/bakery-production-system/backend/vendor/laravel/framework/src/Illuminate/Database/Query/Builder.php(4257): Illuminate/Database/Query/Processors/MySqlProcessor->processInsertGetId()
#4 D:/bakery-production-system/backend/vendor/laravel/framework/src/Illuminate/Database/Eloquent/Builder.php(2271): Illuminate/Database/Query/Builder->insertGetId()
#5 D:/bakery-production-system/backend/vendor/laravel/framework/src/Illuminate/Database/Eloquent/Model.php(1662): Illuminate/Database/Eloquent/Builder->__call()
#6 D:/bakery-production-system/backend/vendor/laravel/framework/src/Illuminate/Database/Eloquent/Model.php(1578): Illuminate/Database/Eloquent/Model->insertAndSetId()
#7 D:/bakery-production-system/backend/vendor/laravel/framework/src/Illuminate/Database/Eloquent/Model.php(1382): Illuminate/Database/Eloquent/Model->performInsert()
#8 D:/bakery-production-system/backend/vendor/laravel/framework/src/Illuminate/Database/Eloquent/Builder.php(1225): Illuminate/Database/Eloquent/Model->save()
#9 D:/bakery-production-system/backend/vendor/laravel/framework/src/Illuminate/Support/helpers.php(393): Illuminate/Database/Eloquent/Builder->{closure:Illuminate/Database/Eloquent/Builder::create():1224}()
#10 D:/bakery-production-system/backend/vendor/laravel/framework/src/Illuminate/Database/Eloquent/Builder.php(1224): tap()
#11 D:/bakery-production-system/backend/vendor/laravel/framework/src/Illuminate/Support/Traits/ForwardsCalls.php(23): Illuminate/Database/Eloquent/Builder->create()
#12 D:/bakery-production-system/backend/vendor/laravel/framework/src/Illuminate/Database/Eloquent/Model.php(2809): Illuminate/Database/Eloquent/Model->forwardCallTo()
#13 D:/bakery-production-system/backend/vendor/laravel/framework/src/Illuminate/Database/Eloquent/Model.php(2825): Illuminate/Database/Eloquent/Model->__call()
#14 D:/bakery-production-system/backend/database/seeders/BakerySeeder.php(21): Illuminate/Database/Eloquent/Model::__callStatic()
#15 D:/bakery-production-system/backend/vendor/laravel/framework/src/Illuminate/Container/BoundMethod.php(36): Database/Seeders/BakerySeeder->run()
#16 D:/bakery-production-system/backend/vendor/laravel/framework/src/Illuminate/Container/Util.php(43): Illuminate/Container/BoundMethod::{closure:Illuminate/Container/BoundMethod::call():35}()
#17 D:/bakery-production-system/backend/vendor/laravel/framework/src/Illuminate/Container/BoundMethod.php(96): Illuminate/Container/Util::unwrapIfClosure()
#18 D:/bakery-production-system/backend/vendor/laravel/framework/src/Illuminate/Container/BoundMethod.php(35): Illuminate/Container/BoundMethod::callBoundMethod()
#19 D:/bakery-production-system/backend/vendor/laravel/framework/src/Illuminate/Container/Container.php(799): Illuminate/Container/BoundMethod::call()
#20 D:/bakery-production-system/backend/vendor/laravel/framework/src/Illuminate/Database/Seeder.php(184): Illuminate/Container/Container->call()
#21 D:/bakery-production-system/backend/vendor/laravel/framework/src/Illuminate/Database/Seeder.php(191): Illuminate/Database/Seeder->{closure:Illuminate/Database/Seeder::__invoke():183}()
#22 D:/bakery-production-system/backend/vendor/laravel/framework/src/Illuminate/Database/Console/Seeds/SeedCommand.php(71): Illuminate/Database/Seeder->__invoke()
#23 D:/bakery-production-system/backend/vendor/laravel/framework/src/Illuminate/Database/Eloquent/Concerns/GuardsAttributes.php(185): Illuminate/Database/Console/Seeds/SeedCommand->{closure:Illuminate/Database/Console/Seeds/SeedCommand::handle():70}()
#24 D:/bakery-production-system/backend/vendor/laravel/framework/src/Illuminate/Database/Console/Seeds/SeedCommand.php(70): Illuminate/Database/Eloquent/Model::unguarded()
#25 D:/bakery-production-system/backend/vendor/laravel/framework/src/Illuminate/Container/BoundMethod.php(36): Illuminate/Database/Console/Seeds/SeedCommand->handle()
#26 D:/bakery-production-system/backend/vendor/laravel/framework/src/Illuminate/Container/Util.php(43): Illuminate/Container/BoundMethod::{closure:Illuminate/Container/BoundMethod::call():35}()
#27 D:/bakery-production-system/backend/vendor/laravel/framework/src/Illuminate/Container/BoundMethod.php(96): Illuminate/Container/Util::unwrapIfClosure()
#28 D:/bakery-production-system/backend/vendor/laravel/framework/src/Illuminate/Container/BoundMethod.php(35): Illuminate/Container/BoundMethod::callBoundMethod()
#29 D:/bakery-production-system/backend/vendor/laravel/framework/src/Illuminate/Container/Container.php(799): Illuminate/Container/BoundMethod::call()
#30 D:/bakery-production-system/backend/vendor/laravel/framework/src/Illuminate/Console/Command.php(280): Illuminate/Container/Container->call()
#31 D:/bakery-production-system/backend/vendor/symfony/console/Command/Command.php(284): Illuminate/Console/Command->execute()
#32 D:/bakery-production-system/backend/vendor/laravel/framework/src/Illuminate/Console/Command.php(249): Symfony/Component/Console/Command/Command->run()
#33 D:/bakery-production-system/backend/vendor/symfony/console/Application.php(1144): Illuminate/Console/Command->run()
#34 D:/bakery-production-system/backend/vendor/symfony/console/Application.php(379): Symfony/Component/Console/Application->doRunCommand()
#35 D:/bakery-production-system/backend/vendor/symfony/console/Application.php(218): Symfony/Component/Console/Application->doRun()
#36 D:/bakery-production-system/backend/vendor/laravel/framework/src/Illuminate/Foundation/Console/Kernel.php(198): Symfony/Component/Console/Application->run()
#37 D:/bakery-production-system/backend/vendor/laravel/framework/src/Illuminate/Foundation/Application.php(1235): Illuminate/Foundation/Console/Kernel->handle()
#38 D:/bakery-production-system/backend/artisan(16): Illuminate/Foundation/Application->handleCommand()
#39 {main}

[previous exception] [object] (PDOException(code: 23000): SQLSTATE[23000]: Integrity constraint violation: 1062 Duplicate entry 'admin@bakery.co.ke' for key 'users_email_unique' at D:/bakery-production-system/backend/vendor/laravel/framework/src/Illuminate/Database/MySqlConnection.php:53)
[stacktrace]
#0 D:/bakery-production-system/backend/vendor/laravel/framework/src/Illuminate/Database/MySqlConnection.php(53): PDOStatement->execute()
#1 D:/bakery-production-system/backend/vendor/laravel/framework/src/Illuminate/Database/Connection.php(832): Illuminate/Database/MySqlConnection->{closure:Illuminate/Database/MySqlConnection::insert():42}()
#2 D:/bakery-production-system/backend/vendor/laravel/framework/src/Illuminate/Database/Connection.php(799): Illuminate/Database/Connection->runQueryCallback()
#3 D:/bakery-production-system/backend/vendor/laravel/framework/src/Illuminate/Database/MySqlConnection.php(42): Illuminate/Database/Connection->run()
#4 D:/bakery-production-system/backend/vendor/laravel/framework/src/Illuminate/Database/Query/Processors/MySqlProcessor.php(35): Illuminate/Database/MySqlConnection->insert()
#5 D:/bakery-production-system/backend/vendor/laravel/framework/src/Illuminate/Database/Query/Builder.php(4257): Illuminate/Database/Query/Processors/MySqlProcessor->processInsertGetId()
#6 D:/bakery-production-system/backend/vendor/laravel/framework/src/Illuminate/Database/Eloquent/Builder.php(2271): Illuminate/Database/Query/Builder->insertGetId()
#7 D:/bakery-production-system/backend/vendor/laravel/framework/src/Illuminate/Database/Eloquent/Model.php(1662): Illuminate/Database/Eloquent/Builder->__call()
#8 D:/bakery-production-system/backend/vendor/laravel/framework/src/Illuminate/Database/Eloquent/Model.php(1578): Illuminate/Database/Eloquent/Model->insertAndSetId()
#9 D:/bakery-production-system/backend/vendor/laravel/framework/src/Illuminate/Database/Eloquent/Model.php(1382): Illuminate/Database/Eloquent/Model->performInsert()
#10 D:/bakery-production-system/backend/vendor/laravel/framework/src/Illuminate/Database/Eloquent/Builder.php(1225): Illuminate/Database/Eloquent/Model->save()
#11 D:/bakery-production-system/backend/vendor/laravel/framework/src/Illuminate/Support/helpers.php(393): Illuminate/Database/Eloquent/Builder->{closure:Illuminate/Database/Eloquent/Builder::create():1224}()
#12 D:/bakery-production-system/backend/vendor/laravel/framework/src/Illuminate/Database/Eloquent/Builder.php(1224): tap()
#13 D:/bakery-production-system/backend/vendor/laravel/framework/src/Illuminate/Support/Traits/ForwardsCalls.php(23): Illuminate/Database/Eloquent/Builder->create()
#14 D:/bakery-production-system/backend/vendor/laravel/framework/src/Illuminate/Database/Eloquent/Model.php(2809): Illuminate/Database/Eloquent/Model->forwardCallTo()
#15 D:/bakery-production-system/backend/vendor/laravel/framework/src/Illuminate/Database/Eloquent/Model.php(2825): Illuminate/Database/Eloquent/Model->__call()
#16 D:/bakery-production-system/backend/database/seeders/BakerySeeder.php(21): Illuminate/Database/Eloquent/Model::__callStatic()
#17 D:/bakery-production-system/backend/vendor/laravel/framework/src/Illuminate/Container/BoundMethod.php(36): Database/Seeders/BakerySeeder->run()
#18 D:/bakery-production-system/backend/vendor/laravel/framework/src/Illuminate/Container/Util.php(43): Illuminate/Container/BoundMethod::{closure:Illuminate/Container/BoundMethod::call():35}()
#19 D:/bakery-production-system/backend/vendor/laravel/framework/src/Illuminate/Container/BoundMethod.php(96): Illuminate/Container/Util::unwrapIfClosure()
#20 D:/bakery-production-system/backend/vendor/laravel/framework/src/Illuminate/Container/BoundMethod.php(35): Illuminate/Container/BoundMethod::callBoundMethod()
#21 D:/bakery-production-system/backend/vendor/laravel/framework/src/Illuminate/Container/Container.php(799): Illuminate/Container/BoundMethod::call()
#22 D:/bakery-production-system/backend/vendor/laravel/framework/src/Illuminate/Database/Seeder.php(184): Illuminate/Container/Container->call()
#23 D:/bakery-production-system/backend/vendor/laravel/framework/src/Illuminate/Database/Seeder.php(191): Illuminate/Database/Seeder->{closure:Illuminate/Database/Seeder::__invoke():183}()
#24 D:/bakery-production-system/backend/vendor/laravel/framework/src/Illuminate/Database/Console/Seeds/SeedCommand.php(71): Illuminate/Database/Seeder->__invoke()
#25 D:/bakery-production-system/backend/vendor/laravel/framework/src/Illuminate/Database/Eloquent/Concerns/GuardsAttributes.php(185): Illuminate/Database/Console/Seeds/SeedCommand->{closure:Illuminate/Database/Console/Seeds/SeedCommand::handle():70}()
#26 D:/bakery-production-system/backend/vendor/laravel/framework/src/Illuminate/Database/Console/Seeds/SeedCommand.php(70): Illuminate/Database/Eloquent/Model::unguarded()
#27 D:/bakery-production-system/backend/vendor/laravel/framework/src/Illuminate/Container/BoundMethod.php(36): Illuminate/Database/Console/Seeds/SeedCommand->handle()
#28 D:/bakery-production-system/backend/vendor/laravel/framework/src/Illuminate/Container/Util.php(43): Illuminate/Container/BoundMethod::{closure:Illuminate/Container/BoundMethod::call():35}()
#29 D:/bakery-production-system/backend/vendor/laravel/framework/src/Illuminate/Container/BoundMethod.php(96): Illuminate/Container/Util::unwrapIfClosure()
#30 D:/bakery-production-system/backend/vendor/laravel/framework/src/Illuminate/Container/BoundMethod.php(35): Illuminate/Container/BoundMethod::callBoundMethod()
#31 D:/bakery-production-system/backend/vendor/laravel/framework/src/Illuminate/Container/Container.php(799): Illuminate/Container/BoundMethod::call()
#32 D:/bakery-production-system/backend/vendor/laravel/framework/src/Illuminate/Console/Command.php(280): Illuminate/Container/Container->call()
#33 D:/bakery-production-system/backend/vendor/symfony/console/Command/Command.php(284): Illuminate/Console/Command->execute()
#34 D:/bakery-production-system/backend/vendor/laravel/framework/src/Illuminate/Console/Command.php(249): Symfony/Component/Console/Command/Command->run()
#35 D:/bakery-production-system/backend/vendor/symfony/console/Application.php(1144): Illuminate/Console/Command->run()
#36 D:/bakery-production-system/backend/vendor/symfony/console/Application.php(379): Symfony/Component/Console/Application->doRunCommand()
#37 D:/bakery-production-system/backend/vendor/symfony/console/Application.php(218): Symfony/Component/Console/Application->doRun()
#38 D:/bakery-production-system/backend/vendor/laravel/framework/src/Illuminate/Foundation/Console/Kernel.php(198): Symfony/Component/Console/Application->run()
#39 D:/bakery-production-system/backend/vendor/laravel/framework/src/Illuminate/Foundation/Application.php(1235): Illuminate/Foundation/Console/Kernel->handle()
#40 D:/bakery-production-system/backend/artisan(16): Illuminate/Foundation/Application->handleCommand()
#41 {main}
"} 
[2026-06-23 08:29:04] local.ERROR: Route [login] not defined. {"exception":"[object] (Symfony\\Component\\Routing\\Exception\\RouteNotFoundException(code: 0): Route [login] not defined. at D:/bakery-production-system/backend/vendor/laravel/framework/src/Illuminate/Routing/UrlGenerator.php:546)
[stacktrace]
#0 D:/bakery-production-system/backend/vendor/laravel/framework/src/Illuminate/Foundation/helpers.php(870): Illuminate/Routing/UrlGenerator->route()
#1 D:/bakery-production-system/backend/vendor/laravel/framework/src/Illuminate/Foundation/Configuration/ApplicationBuilder.php(291): route()
#2 [internal function]: Illuminate/Foundation/Configuration/ApplicationBuilder->{closure:{closure:Illuminate/Foundation/Configuration/ApplicationBuilder::withMiddleware():289}:291}()
#3 D:/bakery-production-system/backend/vendor/laravel/framework/src/Illuminate/Auth/Middleware/Authenticate.php(117): call_user_func()
#4 D:/bakery-production-system/backend/vendor/laravel/framework/src/Illuminate/Auth/Middleware/Authenticate.php(104): Illuminate/Auth/Middleware/Authenticate->redirectTo()
#5 D:/bakery-production-system/backend/vendor/laravel/framework/src/Illuminate/Auth/Middleware/Authenticate.php(87): Illuminate/Auth/Middleware/Authenticate->unauthenticated()
#6 D:/bakery-production-system/backend/vendor/laravel/framework/src/Illuminate/Auth/Middleware/Authenticate.php(61): Illuminate/Auth/Middleware/Authenticate->authenticate()
#7 D:/bakery-production-system/backend/vendor/laravel/framework/src/Illuminate/Pipeline/Pipeline.php(219): Illuminate/Auth/Middleware/Authenticate->handle()
#8 D:/bakery-production-system/backend/vendor/laravel/sanctum/src/Http/Middleware/EnsureFrontendRequestsAreStateful.php(26): Illuminate/Pipeline/Pipeline->{closure:{closure:Illuminate/Pipeline/Pipeline::carry():194}:195}()
#9 D:/bakery-production-system/backend/vendor/laravel/framework/src/Illuminate/Pipeline/Pipeline.php(180): Laravel/Sanctum/Http/Middleware/EnsureFrontendRequestsAreStateful->{closure:Laravel/Sanctum/Http/Middleware/EnsureFrontendRequestsAreStateful::handle():25}()
#10 D:/bakery-production-system/backend/vendor/laravel/framework/src/Illuminate/Pipeline/Pipeline.php(137): Illuminate/Pipeline/Pipeline->{closure:Illuminate/Pipeline/Pipeline::prepareDestination():178}()
#11 D:/bakery-production-system/backend/vendor/laravel/sanctum/src/Http/Middleware/EnsureFrontendRequestsAreStateful.php(25): Illuminate/Pipeline/Pipeline->then()
#12 D:/bakery-production-system/backend/vendor/laravel/framework/src/Illuminate/Pipeline/Pipeline.php(219): Laravel/Sanctum/Http/Middleware/EnsureFrontendRequestsAreStateful->handle()
#13 D:/bakery-production-system/backend/vendor/laravel/framework/src/Illuminate/Pipeline/Pipeline.php(137): Illuminate/Pipeline/Pipeline->{closure:{closure:Illuminate/Pipeline/Pipeline::carry():194}:195}()
#14 D:/bakery-production-system/backend/vendor/laravel/framework/src/Illuminate/Routing/Router.php(821): Illuminate/Pipeline/Pipeline->then()
#15 D:/bakery-production-system/backend/vendor/laravel/framework/src/Illuminate/Routing/Router.php(800): Illuminate/Routing/Router->runRouteWithinStack()
#16 D:/bakery-production-system/backend/vendor/laravel/framework/src/Illuminate/Routing/Router.php(764): Illuminate/Routing/Router->runRoute()
#17 D:/bakery-production-system/backend/vendor/laravel/framework/src/Illuminate/Routing/Router.php(753): Illuminate/Routing/Router->dispatchToRoute()
#18 D:/bakery-production-system/backend/vendor/laravel/framework/src/Illuminate/Foundation/Http/Kernel.php(200): Illuminate/Routing/Router->dispatch()
#19 D:/bakery-production-system/backend/vendor/laravel/framework/src/Illuminate/Pipeline/Pipeline.php(180): Illuminate/Foundation/Http/Kernel->{closure:Illuminate/Foundation/Http/Kernel::dispatchToRouter():197}()
#20 D:/bakery-production-system/backend/vendor/laravel/framework/src/Illuminate/Foundation/Http/Middleware/TransformsRequest.php(21): Illuminate/Pipeline/Pipeline->{closure:Illuminate/Pipeline/Pipeline::prepareDestination():178}()
#21 D:/bakery-production-system/backend/vendor/laravel/framework/src/Illuminate/Foundation/Http/Middleware/ConvertEmptyStringsToNull.php(31): Illuminate/Foundation/Http/Middleware/TransformsRequest->handle()
#22 D:/bakery-production-system/backend/vendor/laravel/framework/src/Illuminate/Pipeline/Pipeline.php(219): Illuminate/Foundation/Http/Middleware/ConvertEmptyStringsToNull->handle()
#23 D:/bakery-production-system/backend/vendor/laravel/framework/src/Illuminate/Foundation/Http/Middleware/TransformsRequest.php(21): Illuminate/Pipeline/Pipeline->{closure:{closure:Illuminate/Pipeline/Pipeline::carry():194}:195}()
#24 D:/bakery-production-system/backend/vendor/laravel/framework/src/Illuminate/Foundation/Http/Middleware/TrimStrings.php(51): Illuminate/Foundation/Http/Middleware/TransformsRequest->handle()
#25 D:/bakery-production-system/backend/vendor/laravel/framework/src/Illuminate/Pipeline/Pipeline.php(219): Illuminate/Foundation/Http/Middleware/TrimStrings->handle()
#26 D:/bakery-production-system/backend/vendor/laravel/framework/src/Illuminate/Http/Middleware/ValidatePostSize.php(27): Illuminate/Pipeline/Pipeline->{closure:{closure:Illuminate/Pipeline/Pipeline::carry():194}:195}()
#27 D:/bakery-production-system/backend/vendor/laravel/framework/src/Illuminate/Pipeline/Pipeline.php(219): Illuminate/Http/Middleware/ValidatePostSize->handle()
#28 D:/bakery-production-system/backend/vendor/laravel/framework/src/Illuminate/Foundation/Http/Middleware/PreventRequestsDuringMaintenance.php(109): Illuminate/Pipeline/Pipeline->{closure:{closure:Illuminate/Pipeline/Pipeline::carry():194}:195}()
#29 D:/bakery-production-system/backend/vendor/laravel/framework/src/Illuminate/Pipeline/Pipeline.php(219): Illuminate/Foundation/Http/Middleware/PreventRequestsDuringMaintenance->handle()
#30 D:/bakery-production-system/backend/vendor/laravel/framework/src/Illuminate/Http/Middleware/HandleCors.php(74): Illuminate/Pipeline/Pipeline->{closure:{closure:Illuminate/Pipeline/Pipeline::carry():194}:195}()
#31 D:/bakery-production-system/backend/vendor/laravel/framework/src/Illuminate/Pipeline/Pipeline.php(219): Illuminate/Http/Middleware/HandleCors->handle()
#32 D:/bakery-production-system/backend/vendor/laravel/framework/src/Illuminate/Http/Middleware/TrustProxies.php(58): Illuminate/Pipeline/Pipeline->{closure:{closure:Illuminate/Pipeline/Pipeline::carry():194}:195}()
#33 D:/bakery-production-system/backend/vendor/laravel/framework/src/Illuminate/Pipeline/Pipeline.php(219): Illuminate/Http/Middleware/TrustProxies->handle()
#34 D:/bakery-production-system/backend/vendor/laravel/framework/src/Illuminate/Foundation/Http/Middleware/InvokeDeferredCallbacks.php(22): Illuminate/Pipeline/Pipeline->{closure:{closure:Illuminate/Pipeline/Pipeline::carry():194}:195}()
#35 D:/bakery-production-system/backend/vendor/laravel/framework/src/Illuminate/Pipeline/Pipeline.php(219): Illuminate/Foundation/Http/Middleware/InvokeDeferredCallbacks->handle()
#36 D:/bakery-production-system/backend/vendor/laravel/framework/src/Illuminate/Http/Middleware/ValidatePathEncoding.php(28): Illuminate/Pipeline/Pipeline->{closure:{closure:Illuminate/Pipeline/Pipeline::carry():194}:195}()
#37 D:/bakery-production-system/backend/vendor/laravel/framework/src/Illuminate/Pipeline/Pipeline.php(219): Illuminate/Http/Middleware/ValidatePathEncoding->handle()
#38 D:/bakery-production-system/backend/vendor/laravel/framework/src/Illuminate/Pipeline/Pipeline.php(137): Illuminate/Pipeline/Pipeline->{closure:{closure:Illuminate/Pipeline/Pipeline::carry():194}:195}()
#39 D:/bakery-production-system/backend/vendor/laravel/framework/src/Illuminate/Foundation/Http/Kernel.php(175): Illuminate/Pipeline/Pipeline->then()
#40 D:/bakery-production-system/backend/vendor/laravel/framework/src/Illuminate/Foundation/Http/Kernel.php(144): Illuminate/Foundation/Http/Kernel->sendRequestThroughRouter()
#41 D:/bakery-production-system/backend/vendor/laravel/framework/src/Illuminate/Foundation/Application.php(1220): Illuminate/Foundation/Http/Kernel->handle()
#42 D:/bakery-production-system/backend/public/index.php(20): Illuminate/Foundation/Application->handleRequest()
#43 D:/bakery-production-system/backend/vendor/laravel/framework/src/Illuminate/Foundation/resources/server.php(23): require_once('...')
#44 {main}
"} 
[2026-06-23 08:29:32] local.ERROR: Route [login] not defined. {"exception":"[object] (Symfony\\Component\\Routing\\Exception\\RouteNotFoundException(code: 0): Route [login] not defined. at D:/bakery-production-system/backend/vendor/laravel/framework/src/Illuminate/Routing/UrlGenerator.php:546)
[stacktrace]
#0 D:/bakery-production-system/backend/vendor/laravel/framework/src/Illuminate/Foundation/helpers.php(870): Illuminate/Routing/UrlGenerator->route()
#1 D:/bakery-production-system/backend/vendor/laravel/framework/src/Illuminate/Foundation/Configuration/ApplicationBuilder.php(291): route()
#2 [internal function]: Illuminate/Foundation/Configuration/ApplicationBuilder->{closure:{closure:Illuminate/Foundation/Configuration/ApplicationBuilder::withMiddleware():289}:291}()
#3 D:/bakery-production-system/backend/vendor/laravel/framework/src/Illuminate/Auth/Middleware/Authenticate.php(117): call_user_func()
#4 D:/bakery-production-system/backend/vendor/laravel/framework/src/Illuminate/Auth/Middleware/Authenticate.php(104): Illuminate/Auth/Middleware/Authenticate->redirectTo()
#5 D:/bakery-production-system/backend/vendor/laravel/framework/src/Illuminate/Auth/Middleware/Authenticate.php(87): Illuminate/Auth/Middleware/Authenticate->unauthenticated()
#6 D:/bakery-production-system/backend/vendor/laravel/framework/src/Illuminate/Auth/Middleware/Authenticate.php(61): Illuminate/Auth/Middleware/Authenticate->authenticate()
#7 D:/bakery-production-system/backend/vendor/laravel/framework/src/Illuminate/Pipeline/Pipeline.php(219): Illuminate/Auth/Middleware/Authenticate->handle()
#8 D:/bakery-production-system/backend/vendor/laravel/sanctum/src/Http/Middleware/EnsureFrontendRequestsAreStateful.php(26): Illuminate/Pipeline/Pipeline->{closure:{closure:Illuminate/Pipeline/Pipeline::carry():194}:195}()
#9 D:/bakery-production-system/backend/vendor/laravel/framework/src/Illuminate/Pipeline/Pipeline.php(180): Laravel/Sanctum/Http/Middleware/EnsureFrontendRequestsAreStateful->{closure:Laravel/Sanctum/Http/Middleware/EnsureFrontendRequestsAreStateful::handle():25}()
#10 D:/bakery-production-system/backend/vendor/laravel/framework/src/Illuminate/Pipeline/Pipeline.php(137): Illuminate/Pipeline/Pipeline->{closure:Illuminate/Pipeline/Pipeline::prepareDestination():178}()
#11 D:/bakery-production-system/backend/vendor/laravel/sanctum/src/Http/Middleware/EnsureFrontendRequestsAreStateful.php(25): Illuminate/Pipeline/Pipeline->then()
#12 D:/bakery-production-system/backend/vendor/laravel/framework/src/Illuminate/Pipeline/Pipeline.php(219): Laravel/Sanctum/Http/Middleware/EnsureFrontendRequestsAreStateful->handle()
#13 D:/bakery-production-system/backend/vendor/laravel/framework/src/Illuminate/Pipeline/Pipeline.php(137): Illuminate/Pipeline/Pipeline->{closure:{closure:Illuminate/Pipeline/Pipeline::carry():194}:195}()
#14 D:/bakery-production-system/backend/vendor/laravel/framework/src/Illuminate/Routing/Router.php(821): Illuminate/Pipeline/Pipeline->then()
#15 D:/bakery-production-system/backend/vendor/laravel/framework/src/Illuminate/Routing/Router.php(800): Illuminate/Routing/Router->runRouteWithinStack()
#16 D:/bakery-production-system/backend/vendor/laravel/framework/src/Illuminate/Routing/Router.php(764): Illuminate/Routing/Router->runRoute()
#17 D:/bakery-production-system/backend/vendor/laravel/framework/src/Illuminate/Routing/Router.php(753): Illuminate/Routing/Router->dispatchToRoute()
#18 D:/bakery-production-system/backend/vendor/laravel/framework/src/Illuminate/Foundation/Http/Kernel.php(200): Illuminate/Routing/Router->dispatch()
#19 D:/bakery-production-system/backend/vendor/laravel/framework/src/Illuminate/Pipeline/Pipeline.php(180): Illuminate/Foundation/Http/Kernel->{closure:Illuminate/Foundation/Http/Kernel::dispatchToRouter():197}()
#20 D:/bakery-production-system/backend/vendor/laravel/framework/src/Illuminate/Foundation/Http/Middleware/TransformsRequest.php(21): Illuminate/Pipeline/Pipeline->{closure:Illuminate/Pipeline/Pipeline::prepareDestination():178}()
#21 D:/bakery-production-system/backend/vendor/laravel/framework/src/Illuminate/Foundation/Http/Middleware/ConvertEmptyStringsToNull.php(31): Illuminate/Foundation/Http/Middleware/TransformsRequest->handle()
#22 D:/bakery-production-system/backend/vendor/laravel/framework/src/Illuminate/Pipeline/Pipeline.php(219): Illuminate/Foundation/Http/Middleware/ConvertEmptyStringsToNull->handle()
#23 D:/bakery-production-system/backend/vendor/laravel/framework/src/Illuminate/Foundation/Http/Middleware/TransformsRequest.php(21): Illuminate/Pipeline/Pipeline->{closure:{closure:Illuminate/Pipeline/Pipeline::carry():194}:195}()
#24 D:/bakery-production-system/backend/vendor/laravel/framework/src/Illuminate/Foundation/Http/Middleware/TrimStrings.php(51): Illuminate/Foundation/Http/Middleware/TransformsRequest->handle()
#25 D:/bakery-production-system/backend/vendor/laravel/framework/src/Illuminate/Pipeline/Pipeline.php(219): Illuminate/Foundation/Http/Middleware/TrimStrings->handle()
#26 D:/bakery-production-system/backend/vendor/laravel/framework/src/Illuminate/Http/Middleware/ValidatePostSize.php(27): Illuminate/Pipeline/Pipeline->{closure:{closure:Illuminate/Pipeline/Pipeline::carry():194}:195}()
#27 D:/bakery-production-system/backend/vendor/laravel/framework/src/Illuminate/Pipeline/Pipeline.php(219): Illuminate/Http/Middleware/ValidatePostSize->handle()
#28 D:/bakery-production-system/backend/vendor/laravel/framework/src/Illuminate/Foundation/Http/Middleware/PreventRequestsDuringMaintenance.php(109): Illuminate/Pipeline/Pipeline->{closure:{closure:Illuminate/Pipeline/Pipeline::carry():194}:195}()
#29 D:/bakery-production-system/backend/vendor/laravel/framework/src/Illuminate/Pipeline/Pipeline.php(219): Illuminate/Foundation/Http/Middleware/PreventRequestsDuringMaintenance->handle()
#30 D:/bakery-production-system/backend/vendor/laravel/framework/src/Illuminate/Http/Middleware/HandleCors.php(74): Illuminate/Pipeline/Pipeline->{closure:{closure:Illuminate/Pipeline/Pipeline::carry():194}:195}()
#31 D:/bakery-production-system/backend/vendor/laravel/framework/src/Illuminate/Pipeline/Pipeline.php(219): Illuminate/Http/Middleware/HandleCors->handle()
#32 D:/bakery-production-system/backend/vendor/laravel/framework/src/Illuminate/Http/Middleware/TrustProxies.php(58): Illuminate/Pipeline/Pipeline->{closure:{closure:Illuminate/Pipeline/Pipeline::carry():194}:195}()
#33 D:/bakery-production-system/backend/vendor/laravel/framework/src/Illuminate/Pipeline/Pipeline.php(219): Illuminate/Http/Middleware/TrustProxies->handle()
#34 D:/bakery-production-system/backend/vendor/laravel/framework/src/Illuminate/Foundation/Http/Middleware/InvokeDeferredCallbacks.php(22): Illuminate/Pipeline/Pipeline->{closure:{closure:Illuminate/Pipeline/Pipeline::carry():194}:195}()
#35 D:/bakery-production-system/backend/vendor/laravel/framework/src/Illuminate/Pipeline/Pipeline.php(219): Illuminate/Foundation/Http/Middleware/InvokeDeferredCallbacks->handle()
#36 D:/bakery-production-system/backend/vendor/laravel/framework/src/Illuminate/Http/Middleware/ValidatePathEncoding.php(28): Illuminate/Pipeline/Pipeline->{closure:{closure:Illuminate/Pipeline/Pipeline::carry():194}:195}()
#37 D:/bakery-production-system/backend/vendor/laravel/framework/src/Illuminate/Pipeline/Pipeline.php(219): Illuminate/Http/Middleware/ValidatePathEncoding->handle()
#38 D:/bakery-production-system/backend/vendor/laravel/framework/src/Illuminate/Pipeline/Pipeline.php(137): Illuminate/Pipeline/Pipeline->{closure:{closure:Illuminate/Pipeline/Pipeline::carry():194}:195}()
#39 D:/bakery-production-system/backend/vendor/laravel/framework/src/Illuminate/Foundation/Http/Kernel.php(175): Illuminate/Pipeline/Pipeline->then()
#40 D:/bakery-production-system/backend/vendor/laravel/framework/src/Illuminate/Foundation/Http/Kernel.php(144): Illuminate/Foundation/Http/Kernel->sendRequestThroughRouter()
#41 D:/bakery-production-system/backend/vendor/laravel/framework/src/Illuminate/Foundation/Application.php(1220): Illuminate/Foundation/Http/Kernel->handle()
#42 D:/bakery-production-system/backend/public/index.php(20): Illuminate/Foundation/Application->handleRequest()
#43 D:/bakery-production-system/backend/vendor/laravel/framework/src/Illuminate/Foundation/resources/server.php(23): require_once('...')
#44 {main}
"} 
[2026-06-23 08:31:37] local.ERROR: Target class [role] does not exist. {"exception":"[object] (Illuminate\\Contracts\\Container\\BindingResolutionException(code: 0): Target class [role] does not exist. at D:/bakery-production-system/backend/vendor/laravel/framework/src/Illuminate/Container/Container.php:1127)
[stacktrace]
#0 D:/bakery-production-system/backend/vendor/laravel/framework/src/Illuminate/Container/Container.php(936): Illuminate/Container/Container->build()
#1 D:/bakery-production-system/backend/vendor/laravel/framework/src/Illuminate/Foundation/Application.php(1078): Illuminate/Container/Container->resolve()
#2 D:/bakery-production-system/backend/vendor/laravel/framework/src/Illuminate/Container/Container.php(864): Illuminate/Foundation/Application->resolve()
#3 D:/bakery-production-system/backend/vendor/laravel/framework/src/Illuminate/Foundation/Application.php(1058): Illuminate/Container/Container->make()
#4 D:/bakery-production-system/backend/vendor/laravel/framework/src/Illuminate/Foundation/Http/Kernel.php(257): Illuminate/Foundation/Application->make()
#5 D:/bakery-production-system/backend/vendor/laravel/framework/src/Illuminate/Foundation/Http/Kernel.php(215): Illuminate/Foundation/Http/Kernel->terminateMiddleware()
#6 D:/bakery-production-system/backend/vendor/laravel/framework/src/Illuminate/Foundation/Application.php(1222): Illuminate/Foundation/Http/Kernel->terminate()
#7 D:/bakery-production-system/backend/public/index.php(20): Illuminate/Foundation/Application->handleRequest()
#8 D:/bakery-production-system/backend/vendor/laravel/framework/src/Illuminate/Foundation/resources/server.php(23): require_once('...')
#9 {main}

[previous exception] [object] (ReflectionException(code: -1): Class \"role\" does not exist at D:/bakery-production-system/backend/vendor/laravel/framework/src/Illuminate/Container/Container.php:1125)
[stacktrace]
#0 D:/bakery-production-system/backend/vendor/laravel/framework/src/Illuminate/Container/Container.php(1125): ReflectionClass->__construct()
#1 D:/bakery-production-system/backend/vendor/laravel/framework/src/Illuminate/Container/Container.php(936): Illuminate/Container/Container->build()
#2 D:/bakery-production-system/backend/vendor/laravel/framework/src/Illuminate/Foundation/Application.php(1078): Illuminate/Container/Container->resolve()
#3 D:/bakery-production-system/backend/vendor/laravel/framework/src/Illuminate/Container/Container.php(864): Illuminate/Foundation/Application->resolve()
#4 D:/bakery-production-system/backend/vendor/laravel/framework/src/Illuminate/Foundation/Application.php(1058): Illuminate/Container/Container->make()
#5 D:/bakery-production-system/backend/vendor/laravel/framework/src/Illuminate/Foundation/Http/Kernel.php(257): Illuminate/Foundation/Application->make()
#6 D:/bakery-production-system/backend/vendor/laravel/framework/src/Illuminate/Foundation/Http/Kernel.php(215): Illuminate/Foundation/Http/Kernel->terminateMiddleware()
#7 D:/bakery-production-system/backend/vendor/laravel/framework/src/Illuminate/Foundation/Application.php(1222): Illuminate/Foundation/Http/Kernel->terminate()
#8 D:/bakery-production-system/backend/public/index.php(20): Illuminate/Foundation/Application->handleRequest()
#9 D:/bakery-production-system/backend/vendor/laravel/framework/src/Illuminate/Foundation/resources/server.php(23): require_once('...')
#10 {main}
"} 
[2026-06-23 08:31:38] local.ERROR: Uncaught ErrorException: Cannot modify header information - headers already sent by (output started at D:\bakery-production-system\backend\vendor\symfony\http-foundation\Response.php:1284) in D:\bakery-production-system\backend\vendor\symfony\http-foundation\Response.php:328
Stack trace:
#0 D:\bakery-production-system\backend\vendor\laravel\framework\src\Illuminate\Foundation\Bootstrap\HandleExceptions.php(263): Illuminate\Foundation\Bootstrap\HandleExceptions->handleError()
#1 [internal function]: Illuminate\Foundation\Bootstrap\HandleExceptions->{closure:Illuminate\Foundation\Bootstrap\HandleExceptions::forwardsTo():262}()
#2 D:\bakery-production-system\backend\vendor\symfony\http-foundation\Response.php(328): header()
#3 D:\bakery-production-system\backend\vendor\symfony\http-foundation\Response.php(407): Symfony\Component\HttpFoundation\Response->sendHeaders()
#4 D:\bakery-production-system\backend\vendor\laravel\framework\src\Illuminate\Foundation\Bootstrap\HandleExceptions.php(226): Symfony\Component\HttpFoundation\Response->send()
#5 D:\bakery-production-system\backend\vendor\laravel\framework\src\Illuminate\Foundation\Bootstrap\HandleExceptions.php(203): Illuminate\Foundation\Bootstrap\HandleExceptions->renderHttpResponse()
#6 D:\bakery-production-system\backend\vendor\laravel\framework\src\Illuminate\Foundation\Bootstrap\HandleExceptions.php(263): Illuminate\Foundation\Bootstrap\HandleExceptions->handleException()
#7 [internal function]: Illuminate\Foundation\Bootstrap\HandleExceptions->{closure:Illuminate\Foundation\Bootstrap\HandleExceptions::forwardsTo():262}()
#8 {main}
  thrown {"exception":"[object] (Symfony\\Component\\ErrorHandler\\Error\\FatalError(code: 0): Uncaught ErrorException: Cannot modify header information - headers already sent by (output started at D:\\bakery-production-system\\backend\\vendor\\symfony\\http-foundation\\Response.php:1284) in D:\\bakery-production-system\\backend\\vendor\\symfony\\http-foundation\\Response.php:328
Stack trace:
#0 D:\\bakery-production-system\\backend\\vendor\\laravel\\framework\\src\\Illuminate\\Foundation\\Bootstrap\\HandleExceptions.php(263): Illuminate\\Foundation\\Bootstrap\\HandleExceptions->handleError()
#1 [internal function]: Illuminate\\Foundation\\Bootstrap\\HandleExceptions->{closure:Illuminate\\Foundation\\Bootstrap\\HandleExceptions::forwardsTo():262}()
#2 D:\\bakery-production-system\\backend\\vendor\\symfony\\http-foundation\\Response.php(328): header()
#3 D:\\bakery-production-system\\backend\\vendor\\symfony\\http-foundation\\Response.php(407): Symfony\\Component\\HttpFoundation\\Response->sendHeaders()
#4 D:\\bakery-production-system\\backend\\vendor\\laravel\\framework\\src\\Illuminate\\Foundation\\Bootstrap\\HandleExceptions.php(226): Symfony\\Component\\HttpFoundation\\Response->send()
#5 D:\\bakery-production-system\\backend\\vendor\\laravel\\framework\\src\\Illuminate\\Foundation\\Bootstrap\\HandleExceptions.php(203): Illuminate\\Foundation\\Bootstrap\\HandleExceptions->renderHttpResponse()
#6 D:\\bakery-production-system\\backend\\vendor\\laravel\\framework\\src\\Illuminate\\Foundation\\Bootstrap\\HandleExceptions.php(263): Illuminate\\Foundation\\Bootstrap\\HandleExceptions->handleException()
#7 [internal function]: Illuminate\\Foundation\\Bootstrap\\HandleExceptions->{closure:Illuminate\\Foundation\\Bootstrap\\HandleExceptions::forwardsTo():262}()
#8 {main}
  thrown at D:/bakery-production-system/backend/vendor/symfony/http-foundation/Response.php:328)
[stacktrace]
#0 {main}
"} 
[2026-06-23 08:31:52] local.ERROR: Target class [role] does not exist. {"userId":2,"exception":"[object] (Illuminate\\Contracts\\Container\\BindingResolutionException(code: 0): Target class [role] does not exist. at D:/bakery-production-system/backend/vendor/laravel/framework/src/Illuminate/Container/Container.php:1127)
[stacktrace]
#0 D:/bakery-production-system/backend/vendor/laravel/framework/src/Illuminate/Container/Container.php(936): Illuminate/Container/Container->build()
#1 D:/bakery-production-system/backend/vendor/laravel/framework/src/Illuminate/Foundation/Application.php(1078): Illuminate/Container/Container->resolve()
#2 D:/bakery-production-system/backend/vendor/laravel/framework/src/Illuminate/Container/Container.php(864): Illuminate/Foundation/Application->resolve()
#3 D:/bakery-production-system/backend/vendor/laravel/framework/src/Illuminate/Foundation/Application.php(1058): Illuminate/Container/Container->make()
#4 D:/bakery-production-system/backend/vendor/laravel/framework/src/Illuminate/Pipeline/Pipeline.php(208): Illuminate/Foundation/Application->make()
#5 D:/bakery-production-system/backend/vendor/laravel/framework/src/Illuminate/Routing/Middleware/SubstituteBindings.php(52): Illuminate/Pipeline/Pipeline->{closure:{closure:Illuminate/Pipeline/Pipeline::carry():194}:195}()
#6 D:/bakery-production-system/backend/vendor/laravel/framework/src/Illuminate/Pipeline/Pipeline.php(219): Illuminate/Routing/Middleware/SubstituteBindings->handle()
#7 D:/bakery-production-system/backend/vendor/laravel/framework/src/Illuminate/Auth/Middleware/Authenticate.php(63): Illuminate/Pipeline/Pipeline->{closure:{closure:Illuminate/Pipeline/Pipeline::carry():194}:195}()
#8 D:/bakery-production-system/backend/vendor/laravel/framework/src/Illuminate/Pipeline/Pipeline.php(219): Illuminate/Auth/Middleware/Authenticate->handle()
#9 D:/bakery-production-system/backend/vendor/laravel/sanctum/src/Http/Middleware/EnsureFrontendRequestsAreStateful.php(26): Illuminate/Pipeline/Pipeline->{closure:{closure:Illuminate/Pipeline/Pipeline::carry():194}:195}()
#10 D:/bakery-production-system/backend/vendor/laravel/framework/src/Illuminate/Pipeline/Pipeline.php(180): Laravel/Sanctum/Http/Middleware/EnsureFrontendRequestsAreStateful->{closure:Laravel/Sanctum/Http/Middleware/EnsureFrontendRequestsAreStateful::handle():25}()
#11 D:/bakery-production-system/backend/vendor/laravel/framework/src/Illuminate/Pipeline/Pipeline.php(137): Illuminate/Pipeline/Pipeline->{closure:Illuminate/Pipeline/Pipeline::prepareDestination():178}()
#12 D:/bakery-production-system/backend/vendor/laravel/sanctum/src/Http/Middleware/EnsureFrontendRequestsAreStateful.php(25): Illuminate/Pipeline/Pipeline->then()
#13 D:/bakery-production-system/backend/vendor/laravel/framework/src/Illuminate/Pipeline/Pipeline.php(219): Laravel/Sanctum/Http/Middleware/EnsureFrontendRequestsAreStateful->handle()
#14 D:/bakery-production-system/backend/vendor/laravel/framework/src/Illuminate/Pipeline/Pipeline.php(137): Illuminate/Pipeline/Pipeline->{closure:{closure:Illuminate/Pipeline/Pipeline::carry():194}:195}()
#15 D:/bakery-production-system/backend/vendor/laravel/framework/src/Illuminate/Routing/Router.php(821): Illuminate/Pipeline/Pipeline->then()
#16 D:/bakery-production-system/backend/vendor/laravel/framework/src/Illuminate/Routing/Router.php(800): Illuminate/Routing/Router->runRouteWithinStack()
#17 D:/bakery-production-system/backend/vendor/laravel/framework/src/Illuminate/Routing/Router.php(764): Illuminate/Routing/Router->runRoute()
#18 D:/bakery-production-system/backend/vendor/laravel/framework/src/Illuminate/Routing/Router.php(753): Illuminate/Routing/Router->dispatchToRoute()
#19 D:/bakery-production-system/backend/vendor/laravel/framework/src/Illuminate/Foundation/Http/Kernel.php(200): Illuminate/Routing/Router->dispatch()
#20 D:/bakery-production-system/backend/vendor/laravel/framework/src/Illuminate/Pipeline/Pipeline.php(180): Illuminate/Foundation/Http/Kernel->{closure:Illuminate/Foundation/Http/Kernel::dispatchToRouter():197}()
#21 D:/bakery-production-system/backend/vendor/laravel/framework/src/Illuminate/Foundation/Http/Middleware/TransformsRequest.php(21): Illuminate/Pipeline/Pipeline->{closure:Illuminate/Pipeline/Pipeline::prepareDestination():178}()
#22 D:/bakery-production-system/backend/vendor/laravel/framework/src/Illuminate/Foundation/Http/Middleware/ConvertEmptyStringsToNull.php(31): Illuminate/Foundation/Http/Middleware/TransformsRequest->handle()
#23 D:/bakery-production-system/backend/vendor/laravel/framework/src/Illuminate/Pipeline/Pipeline.php(219): Illuminate/Foundation/Http/Middleware/ConvertEmptyStringsToNull->handle()
#24 D:/bakery-production-system/backend/vendor/laravel/framework/src/Illuminate/Foundation/Http/Middleware/TransformsRequest.php(21): Illuminate/Pipeline/Pipeline->{closure:{closure:Illuminate/Pipeline/Pipeline::carry():194}:195}()
#25 D:/bakery-production-system/backend/vendor/laravel/framework/src/Illuminate/Foundation/Http/Middleware/TrimStrings.php(51): Illuminate/Foundation/Http/Middleware/TransformsRequest->handle()
#26 D:/bakery-production-system/backend/vendor/laravel/framework/src/Illuminate/Pipeline/Pipeline.php(219): Illuminate/Foundation/Http/Middleware/TrimStrings->handle()
#27 D:/bakery-production-system/backend/vendor/laravel/framework/src/Illuminate/Http/Middleware/ValidatePostSize.php(27): Illuminate/Pipeline/Pipeline->{closure:{closure:Illuminate/Pipeline/Pipeline::carry():194}:195}()
#28 D:/bakery-production-system/backend/vendor/laravel/framework/src/Illuminate/Pipeline/Pipeline.php(219): Illuminate/Http/Middleware/ValidatePostSize->handle()
#29 D:/bakery-production-system/backend/vendor/laravel/framework/src/Illuminate/Foundation/Http/Middleware/PreventRequestsDuringMaintenance.php(109): Illuminate/Pipeline/Pipeline->{closure:{closure:Illuminate/Pipeline/Pipeline::carry():194}:195}()
#30 D:/bakery-production-system/backend/vendor/laravel/framework/src/Illuminate/Pipeline/Pipeline.php(219): Illuminate/Foundation/Http/Middleware/PreventRequestsDuringMaintenance->handle()
#31 D:/bakery-production-system/backend/vendor/laravel/framework/src/Illuminate/Http/Middleware/HandleCors.php(74): Illuminate/Pipeline/Pipeline->{closure:{closure:Illuminate/Pipeline/Pipeline::carry():194}:195}()
#32 D:/bakery-production-system/backend/vendor/laravel/framework/src/Illuminate/Pipeline/Pipeline.php(219): Illuminate/Http/Middleware/HandleCors->handle()
#33 D:/bakery-production-system/backend/vendor/laravel/framework/src/Illuminate/Http/Middleware/TrustProxies.php(58): Illuminate/Pipeline/Pipeline->{closure:{closure:Illuminate/Pipeline/Pipeline::carry():194}:195}()
#34 D:/bakery-production-system/backend/vendor/laravel/framework/src/Illuminate/Pipeline/Pipeline.php(219): Illuminate/Http/Middleware/TrustProxies->handle()
#35 D:/bakery-production-system/backend/vendor/laravel/framework/src/Illuminate/Foundation/Http/Middleware/InvokeDeferredCallbacks.php(22): Illuminate/Pipeline/Pipeline->{closure:{closure:Illuminate/Pipeline/Pipeline::carry():194}:195}()
#36 D:/bakery-production-system/backend/vendor/laravel/framework/src/Illuminate/Pipeline/Pipeline.php(219): Illuminate/Foundation/Http/Middleware/InvokeDeferredCallbacks->handle()
#37 D:/bakery-production-system/backend/vendor/laravel/framework/src/Illuminate/Http/Middleware/ValidatePathEncoding.php(28): Illuminate/Pipeline/Pipeline->{closure:{closure:Illuminate/Pipeline/Pipeline::carry():194}:195}()
#38 D:/bakery-production-system/backend/vendor/laravel/framework/src/Illuminate/Pipeline/Pipeline.php(219): Illuminate/Http/Middleware/ValidatePathEncoding->handle()
#39 D:/bakery-production-system/backend/vendor/laravel/framework/src/Illuminate/Pipeline/Pipeline.php(137): Illuminate/Pipeline/Pipeline->{closure:{closure:Illuminate/Pipeline/Pipeline::carry():194}:195}()
#40 D:/bakery-production-system/backend/vendor/laravel/framework/src/Illuminate/Foundation/Http/Kernel.php(175): Illuminate/Pipeline/Pipeline->then()
#41 D:/bakery-production-system/backend/vendor/laravel/framework/src/Illuminate/Foundation/Http/Kernel.php(144): Illuminate/Foundation/Http/Kernel->sendRequestThroughRouter()
#42 D:/bakery-production-system/backend/vendor/laravel/framework/src/Illuminate/Foundation/Application.php(1220): Illuminate/Foundation/Http/Kernel->handle()
#43 D:/bakery-production-system/backend/public/index.php(20): Illuminate/Foundation/Application->handleRequest()
#44 D:/bakery-production-system/backend/vendor/laravel/framework/src/Illuminate/Foundation/resources/server.php(23): require_once('...')
#45 {main}

[previous exception] [object] (ReflectionException(code: -1): Class \"role\" does not exist at D:/bakery-production-system/backend/vendor/laravel/framework/src/Illuminate/Container/Container.php:1125)
[stacktrace]
#0 D:/bakery-production-system/backend/vendor/laravel/framework/src/Illuminate/Container/Container.php(1125): ReflectionClass->__construct()
#1 D:/bakery-production-system/backend/vendor/laravel/framework/src/Illuminate/Container/Container.php(936): Illuminate/Container/Container->build()
#2 D:/bakery-production-system/backend/vendor/laravel/framework/src/Illuminate/Foundation/Application.php(1078): Illuminate/Container/Container->resolve()
#3 D:/bakery-production-system/backend/vendor/laravel/framework/src/Illuminate/Container/Container.php(864): Illuminate/Foundation/Application->resolve()
#4 D:/bakery-production-system/backend/vendor/laravel/framework/src/Illuminate/Foundation/Application.php(1058): Illuminate/Container/Container->make()
#5 D:/bakery-production-system/backend/vendor/laravel/framework/src/Illuminate/Pipeline/Pipeline.php(208): Illuminate/Foundation/Application->make()
#6 D:/bakery-production-system/backend/vendor/laravel/framework/src/Illuminate/Routing/Middleware/SubstituteBindings.php(52): Illuminate/Pipeline/Pipeline->{closure:{closure:Illuminate/Pipeline/Pipeline::carry():194}:195}()
#7 D:/bakery-production-system/backend/vendor/laravel/framework/src/Illuminate/Pipeline/Pipeline.php(219): Illuminate/Routing/Middleware/SubstituteBindings->handle()
#8 D:/bakery-production-system/backend/vendor/laravel/framework/src/Illuminate/Auth/Middleware/Authenticate.php(63): Illuminate/Pipeline/Pipeline->{closure:{closure:Illuminate/Pipeline/Pipeline::carry():194}:195}()
#9 D:/bakery-production-system/backend/vendor/laravel/framework/src/Illuminate/Pipeline/Pipeline.php(219): Illuminate/Auth/Middleware/Authenticate->handle()
#10 D:/bakery-production-system/backend/vendor/laravel/sanctum/src/Http/Middleware/EnsureFrontendRequestsAreStateful.php(26): Illuminate/Pipeline/Pipeline->{closure:{closure:Illuminate/Pipeline/Pipeline::carry():194}:195}()
#11 D:/bakery-production-system/backend/vendor/laravel/framework/src/Illuminate/Pipeline/Pipeline.php(180): Laravel/Sanctum/Http/Middleware/EnsureFrontendRequestsAreStateful->{closure:Laravel/Sanctum/Http/Middleware/EnsureFrontendRequestsAreStateful::handle():25}()
#12 D:/bakery-production-system/backend/vendor/laravel/framework/src/Illuminate/Pipeline/Pipeline.php(137): Illuminate/Pipeline/Pipeline->{closure:Illuminate/Pipeline/Pipeline::prepareDestination():178}()
#13 D:/bakery-production-system/backend/vendor/laravel/sanctum/src/Http/Middleware/EnsureFrontendRequestsAreStateful.php(25): Illuminate/Pipeline/Pipeline->then()
#14 D:/bakery-production-system/backend/vendor/laravel/framework/src/Illuminate/Pipeline/Pipeline.php(219): Laravel/Sanctum/Http/Middleware/EnsureFrontendRequestsAreStateful->handle()
#15 D:/bakery-production-system/backend/vendor/laravel/framework/src/Illuminate/Pipeline/Pipeline.php(137): Illuminate/Pipeline/Pipeline->{closure:{closure:Illuminate/Pipeline/Pipeline::carry():194}:195}()
#16 D:/bakery-production-system/backend/vendor/laravel/framework/src/Illuminate/Routing/Router.php(821): Illuminate/Pipeline/Pipeline->then()
#17 D:/bakery-production-system/backend/vendor/laravel/framework/src/Illuminate/Routing/Router.php(800): Illuminate/Routing/Router->runRouteWithinStack()
#18 D:/bakery-production-system/backend/vendor/laravel/framework/src/Illuminate/Routing/Router.php(764): Illuminate/Routing/Router->runRoute()
#19 D:/bakery-production-system/backend/vendor/laravel/framework/src/Illuminate/Routing/Router.php(753): Illuminate/Routing/Router->dispatchToRoute()
#20 D:/bakery-production-system/backend/vendor/laravel/framework/src/Illuminate/Foundation/Http/Kernel.php(200): Illuminate/Routing/Router->dispatch()
#21 D:/bakery-production-system/backend/vendor/laravel/framework/src/Illuminate/Pipeline/Pipeline.php(180): Illuminate/Foundation/Http/Kernel->{closure:Illuminate/Foundation/Http/Kernel::dispatchToRouter():197}()
#22 D:/bakery-production-system/backend/vendor/laravel/framework/src/Illuminate/Foundation/Http/Middleware/TransformsRequest.php(21): Illuminate/Pipeline/Pipeline->{closure:Illuminate/Pipeline/Pipeline::prepareDestination():178}()
#23 D:/bakery-production-system/backend/vendor/laravel/framework/src/Illuminate/Foundation/Http/Middleware/ConvertEmptyStringsToNull.php(31): Illuminate/Foundation/Http/Middleware/TransformsRequest->handle()
#24 D:/bakery-production-system/backend/vendor/laravel/framework/src/Illuminate/Pipeline/Pipeline.php(219): Illuminate/Foundation/Http/Middleware/ConvertEmptyStringsToNull->handle()
#25 D:/bakery-production-system/backend/vendor/laravel/framework/src/Illuminate/Foundation/Http/Middleware/TransformsRequest.php(21): Illuminate/Pipeline/Pipeline->{closure:{closure:Illuminate/Pipeline/Pipeline::carry():194}:195}()
#26 D:/bakery-production-system/backend/vendor/laravel/framework/src/Illuminate/Foundation/Http/Middleware/TrimStrings.php(51): Illuminate/Foundation/Http/Middleware/TransformsRequest->handle()
#27 D:/bakery-production-system/backend/vendor/laravel/framework/src/Illuminate/Pipeline/Pipeline.php(219): Illuminate/Foundation/Http/Middleware/TrimStrings->handle()
#28 D:/bakery-production-system/backend/vendor/laravel/framework/src/Illuminate/Http/Middleware/ValidatePostSize.php(27): Illuminate/Pipeline/Pipeline->{closure:{closure:Illuminate/Pipeline/Pipeline::carry():194}:195}()
#29 D:/bakery-production-system/backend/vendor/laravel/framework/src/Illuminate/Pipeline/Pipeline.php(219): Illuminate/Http/Middleware/ValidatePostSize->handle()
#30 D:/bakery-production-system/backend/vendor/laravel/framework/src/Illuminate/Foundation/Http/Middleware/PreventRequestsDuringMaintenance.php(109): Illuminate/Pipeline/Pipeline->{closure:{closure:Illuminate/Pipeline/Pipeline::carry():194}:195}()
#31 D:/bakery-production-system/backend/vendor/laravel/framework/src/Illuminate/Pipeline/Pipeline.php(219): Illuminate/Foundation/Http/Middleware/PreventRequestsDuringMaintenance->handle()
#32 D:/bakery-production-system/backend/vendor/laravel/framework/src/Illuminate/Http/Middleware/HandleCors.php(74): Illuminate/Pipeline/Pipeline->{closure:{closure:Illuminate/Pipeline/Pipeline::carry():194}:195}()
#33 D:/bakery-production-system/backend/vendor/laravel/framework/src/Illuminate/Pipeline/Pipeline.php(219): Illuminate/Http/Middleware/HandleCors->handle()
#34 D:/bakery-production-system/backend/vendor/laravel/framework/src/Illuminate/Http/Middleware/TrustProxies.php(58): Illuminate/Pipeline/Pipeline->{closure:{closure:Illuminate/Pipeline/Pipeline::carry():194}:195}()
#35 D:/bakery-production-system/backend/vendor/laravel/framework/src/Illuminate/Pipeline/Pipeline.php(219): Illuminate/Http/Middleware/TrustProxies->handle()
#36 D:/bakery-production-system/backend/vendor/laravel/framework/src/Illuminate/Foundation/Http/Middleware/InvokeDeferredCallbacks.php(22): Illuminate/Pipeline/Pipeline->{closure:{closure:Illuminate/Pipeline/Pipeline::carry():194}:195}()
#37 D:/bakery-production-system/backend/vendor/laravel/framework/src/Illuminate/Pipeline/Pipeline.php(219): Illuminate/Foundation/Http/Middleware/InvokeDeferredCallbacks->handle()
#38 D:/bakery-production-system/backend/vendor/laravel/framework/src/Illuminate/Http/Middleware/ValidatePathEncoding.php(28): Illuminate/Pipeline/Pipeline->{closure:{closure:Illuminate/Pipeline/Pipeline::carry():194}:195}()
#39 D:/bakery-production-system/backend/vendor/laravel/framework/src/Illuminate/Pipeline/Pipeline.php(219): Illuminate/Http/Middleware/ValidatePathEncoding->handle()
#40 D:/bakery-production-system/backend/vendor/laravel/framework/src/Illuminate/Pipeline/Pipeline.php(137): Illuminate/Pipeline/Pipeline->{closure:{closure:Illuminate/Pipeline/Pipeline::carry():194}:195}()
#41 D:/bakery-production-system/backend/vendor/laravel/framework/src/Illuminate/Foundation/Http/Kernel.php(175): Illuminate/Pipeline/Pipeline->then()
#42 D:/bakery-production-system/backend/vendor/laravel/framework/src/Illuminate/Foundation/Http/Kernel.php(144): Illuminate/Foundation/Http/Kernel->sendRequestThroughRouter()
#43 D:/bakery-production-system/backend/vendor/laravel/framework/src/Illuminate/Foundation/Application.php(1220): Illuminate/Foundation/Http/Kernel->handle()
#44 D:/bakery-production-system/backend/public/index.php(20): Illuminate/Foundation/Application->handleRequest()
#45 D:/bakery-production-system/backend/vendor/laravel/framework/src/Illuminate/Foundation/resources/server.php(23): require_once('...')
#46 {main}
"} 
[2026-06-23 08:31:52] local.ERROR: Target class [role] does not exist. {"userId":2,"exception":"[object] (Illuminate\\Contracts\\Container\\BindingResolutionException(code: 0): Target class [role] does not exist. at D:/bakery-production-system/backend/vendor/laravel/framework/src/Illuminate/Container/Container.php:1127)
[stacktrace]
#0 D:/bakery-production-system/backend/vendor/laravel/framework/src/Illuminate/Container/Container.php(936): Illuminate/Container/Container->build()
#1 D:/bakery-production-system/backend/vendor/laravel/framework/src/Illuminate/Foundation/Application.php(1078): Illuminate/Container/Container->resolve()
#2 D:/bakery-production-system/backend/vendor/laravel/framework/src/Illuminate/Container/Container.php(864): Illuminate/Foundation/Application->resolve()
#3 D:/bakery-production-system/backend/vendor/laravel/framework/src/Illuminate/Foundation/Application.php(1058): Illuminate/Container/Container->make()
#4 D:/bakery-production-system/backend/vendor/laravel/framework/src/Illuminate/Foundation/Http/Kernel.php(257): Illuminate/Foundation/Application->make()
#5 D:/bakery-production-system/backend/vendor/laravel/framework/src/Illuminate/Foundation/Http/Kernel.php(215): Illuminate/Foundation/Http/Kernel->terminateMiddleware()
#6 D:/bakery-production-system/backend/vendor/laravel/framework/src/Illuminate/Foundation/Application.php(1222): Illuminate/Foundation/Http/Kernel->terminate()
#7 D:/bakery-production-system/backend/public/index.php(20): Illuminate/Foundation/Application->handleRequest()
#8 D:/bakery-production-system/backend/vendor/laravel/framework/src/Illuminate/Foundation/resources/server.php(23): require_once('...')
#9 {main}

[previous exception] [object] (ReflectionException(code: -1): Class \"role\" does not exist at D:/bakery-production-system/backend/vendor/laravel/framework/src/Illuminate/Container/Container.php:1125)
[stacktrace]
#0 D:/bakery-production-system/backend/vendor/laravel/framework/src/Illuminate/Container/Container.php(1125): ReflectionClass->__construct()
#1 D:/bakery-production-system/backend/vendor/laravel/framework/src/Illuminate/Container/Container.php(936): Illuminate/Container/Container->build()
#2 D:/bakery-production-system/backend/vendor/laravel/framework/src/Illuminate/Foundation/Application.php(1078): Illuminate/Container/Container->resolve()
#3 D:/bakery-production-system/backend/vendor/laravel/framework/src/Illuminate/Container/Container.php(864): Illuminate/Foundation/Application->resolve()
#4 D:/bakery-production-system/backend/vendor/laravel/framework/src/Illuminate/Foundation/Application.php(1058): Illuminate/Container/Container->make()
#5 D:/bakery-production-system/backend/vendor/laravel/framework/src/Illuminate/Foundation/Http/Kernel.php(257): Illuminate/Foundation/Application->make()
#6 D:/bakery-production-system/backend/vendor/laravel/framework/src/Illuminate/Foundation/Http/Kernel.php(215): Illuminate/Foundation/Http/Kernel->terminateMiddleware()
#7 D:/bakery-production-system/backend/vendor/laravel/framework/src/Illuminate/Foundation/Application.php(1222): Illuminate/Foundation/Http/Kernel->terminate()
#8 D:/bakery-production-system/backend/public/index.php(20): Illuminate/Foundation/Application->handleRequest()
#9 D:/bakery-production-system/backend/vendor/laravel/framework/src/Illuminate/Foundation/resources/server.php(23): require_once('...')
#10 {main}
"} 
[2026-06-23 08:31:52] local.ERROR: Uncaught ErrorException: Cannot modify header information - headers already sent by (output started at D:\bakery-production-system\backend\vendor\symfony\http-foundation\Response.php:393) in D:\bakery-production-system\backend\vendor\symfony\http-foundation\Response.php:328
Stack trace:
#0 D:\bakery-production-system\backend\vendor\laravel\framework\src\Illuminate\Foundation\Bootstrap\HandleExceptions.php(263): Illuminate\Foundation\Bootstrap\HandleExceptions->handleError()
#1 [internal function]: Illuminate\Foundation\Bootstrap\HandleExceptions->{closure:Illuminate\Foundation\Bootstrap\HandleExceptions::forwardsTo():262}()
#2 D:\bakery-production-system\backend\vendor\symfony\http-foundation\Response.php(328): header()
#3 D:\bakery-production-system\backend\vendor\symfony\http-foundation\Response.php(407): Symfony\Component\HttpFoundation\Response->sendHeaders()
#4 D:\bakery-production-system\backend\vendor\laravel\framework\src\Illuminate\Foundation\Bootstrap\HandleExceptions.php(226): Symfony\Component\HttpFoundation\Response->send()
#5 D:\bakery-production-system\backend\vendor\laravel\framework\src\Illuminate\Foundation\Bootstrap\HandleExceptions.php(203): Illuminate\Foundation\Bootstrap\HandleExceptions->renderHttpResponse()
#6 D:\bakery-production-system\backend\vendor\laravel\framework\src\Illuminate\Foundation\Bootstrap\HandleExceptions.php(263): Illuminate\Foundation\Bootstrap\HandleExceptions->handleException()
#7 [internal function]: Illuminate\Foundation\Bootstrap\HandleExceptions->{closure:Illuminate\Foundation\Bootstrap\HandleExceptions::forwardsTo():262}()
#8 {main}
  thrown {"userId":2,"exception":"[object] (Symfony\\Component\\ErrorHandler\\Error\\FatalError(code: 0): Uncaught ErrorException: Cannot modify header information - headers already sent by (output started at D:\\bakery-production-system\\backend\\vendor\\symfony\\http-foundation\\Response.php:393) in D:\\bakery-production-system\\backend\\vendor\\symfony\\http-foundation\\Response.php:328
Stack trace:
#0 D:\\bakery-production-system\\backend\\vendor\\laravel\\framework\\src\\Illuminate\\Foundation\\Bootstrap\\HandleExceptions.php(263): Illuminate\\Foundation\\Bootstrap\\HandleExceptions->handleError()
#1 [internal function]: Illuminate\\Foundation\\Bootstrap\\HandleExceptions->{closure:Illuminate\\Foundation\\Bootstrap\\HandleExceptions::forwardsTo():262}()
#2 D:\\bakery-production-system\\backend\\vendor\\symfony\\http-foundation\\Response.php(328): header()
#3 D:\\bakery-production-system\\backend\\vendor\\symfony\\http-foundation\\Response.php(407): Symfony\\Component\\HttpFoundation\\Response->sendHeaders()
#4 D:\\bakery-production-system\\backend\\vendor\\laravel\\framework\\src\\Illuminate\\Foundation\\Bootstrap\\HandleExceptions.php(226): Symfony\\Component\\HttpFoundation\\Response->send()
#5 D:\\bakery-production-system\\backend\\vendor\\laravel\\framework\\src\\Illuminate\\Foundation\\Bootstrap\\HandleExceptions.php(203): Illuminate\\Foundation\\Bootstrap\\HandleExceptions->renderHttpResponse()
#6 D:\\bakery-production-system\\backend\\vendor\\laravel\\framework\\src\\Illuminate\\Foundation\\Bootstrap\\HandleExceptions.php(263): Illuminate\\Foundation\\Bootstrap\\HandleExceptions->handleException()
#7 [internal function]: Illuminate\\Foundation\\Bootstrap\\HandleExceptions->{closure:Illuminate\\Foundation\\Bootstrap\\HandleExceptions::forwardsTo():262}()
#8 {main}
  thrown at D:/bakery-production-system/backend/vendor/symfony/http-foundation/Response.php:328)
[stacktrace]
#0 {main}
"} 
[2026-06-23 08:32:29] local.ERROR: Target class [role] does not exist. {"exception":"[object] (Illuminate\\Contracts\\Container\\BindingResolutionException(code: 0): Target class [role] does not exist. at D:/bakery-production-system/backend/vendor/laravel/framework/src/Illuminate/Container/Container.php:1127)
[stacktrace]
#0 D:/bakery-production-system/backend/vendor/laravel/framework/src/Illuminate/Container/Container.php(936): Illuminate/Container/Container->build()
#1 D:/bakery-production-system/backend/vendor/laravel/framework/src/Illuminate/Foundation/Application.php(1078): Illuminate/Container/Container->resolve()
#2 D:/bakery-production-system/backend/vendor/laravel/framework/src/Illuminate/Container/Container.php(864): Illuminate/Foundation/Application->resolve()
#3 D:/bakery-production-system/backend/vendor/laravel/framework/src/Illuminate/Foundation/Application.php(1058): Illuminate/Container/Container->make()
#4 D:/bakery-production-system/backend/vendor/laravel/framework/src/Illuminate/Foundation/Http/Kernel.php(257): Illuminate/Foundation/Application->make()
#5 D:/bakery-production-system/backend/vendor/laravel/framework/src/Illuminate/Foundation/Http/Kernel.php(215): Illuminate/Foundation/Http/Kernel->terminateMiddleware()
#6 D:/bakery-production-system/backend/vendor/laravel/framework/src/Illuminate/Foundation/Application.php(1222): Illuminate/Foundation/Http/Kernel->terminate()
#7 D:/bakery-production-system/backend/public/index.php(20): Illuminate/Foundation/Application->handleRequest()
#8 D:/bakery-production-system/backend/vendor/laravel/framework/src/Illuminate/Foundation/resources/server.php(23): require_once('...')
#9 {main}

[previous exception] [object] (ReflectionException(code: -1): Class \"role\" does not exist at D:/bakery-production-system/backend/vendor/laravel/framework/src/Illuminate/Container/Container.php:1125)
[stacktrace]
#0 D:/bakery-production-system/backend/vendor/laravel/framework/src/Illuminate/Container/Container.php(1125): ReflectionClass->__construct()
#1 D:/bakery-production-system/backend/vendor/laravel/framework/src/Illuminate/Container/Container.php(936): Illuminate/Container/Container->build()
#2 D:/bakery-production-system/backend/vendor/laravel/framework/src/Illuminate/Foundation/Application.php(1078): Illuminate/Container/Container->resolve()
#3 D:/bakery-production-system/backend/vendor/laravel/framework/src/Illuminate/Container/Container.php(864): Illuminate/Foundation/Application->resolve()
#4 D:/bakery-production-system/backend/vendor/laravel/framework/src/Illuminate/Foundation/Application.php(1058): Illuminate/Container/Container->make()
#5 D:/bakery-production-system/backend/vendor/laravel/framework/src/Illuminate/Foundation/Http/Kernel.php(257): Illuminate/Foundation/Application->make()
#6 D:/bakery-production-system/backend/vendor/laravel/framework/src/Illuminate/Foundation/Http/Kernel.php(215): Illuminate/Foundation/Http/Kernel->terminateMiddleware()
#7 D:/bakery-production-system/backend/vendor/laravel/framework/src/Illuminate/Foundation/Application.php(1222): Illuminate/Foundation/Http/Kernel->terminate()
#8 D:/bakery-production-system/backend/public/index.php(20): Illuminate/Foundation/Application->handleRequest()
#9 D:/bakery-production-system/backend/vendor/laravel/framework/src/Illuminate/Foundation/resources/server.php(23): require_once('...')
#10 {main}
"} 
[2026-06-23 08:32:29] local.ERROR: Uncaught ErrorException: Cannot modify header information - headers already sent by (output started at D:\bakery-production-system\backend\vendor\symfony\http-foundation\Response.php:1284) in D:\bakery-production-system\backend\vendor\symfony\http-foundation\Response.php:328
Stack trace:
#0 D:\bakery-production-system\backend\vendor\laravel\framework\src\Illuminate\Foundation\Bootstrap\HandleExceptions.php(263): Illuminate\Foundation\Bootstrap\HandleExceptions->handleError()
#1 [internal function]: Illuminate\Foundation\Bootstrap\HandleExceptions->{closure:Illuminate\Foundation\Bootstrap\HandleExceptions::forwardsTo():262}()
#2 D:\bakery-production-system\backend\vendor\symfony\http-foundation\Response.php(328): header()
#3 D:\bakery-production-system\backend\vendor\symfony\http-foundation\Response.php(407): Symfony\Component\HttpFoundation\Response->sendHeaders()
#4 D:\bakery-production-system\backend\vendor\laravel\framework\src\Illuminate\Foundation\Bootstrap\HandleExceptions.php(226): Symfony\Component\HttpFoundation\Response->send()
#5 D:\bakery-production-system\backend\vendor\laravel\framework\src\Illuminate\Foundation\Bootstrap\HandleExceptions.php(203): Illuminate\Foundation\Bootstrap\HandleExceptions->renderHttpResponse()
#6 D:\bakery-production-system\backend\vendor\laravel\framework\src\Illuminate\Foundation\Bootstrap\HandleExceptions.php(263): Illuminate\Foundation\Bootstrap\HandleExceptions->handleException()
#7 [internal function]: Illuminate\Foundation\Bootstrap\HandleExceptions->{closure:Illuminate\Foundation\Bootstrap\HandleExceptions::forwardsTo():262}()
#8 {main}
  thrown {"exception":"[object] (Symfony\\Component\\ErrorHandler\\Error\\FatalError(code: 0): Uncaught ErrorException: Cannot modify header information - headers already sent by (output started at D:\\bakery-production-system\\backend\\vendor\\symfony\\http-foundation\\Response.php:1284) in D:\\bakery-production-system\\backend\\vendor\\symfony\\http-foundation\\Response.php:328
Stack trace:
#0 D:\\bakery-production-system\\backend\\vendor\\laravel\\framework\\src\\Illuminate\\Foundation\\Bootstrap\\HandleExceptions.php(263): Illuminate\\Foundation\\Bootstrap\\HandleExceptions->handleError()
#1 [internal function]: Illuminate\\Foundation\\Bootstrap\\HandleExceptions->{closure:Illuminate\\Foundation\\Bootstrap\\HandleExceptions::forwardsTo():262}()
#2 D:\\bakery-production-system\\backend\\vendor\\symfony\\http-foundation\\Response.php(328): header()
#3 D:\\bakery-production-system\\backend\\vendor\\symfony\\http-foundation\\Response.php(407): Symfony\\Component\\HttpFoundation\\Response->sendHeaders()
#4 D:\\bakery-production-system\\backend\\vendor\\laravel\\framework\\src\\Illuminate\\Foundation\\Bootstrap\\HandleExceptions.php(226): Symfony\\Component\\HttpFoundation\\Response->send()
#5 D:\\bakery-production-system\\backend\\vendor\\laravel\\framework\\src\\Illuminate\\Foundation\\Bootstrap\\HandleExceptions.php(203): Illuminate\\Foundation\\Bootstrap\\HandleExceptions->renderHttpResponse()
#6 D:\\bakery-production-system\\backend\\vendor\\laravel\\framework\\src\\Illuminate\\Foundation\\Bootstrap\\HandleExceptions.php(263): Illuminate\\Foundation\\Bootstrap\\HandleExceptions->handleException()
#7 [internal function]: Illuminate\\Foundation\\Bootstrap\\HandleExceptions->{closure:Illuminate\\Foundation\\Bootstrap\\HandleExceptions::forwardsTo():262}()
#8 {main}
  thrown at D:/bakery-production-system/backend/vendor/symfony/http-foundation/Response.php:328)
[stacktrace]
#0 {main}
"} 
[2026-06-23 08:32:40] local.ERROR: Target class [role] does not exist. {"exception":"[object] (Illuminate\\Contracts\\Container\\BindingResolutionException(code: 0): Target class [role] does not exist. at D:/bakery-production-system/backend/vendor/laravel/framework/src/Illuminate/Container/Container.php:1127)
[stacktrace]
#0 D:/bakery-production-system/backend/vendor/laravel/framework/src/Illuminate/Container/Container.php(936): Illuminate/Container/Container->build()
#1 D:/bakery-production-system/backend/vendor/laravel/framework/src/Illuminate/Foundation/Application.php(1078): Illuminate/Container/Container->resolve()
#2 D:/bakery-production-system/backend/vendor/laravel/framework/src/Illuminate/Container/Container.php(864): Illuminate/Foundation/Application->resolve()
#3 D:/bakery-production-system/backend/vendor/laravel/framework/src/Illuminate/Foundation/Application.php(1058): Illuminate/Container/Container->make()
#4 D:/bakery-production-system/backend/vendor/laravel/framework/src/Illuminate/Foundation/Http/Kernel.php(257): Illuminate/Foundation/Application->make()
#5 D:/bakery-production-system/backend/vendor/laravel/framework/src/Illuminate/Foundation/Http/Kernel.php(215): Illuminate/Foundation/Http/Kernel->terminateMiddleware()
#6 D:/bakery-production-system/backend/vendor/laravel/framework/src/Illuminate/Foundation/Application.php(1222): Illuminate/Foundation/Http/Kernel->terminate()
#7 D:/bakery-production-system/backend/public/index.php(20): Illuminate/Foundation/Application->handleRequest()
#8 D:/bakery-production-system/backend/vendor/laravel/framework/src/Illuminate/Foundation/resources/server.php(23): require_once('...')
#9 {main}

[previous exception] [object] (ReflectionException(code: -1): Class \"role\" does not exist at D:/bakery-production-system/backend/vendor/laravel/framework/src/Illuminate/Container/Container.php:1125)
[stacktrace]
#0 D:/bakery-production-system/backend/vendor/laravel/framework/src/Illuminate/Container/Container.php(1125): ReflectionClass->__construct()
#1 D:/bakery-production-system/backend/vendor/laravel/framework/src/Illuminate/Container/Container.php(936): Illuminate/Container/Container->build()
#2 D:/bakery-production-system/backend/vendor/laravel/framework/src/Illuminate/Foundation/Application.php(1078): Illuminate/Container/Container->resolve()
#3 D:/bakery-production-system/backend/vendor/laravel/framework/src/Illuminate/Container/Container.php(864): Illuminate/Foundation/Application->resolve()
#4 D:/bakery-production-system/backend/vendor/laravel/framework/src/Illuminate/Foundation/Application.php(1058): Illuminate/Container/Container->make()
#5 D:/bakery-production-system/backend/vendor/laravel/framework/src/Illuminate/Foundation/Http/Kernel.php(257): Illuminate/Foundation/Application->make()
#6 D:/bakery-production-system/backend/vendor/laravel/framework/src/Illuminate/Foundation/Http/Kernel.php(215): Illuminate/Foundation/Http/Kernel->terminateMiddleware()
#7 D:/bakery-production-system/backend/vendor/laravel/framework/src/Illuminate/Foundation/Application.php(1222): Illuminate/Foundation/Http/Kernel->terminate()
#8 D:/bakery-production-system/backend/public/index.php(20): Illuminate/Foundation/Application->handleRequest()
#9 D:/bakery-production-system/backend/vendor/laravel/framework/src/Illuminate/Foundation/resources/server.php(23): require_once('...')
#10 {main}
"} 
[2026-06-23 08:32:40] local.ERROR: Uncaught ErrorException: Cannot modify header information - headers already sent by (output started at D:\bakery-production-system\backend\vendor\symfony\http-foundation\Response.php:1284) in D:\bakery-production-system\backend\vendor\symfony\http-foundation\Response.php:328
Stack trace:
#0 D:\bakery-production-system\backend\vendor\laravel\framework\src\Illuminate\Foundation\Bootstrap\HandleExceptions.php(263): Illuminate\Foundation\Bootstrap\HandleExceptions->handleError()
#1 [internal function]: Illuminate\Foundation\Bootstrap\HandleExceptions->{closure:Illuminate\Foundation\Bootstrap\HandleExceptions::forwardsTo():262}()
#2 D:\bakery-production-system\backend\vendor\symfony\http-foundation\Response.php(328): header()
#3 D:\bakery-production-system\backend\vendor\symfony\http-foundation\Response.php(407): Symfony\Component\HttpFoundation\Response->sendHeaders()
#4 D:\bakery-production-system\backend\vendor\laravel\framework\src\Illuminate\Foundation\Bootstrap\HandleExceptions.php(226): Symfony\Component\HttpFoundation\Response->send()
#5 D:\bakery-production-system\backend\vendor\laravel\framework\src\Illuminate\Foundation\Bootstrap\HandleExceptions.php(203): Illuminate\Foundation\Bootstrap\HandleExceptions->renderHttpResponse()
#6 D:\bakery-production-system\backend\vendor\laravel\framework\src\Illuminate\Foundation\Bootstrap\HandleExceptions.php(263): Illuminate\Foundation\Bootstrap\HandleExceptions->handleException()
#7 [internal function]: Illuminate\Foundation\Bootstrap\HandleExceptions->{closure:Illuminate\Foundation\Bootstrap\HandleExceptions::forwardsTo():262}()
#8 {main}
  thrown {"exception":"[object] (Symfony\\Component\\ErrorHandler\\Error\\FatalError(code: 0): Uncaught ErrorException: Cannot modify header information - headers already sent by (output started at D:\\bakery-production-system\\backend\\vendor\\symfony\\http-foundation\\Response.php:1284) in D:\\bakery-production-system\\backend\\vendor\\symfony\\http-foundation\\Response.php:328
Stack trace:
#0 D:\\bakery-production-system\\backend\\vendor\\laravel\\framework\\src\\Illuminate\\Foundation\\Bootstrap\\HandleExceptions.php(263): Illuminate\\Foundation\\Bootstrap\\HandleExceptions->handleError()
#1 [internal function]: Illuminate\\Foundation\\Bootstrap\\HandleExceptions->{closure:Illuminate\\Foundation\\Bootstrap\\HandleExceptions::forwardsTo():262}()
#2 D:\\bakery-production-system\\backend\\vendor\\symfony\\http-foundation\\Response.php(328): header()
#3 D:\\bakery-production-system\\backend\\vendor\\symfony\\http-foundation\\Response.php(407): Symfony\\Component\\HttpFoundation\\Response->sendHeaders()
#4 D:\\bakery-production-system\\backend\\vendor\\laravel\\framework\\src\\Illuminate\\Foundation\\Bootstrap\\HandleExceptions.php(226): Symfony\\Component\\HttpFoundation\\Response->send()
#5 D:\\bakery-production-system\\backend\\vendor\\laravel\\framework\\src\\Illuminate\\Foundation\\Bootstrap\\HandleExceptions.php(203): Illuminate\\Foundation\\Bootstrap\\HandleExceptions->renderHttpResponse()
#6 D:\\bakery-production-system\\backend\\vendor\\laravel\\framework\\src\\Illuminate\\Foundation\\Bootstrap\\HandleExceptions.php(263): Illuminate\\Foundation\\Bootstrap\\HandleExceptions->handleException()
#7 [internal function]: Illuminate\\Foundation\\Bootstrap\\HandleExceptions->{closure:Illuminate\\Foundation\\Bootstrap\\HandleExceptions::forwardsTo():262}()
#8 {main}
  thrown at D:/bakery-production-system/backend/vendor/symfony/http-foundation/Response.php:328)
[stacktrace]
#0 {main}
"} 
[2026-06-23 08:32:52] local.ERROR: Target class [role] does not exist. {"exception":"[object] (Illuminate\\Contracts\\Container\\BindingResolutionException(code: 0): Target class [role] does not exist. at D:/bakery-production-system/backend/vendor/laravel/framework/src/Illuminate/Container/Container.php:1127)
[stacktrace]
#0 D:/bakery-production-system/backend/vendor/laravel/framework/src/Illuminate/Container/Container.php(936): Illuminate/Container/Container->build()
#1 D:/bakery-production-system/backend/vendor/laravel/framework/src/Illuminate/Foundation/Application.php(1078): Illuminate/Container/Container->resolve()
#2 D:/bakery-production-system/backend/vendor/laravel/framework/src/Illuminate/Container/Container.php(864): Illuminate/Foundation/Application->resolve()
#3 D:/bakery-production-system/backend/vendor/laravel/framework/src/Illuminate/Foundation/Application.php(1058): Illuminate/Container/Container->make()
#4 D:/bakery-production-system/backend/vendor/laravel/framework/src/Illuminate/Foundation/Http/Kernel.php(257): Illuminate/Foundation/Application->make()
#5 D:/bakery-production-system/backend/vendor/laravel/framework/src/Illuminate/Foundation/Http/Kernel.php(215): Illuminate/Foundation/Http/Kernel->terminateMiddleware()
#6 D:/bakery-production-system/backend/vendor/laravel/framework/src/Illuminate/Foundation/Application.php(1222): Illuminate/Foundation/Http/Kernel->terminate()
#7 D:/bakery-production-system/backend/public/index.php(20): Illuminate/Foundation/Application->handleRequest()
#8 D:/bakery-production-system/backend/vendor/laravel/framework/src/Illuminate/Foundation/resources/server.php(23): require_once('...')
#9 {main}

[previous exception] [object] (ReflectionException(code: -1): Class \"role\" does not exist at D:/bakery-production-system/backend/vendor/laravel/framework/src/Illuminate/Container/Container.php:1125)
[stacktrace]
#0 D:/bakery-production-system/backend/vendor/laravel/framework/src/Illuminate/Container/Container.php(1125): ReflectionClass->__construct()
#1 D:/bakery-production-system/backend/vendor/laravel/framework/src/Illuminate/Container/Container.php(936): Illuminate/Container/Container->build()
#2 D:/bakery-production-system/backend/vendor/laravel/framework/src/Illuminate/Foundation/Application.php(1078): Illuminate/Container/Container->resolve()
#3 D:/bakery-production-system/backend/vendor/laravel/framework/src/Illuminate/Container/Container.php(864): Illuminate/Foundation/Application->resolve()
#4 D:/bakery-production-system/backend/vendor/laravel/framework/src/Illuminate/Foundation/Application.php(1058): Illuminate/Container/Container->make()
#5 D:/bakery-production-system/backend/vendor/laravel/framework/src/Illuminate/Foundation/Http/Kernel.php(257): Illuminate/Foundation/Application->make()
#6 D:/bakery-production-system/backend/vendor/laravel/framework/src/Illuminate/Foundation/Http/Kernel.php(215): Illuminate/Foundation/Http/Kernel->terminateMiddleware()
#7 D:/bakery-production-system/backend/vendor/laravel/framework/src/Illuminate/Foundation/Application.php(1222): Illuminate/Foundation/Http/Kernel->terminate()
#8 D:/bakery-production-system/backend/public/index.php(20): Illuminate/Foundation/Application->handleRequest()
#9 D:/bakery-production-system/backend/vendor/laravel/framework/src/Illuminate/Foundation/resources/server.php(23): require_once('...')
#10 {main}
"} 
[2026-06-23 08:32:52] local.ERROR: Uncaught ErrorException: Cannot modify header information - headers already sent by (output started at D:\bakery-production-system\backend\vendor\symfony\http-foundation\Response.php:1284) in D:\bakery-production-system\backend\vendor\symfony\http-foundation\Response.php:328
Stack trace:
#0 D:\bakery-production-system\backend\vendor\laravel\framework\src\Illuminate\Foundation\Bootstrap\HandleExceptions.php(263): Illuminate\Foundation\Bootstrap\HandleExceptions->handleError()
#1 [internal function]: Illuminate\Foundation\Bootstrap\HandleExceptions->{closure:Illuminate\Foundation\Bootstrap\HandleExceptions::forwardsTo():262}()
#2 D:\bakery-production-system\backend\vendor\symfony\http-foundation\Response.php(328): header()
#3 D:\bakery-production-system\backend\vendor\symfony\http-foundation\Response.php(407): Symfony\Component\HttpFoundation\Response->sendHeaders()
#4 D:\bakery-production-system\backend\vendor\laravel\framework\src\Illuminate\Foundation\Bootstrap\HandleExceptions.php(226): Symfony\Component\HttpFoundation\Response->send()
#5 D:\bakery-production-system\backend\vendor\laravel\framework\src\Illuminate\Foundation\Bootstrap\HandleExceptions.php(203): Illuminate\Foundation\Bootstrap\HandleExceptions->renderHttpResponse()
#6 D:\bakery-production-system\backend\vendor\laravel\framework\src\Illuminate\Foundation\Bootstrap\HandleExceptions.php(263): Illuminate\Foundation\Bootstrap\HandleExceptions->handleException()
#7 [internal function]: Illuminate\Foundation\Bootstrap\HandleExceptions->{closure:Illuminate\Foundation\Bootstrap\HandleExceptions::forwardsTo():262}()
#8 {main}
  thrown {"exception":"[object] (Symfony\\Component\\ErrorHandler\\Error\\FatalError(code: 0): Uncaught ErrorException: Cannot modify header information - headers already sent by (output started at D:\\bakery-production-system\\backend\\vendor\\symfony\\http-foundation\\Response.php:1284) in D:\\bakery-production-system\\backend\\vendor\\symfony\\http-foundation\\Response.php:328
Stack trace:
#0 D:\\bakery-production-system\\backend\\vendor\\laravel\\framework\\src\\Illuminate\\Foundation\\Bootstrap\\HandleExceptions.php(263): Illuminate\\Foundation\\Bootstrap\\HandleExceptions->handleError()
#1 [internal function]: Illuminate\\Foundation\\Bootstrap\\HandleExceptions->{closure:Illuminate\\Foundation\\Bootstrap\\HandleExceptions::forwardsTo():262}()
#2 D:\\bakery-production-system\\backend\\vendor\\symfony\\http-foundation\\Response.php(328): header()
#3 D:\\bakery-production-system\\backend\\vendor\\symfony\\http-foundation\\Response.php(407): Symfony\\Component\\HttpFoundation\\Response->sendHeaders()
#4 D:\\bakery-production-system\\backend\\vendor\\laravel\\framework\\src\\Illuminate\\Foundation\\Bootstrap\\HandleExceptions.php(226): Symfony\\Component\\HttpFoundation\\Response->send()
#5 D:\\bakery-production-system\\backend\\vendor\\laravel\\framework\\src\\Illuminate\\Foundation\\Bootstrap\\HandleExceptions.php(203): Illuminate\\Foundation\\Bootstrap\\HandleExceptions->renderHttpResponse()
#6 D:\\bakery-production-system\\backend\\vendor\\laravel\\framework\\src\\Illuminate\\Foundation\\Bootstrap\\HandleExceptions.php(263): Illuminate\\Foundation\\Bootstrap\\HandleExceptions->handleException()
#7 [internal function]: Illuminate\\Foundation\\Bootstrap\\HandleExceptions->{closure:Illuminate\\Foundation\\Bootstrap\\HandleExceptions::forwardsTo():262}()
#8 {main}
  thrown at D:/bakery-production-system/backend/vendor/symfony/http-foundation/Response.php:328)
[stacktrace]
#0 {main}
"} 
[2026-06-23 08:33:53] local.ERROR: Target class [role] does not exist. {"userId":2,"exception":"[object] (Illuminate\\Contracts\\Container\\BindingResolutionException(code: 0): Target class [role] does not exist. at D:/bakery-production-system/backend/vendor/laravel/framework/src/Illuminate/Container/Container.php:1127)
[stacktrace]
#0 D:/bakery-production-system/backend/vendor/laravel/framework/src/Illuminate/Container/Container.php(936): Illuminate/Container/Container->build()
#1 D:/bakery-production-system/backend/vendor/laravel/framework/src/Illuminate/Foundation/Application.php(1078): Illuminate/Container/Container->resolve()
#2 D:/bakery-production-system/backend/vendor/laravel/framework/src/Illuminate/Container/Container.php(864): Illuminate/Foundation/Application->resolve()
#3 D:/bakery-production-system/backend/vendor/laravel/framework/src/Illuminate/Foundation/Application.php(1058): Illuminate/Container/Container->make()
#4 D:/bakery-production-system/backend/vendor/laravel/framework/src/Illuminate/Pipeline/Pipeline.php(208): Illuminate/Foundation/Application->make()
#5 D:/bakery-production-system/backend/vendor/laravel/framework/src/Illuminate/Routing/Middleware/SubstituteBindings.php(52): Illuminate/Pipeline/Pipeline->{closure:{closure:Illuminate/Pipeline/Pipeline::carry():194}:195}()
#6 D:/bakery-production-system/backend/vendor/laravel/framework/src/Illuminate/Pipeline/Pipeline.php(219): Illuminate/Routing/Middleware/SubstituteBindings->handle()
#7 D:/bakery-production-system/backend/vendor/laravel/framework/src/Illuminate/Auth/Middleware/Authenticate.php(63): Illuminate/Pipeline/Pipeline->{closure:{closure:Illuminate/Pipeline/Pipeline::carry():194}:195}()
#8 D:/bakery-production-system/backend/vendor/laravel/framework/src/Illuminate/Pipeline/Pipeline.php(219): Illuminate/Auth/Middleware/Authenticate->handle()
#9 D:/bakery-production-system/backend/vendor/laravel/sanctum/src/Http/Middleware/EnsureFrontendRequestsAreStateful.php(26): Illuminate/Pipeline/Pipeline->{closure:{closure:Illuminate/Pipeline/Pipeline::carry():194}:195}()
#10 D:/bakery-production-system/backend/vendor/laravel/framework/src/Illuminate/Pipeline/Pipeline.php(180): Laravel/Sanctum/Http/Middleware/EnsureFrontendRequestsAreStateful->{closure:Laravel/Sanctum/Http/Middleware/EnsureFrontendRequestsAreStateful::handle():25}()
#11 D:/bakery-production-system/backend/vendor/laravel/framework/src/Illuminate/Pipeline/Pipeline.php(137): Illuminate/Pipeline/Pipeline->{closure:Illuminate/Pipeline/Pipeline::prepareDestination():178}()
#12 D:/bakery-production-system/backend/vendor/laravel/sanctum/src/Http/Middleware/EnsureFrontendRequestsAreStateful.php(25): Illuminate/Pipeline/Pipeline->then()
#13 D:/bakery-production-system/backend/vendor/laravel/framework/src/Illuminate/Pipeline/Pipeline.php(219): Laravel/Sanctum/Http/Middleware/EnsureFrontendRequestsAreStateful->handle()
#14 D:/bakery-production-system/backend/vendor/laravel/framework/src/Illuminate/Pipeline/Pipeline.php(137): Illuminate/Pipeline/Pipeline->{closure:{closure:Illuminate/Pipeline/Pipeline::carry():194}:195}()
#15 D:/bakery-production-system/backend/vendor/laravel/framework/src/Illuminate/Routing/Router.php(821): Illuminate/Pipeline/Pipeline->then()
#16 D:/bakery-production-system/backend/vendor/laravel/framework/src/Illuminate/Routing/Router.php(800): Illuminate/Routing/Router->runRouteWithinStack()
#17 D:/bakery-production-system/backend/vendor/laravel/framework/src/Illuminate/Routing/Router.php(764): Illuminate/Routing/Router->runRoute()
#18 D:/bakery-production-system/backend/vendor/laravel/framework/src/Illuminate/Routing/Router.php(753): Illuminate/Routing/Router->dispatchToRoute()
#19 D:/bakery-production-system/backend/vendor/laravel/framework/src/Illuminate/Foundation/Http/Kernel.php(200): Illuminate/Routing/Router->dispatch()
#20 D:/bakery-production-system/backend/vendor/laravel/framework/src/Illuminate/Pipeline/Pipeline.php(180): Illuminate/Foundation/Http/Kernel->{closure:Illuminate/Foundation/Http/Kernel::dispatchToRouter():197}()
#21 D:/bakery-production-system/backend/vendor/laravel/framework/src/Illuminate/Foundation/Http/Middleware/TransformsRequest.php(21): Illuminate/Pipeline/Pipeline->{closure:Illuminate/Pipeline/Pipeline::prepareDestination():178}()
#22 D:/bakery-production-system/backend/vendor/laravel/framework/src/Illuminate/Foundation/Http/Middleware/ConvertEmptyStringsToNull.php(31): Illuminate/Foundation/Http/Middleware/TransformsRequest->handle()
#23 D:/bakery-production-system/backend/vendor/laravel/framework/src/Illuminate/Pipeline/Pipeline.php(219): Illuminate/Foundation/Http/Middleware/ConvertEmptyStringsToNull->handle()
#24 D:/bakery-production-system/backend/vendor/laravel/framework/src/Illuminate/Foundation/Http/Middleware/TransformsRequest.php(21): Illuminate/Pipeline/Pipeline->{closure:{closure:Illuminate/Pipeline/Pipeline::carry():194}:195}()
#25 D:/bakery-production-system/backend/vendor/laravel/framework/src/Illuminate/Foundation/Http/Middleware/TrimStrings.php(51): Illuminate/Foundation/Http/Middleware/TransformsRequest->handle()
#26 D:/bakery-production-system/backend/vendor/laravel/framework/src/Illuminate/Pipeline/Pipeline.php(219): Illuminate/Foundation/Http/Middleware/TrimStrings->handle()
#27 D:/bakery-production-system/backend/vendor/laravel/framework/src/Illuminate/Http/Middleware/ValidatePostSize.php(27): Illuminate/Pipeline/Pipeline->{closure:{closure:Illuminate/Pipeline/Pipeline::carry():194}:195}()
#28 D:/bakery-production-system/backend/vendor/laravel/framework/src/Illuminate/Pipeline/Pipeline.php(219): Illuminate/Http/Middleware/ValidatePostSize->handle()
#29 D:/bakery-production-system/backend/vendor/laravel/framework/src/Illuminate/Foundation/Http/Middleware/PreventRequestsDuringMaintenance.php(109): Illuminate/Pipeline/Pipeline->{closure:{closure:Illuminate/Pipeline/Pipeline::carry():194}:195}()
#30 D:/bakery-production-system/backend/vendor/laravel/framework/src/Illuminate/Pipeline/Pipeline.php(219): Illuminate/Foundation/Http/Middleware/PreventRequestsDuringMaintenance->handle()
#31 D:/bakery-production-system/backend/vendor/laravel/framework/src/Illuminate/Http/Middleware/HandleCors.php(74): Illuminate/Pipeline/Pipeline->{closure:{closure:Illuminate/Pipeline/Pipeline::carry():194}:195}()
#32 D:/bakery-production-system/backend/vendor/laravel/framework/src/Illuminate/Pipeline/Pipeline.php(219): Illuminate/Http/Middleware/HandleCors->handle()
#33 D:/bakery-production-system/backend/vendor/laravel/framework/src/Illuminate/Http/Middleware/TrustProxies.php(58): Illuminate/Pipeline/Pipeline->{closure:{closure:Illuminate/Pipeline/Pipeline::carry():194}:195}()
#34 D:/bakery-production-system/backend/vendor/laravel/framework/src/Illuminate/Pipeline/Pipeline.php(219): Illuminate/Http/Middleware/TrustProxies->handle()
#35 D:/bakery-production-system/backend/vendor/laravel/framework/src/Illuminate/Foundation/Http/Middleware/InvokeDeferredCallbacks.php(22): Illuminate/Pipeline/Pipeline->{closure:{closure:Illuminate/Pipeline/Pipeline::carry():194}:195}()
#36 D:/bakery-production-system/backend/vendor/laravel/framework/src/Illuminate/Pipeline/Pipeline.php(219): Illuminate/Foundation/Http/Middleware/InvokeDeferredCallbacks->handle()
#37 D:/bakery-production-system/backend/vendor/laravel/framework/src/Illuminate/Http/Middleware/ValidatePathEncoding.php(28): Illuminate/Pipeline/Pipeline->{closure:{closure:Illuminate/Pipeline/Pipeline::carry():194}:195}()
#38 D:/bakery-production-system/backend/vendor/laravel/framework/src/Illuminate/Pipeline/Pipeline.php(219): Illuminate/Http/Middleware/ValidatePathEncoding->handle()
#39 D:/bakery-production-system/backend/vendor/laravel/framework/src/Illuminate/Pipeline/Pipeline.php(137): Illuminate/Pipeline/Pipeline->{closure:{closure:Illuminate/Pipeline/Pipeline::carry():194}:195}()
#40 D:/bakery-production-system/backend/vendor/laravel/framework/src/Illuminate/Foundation/Http/Kernel.php(175): Illuminate/Pipeline/Pipeline->then()
#41 D:/bakery-production-system/backend/vendor/laravel/framework/src/Illuminate/Foundation/Http/Kernel.php(144): Illuminate/Foundation/Http/Kernel->sendRequestThroughRouter()
#42 D:/bakery-production-system/backend/vendor/laravel/framework/src/Illuminate/Foundation/Application.php(1220): Illuminate/Foundation/Http/Kernel->handle()
#43 D:/bakery-production-system/backend/public/index.php(20): Illuminate/Foundation/Application->handleRequest()
#44 D:/bakery-production-system/backend/vendor/laravel/framework/src/Illuminate/Foundation/resources/server.php(23): require_once('...')
#45 {main}

[previous exception] [object] (ReflectionException(code: -1): Class \"role\" does not exist at D:/bakery-production-system/backend/vendor/laravel/framework/src/Illuminate/Container/Container.php:1125)
[stacktrace]
#0 D:/bakery-production-system/backend/vendor/laravel/framework/src/Illuminate/Container/Container.php(1125): ReflectionClass->__construct()
#1 D:/bakery-production-system/backend/vendor/laravel/framework/src/Illuminate/Container/Container.php(936): Illuminate/Container/Container->build()
#2 D:/bakery-production-system/backend/vendor/laravel/framework/src/Illuminate/Foundation/Application.php(1078): Illuminate/Container/Container->resolve()
#3 D:/bakery-production-system/backend/vendor/laravel/framework/src/Illuminate/Container/Container.php(864): Illuminate/Foundation/Application->resolve()
#4 D:/bakery-production-system/backend/vendor/laravel/framework/src/Illuminate/Foundation/Application.php(1058): Illuminate/Container/Container->make()
#5 D:/bakery-production-system/backend/vendor/laravel/framework/src/Illuminate/Pipeline/Pipeline.php(208): Illuminate/Foundation/Application->make()
#6 D:/bakery-production-system/backend/vendor/laravel/framework/src/Illuminate/Routing/Middleware/SubstituteBindings.php(52): Illuminate/Pipeline/Pipeline->{closure:{closure:Illuminate/Pipeline/Pipeline::carry():194}:195}()
#7 D:/bakery-production-system/backend/vendor/laravel/framework/src/Illuminate/Pipeline/Pipeline.php(219): Illuminate/Routing/Middleware/SubstituteBindings->handle()
#8 D:/bakery-production-system/backend/vendor/laravel/framework/src/Illuminate/Auth/Middleware/Authenticate.php(63): Illuminate/Pipeline/Pipeline->{closure:{closure:Illuminate/Pipeline/Pipeline::carry():194}:195}()
#9 D:/bakery-production-system/backend/vendor/laravel/framework/src/Illuminate/Pipeline/Pipeline.php(219): Illuminate/Auth/Middleware/Authenticate->handle()
#10 D:/bakery-production-system/backend/vendor/laravel/sanctum/src/Http/Middleware/EnsureFrontendRequestsAreStateful.php(26): Illuminate/Pipeline/Pipeline->{closure:{closure:Illuminate/Pipeline/Pipeline::carry():194}:195}()
#11 D:/bakery-production-system/backend/vendor/laravel/framework/src/Illuminate/Pipeline/Pipeline.php(180): Laravel/Sanctum/Http/Middleware/EnsureFrontendRequestsAreStateful->{closure:Laravel/Sanctum/Http/Middleware/EnsureFrontendRequestsAreStateful::handle():25}()
#12 D:/bakery-production-system/backend/vendor/laravel/framework/src/Illuminate/Pipeline/Pipeline.php(137): Illuminate/Pipeline/Pipeline->{closure:Illuminate/Pipeline/Pipeline::prepareDestination():178}()
#13 D:/bakery-production-system/backend/vendor/laravel/sanctum/src/Http/Middleware/EnsureFrontendRequestsAreStateful.php(25): Illuminate/Pipeline/Pipeline->then()
#14 D:/bakery-production-system/backend/vendor/laravel/framework/src/Illuminate/Pipeline/Pipeline.php(219): Laravel/Sanctum/Http/Middleware/EnsureFrontendRequestsAreStateful->handle()
#15 D:/bakery-production-system/backend/vendor/laravel/framework/src/Illuminate/Pipeline/Pipeline.php(137): Illuminate/Pipeline/Pipeline->{closure:{closure:Illuminate/Pipeline/Pipeline::carry():194}:195}()
#16 D:/bakery-production-system/backend/vendor/laravel/framework/src/Illuminate/Routing/Router.php(821): Illuminate/Pipeline/Pipeline->then()
#17 D:/bakery-production-system/backend/vendor/laravel/framework/src/Illuminate/Routing/Router.php(800): Illuminate/Routing/Router->runRouteWithinStack()
#18 D:/bakery-production-system/backend/vendor/laravel/framework/src/Illuminate/Routing/Router.php(764): Illuminate/Routing/Router->runRoute()
#19 D:/bakery-production-system/backend/vendor/laravel/framework/src/Illuminate/Routing/Router.php(753): Illuminate/Routing/Router->dispatchToRoute()
#20 D:/bakery-production-system/backend/vendor/laravel/framework/src/Illuminate/Foundation/Http/Kernel.php(200): Illuminate/Routing/Router->dispatch()
#21 D:/bakery-production-system/backend/vendor/laravel/framework/src/Illuminate/Pipeline/Pipeline.php(180): Illuminate/Foundation/Http/Kernel->{closure:Illuminate/Foundation/Http/Kernel::dispatchToRouter():197}()
#22 D:/bakery-production-system/backend/vendor/laravel/framework/src/Illuminate/Foundation/Http/Middleware/TransformsRequest.php(21): Illuminate/Pipeline/Pipeline->{closure:Illuminate/Pipeline/Pipeline::prepareDestination():178}()
#23 D:/bakery-production-system/backend/vendor/laravel/framework/src/Illuminate/Foundation/Http/Middleware/ConvertEmptyStringsToNull.php(31): Illuminate/Foundation/Http/Middleware/TransformsRequest->handle()
#24 D:/bakery-production-system/backend/vendor/laravel/framework/src/Illuminate/Pipeline/Pipeline.php(219): Illuminate/Foundation/Http/Middleware/ConvertEmptyStringsToNull->handle()
#25 D:/bakery-production-system/backend/vendor/laravel/framework/src/Illuminate/Foundation/Http/Middleware/TransformsRequest.php(21): Illuminate/Pipeline/Pipeline->{closure:{closure:Illuminate/Pipeline/Pipeline::carry():194}:195}()
#26 D:/bakery-production-system/backend/vendor/laravel/framework/src/Illuminate/Foundation/Http/Middleware/TrimStrings.php(51): Illuminate/Foundation/Http/Middleware/TransformsRequest->handle()
#27 D:/bakery-production-system/backend/vendor/laravel/framework/src/Illuminate/Pipeline/Pipeline.php(219): Illuminate/Foundation/Http/Middleware/TrimStrings->handle()
#28 D:/bakery-production-system/backend/vendor/laravel/framework/src/Illuminate/Http/Middleware/ValidatePostSize.php(27): Illuminate/Pipeline/Pipeline->{closure:{closure:Illuminate/Pipeline/Pipeline::carry():194}:195}()
#29 D:/bakery-production-system/backend/vendor/laravel/framework/src/Illuminate/Pipeline/Pipeline.php(219): Illuminate/Http/Middleware/ValidatePostSize->handle()
#30 D:/bakery-production-system/backend/vendor/laravel/framework/src/Illuminate/Foundation/Http/Middleware/PreventRequestsDuringMaintenance.php(109): Illuminate/Pipeline/Pipeline->{closure:{closure:Illuminate/Pipeline/Pipeline::carry():194}:195}()
#31 D:/bakery-production-system/backend/vendor/laravel/framework/src/Illuminate/Pipeline/Pipeline.php(219): Illuminate/Foundation/Http/Middleware/PreventRequestsDuringMaintenance->handle()
#32 D:/bakery-production-system/backend/vendor/laravel/framework/src/Illuminate/Http/Middleware/HandleCors.php(74): Illuminate/Pipeline/Pipeline->{closure:{closure:Illuminate/Pipeline/Pipeline::carry():194}:195}()
#33 D:/bakery-production-system/backend/vendor/laravel/framework/src/Illuminate/Pipeline/Pipeline.php(219): Illuminate/Http/Middleware/HandleCors->handle()
#34 D:/bakery-production-system/backend/vendor/laravel/framework/src/Illuminate/Http/Middleware/TrustProxies.php(58): Illuminate/Pipeline/Pipeline->{closure:{closure:Illuminate/Pipeline/Pipeline::carry():194}:195}()
#35 D:/bakery-production-system/backend/vendor/laravel/framework/src/Illuminate/Pipeline/Pipeline.php(219): Illuminate/Http/Middleware/TrustProxies->handle()
#36 D:/bakery-production-system/backend/vendor/laravel/framework/src/Illuminate/Foundation/Http/Middleware/InvokeDeferredCallbacks.php(22): Illuminate/Pipeline/Pipeline->{closure:{closure:Illuminate/Pipeline/Pipeline::carry():194}:195}()
#37 D:/bakery-production-system/backend/vendor/laravel/framework/src/Illuminate/Pipeline/Pipeline.php(219): Illuminate/Foundation/Http/Middleware/InvokeDeferredCallbacks->handle()
#38 D:/bakery-production-system/backend/vendor/laravel/framework/src/Illuminate/Http/Middleware/ValidatePathEncoding.php(28): Illuminate/Pipeline/Pipeline->{closure:{closure:Illuminate/Pipeline/Pipeline::carry():194}:195}()
#39 D:/bakery-production-system/backend/vendor/laravel/framework/src/Illuminate/Pipeline/Pipeline.php(219): Illuminate/Http/Middleware/ValidatePathEncoding->handle()
#40 D:/bakery-production-system/backend/vendor/laravel/framework/src/Illuminate/Pipeline/Pipeline.php(137): Illuminate/Pipeline/Pipeline->{closure:{closure:Illuminate/Pipeline/Pipeline::carry():194}:195}()
#41 D:/bakery-production-system/backend/vendor/laravel/framework/src/Illuminate/Foundation/Http/Kernel.php(175): Illuminate/Pipeline/Pipeline->then()
#42 D:/bakery-production-system/backend/vendor/laravel/framework/src/Illuminate/Foundation/Http/Kernel.php(144): Illuminate/Foundation/Http/Kernel->sendRequestThroughRouter()
#43 D:/bakery-production-system/backend/vendor/laravel/framework/src/Illuminate/Foundation/Application.php(1220): Illuminate/Foundation/Http/Kernel->handle()
#44 D:/bakery-production-system/backend/public/index.php(20): Illuminate/Foundation/Application->handleRequest()
#45 D:/bakery-production-system/backend/vendor/laravel/framework/src/Illuminate/Foundation/resources/server.php(23): require_once('...')
#46 {main}
"} 
[2026-06-23 08:33:53] local.ERROR: Target class [role] does not exist. {"userId":2,"exception":"[object] (Illuminate\\Contracts\\Container\\BindingResolutionException(code: 0): Target class [role] does not exist. at D:/bakery-production-system/backend/vendor/laravel/framework/src/Illuminate/Container/Container.php:1127)
[stacktrace]
#0 D:/bakery-production-system/backend/vendor/laravel/framework/src/Illuminate/Container/Container.php(936): Illuminate/Container/Container->build()
#1 D:/bakery-production-system/backend/vendor/laravel/framework/src/Illuminate/Foundation/Application.php(1078): Illuminate/Container/Container->resolve()
#2 D:/bakery-production-system/backend/vendor/laravel/framework/src/Illuminate/Container/Container.php(864): Illuminate/Foundation/Application->resolve()
#3 D:/bakery-production-system/backend/vendor/laravel/framework/src/Illuminate/Foundation/Application.php(1058): Illuminate/Container/Container->make()
#4 D:/bakery-production-system/backend/vendor/laravel/framework/src/Illuminate/Foundation/Http/Kernel.php(257): Illuminate/Foundation/Application->make()
#5 D:/bakery-production-system/backend/vendor/laravel/framework/src/Illuminate/Foundation/Http/Kernel.php(215): Illuminate/Foundation/Http/Kernel->terminateMiddleware()
#6 D:/bakery-production-system/backend/vendor/laravel/framework/src/Illuminate/Foundation/Application.php(1222): Illuminate/Foundation/Http/Kernel->terminate()
#7 D:/bakery-production-system/backend/public/index.php(20): Illuminate/Foundation/Application->handleRequest()
#8 D:/bakery-production-system/backend/vendor/laravel/framework/src/Illuminate/Foundation/resources/server.php(23): require_once('...')
#9 {main}

[previous exception] [object] (ReflectionException(code: -1): Class \"role\" does not exist at D:/bakery-production-system/backend/vendor/laravel/framework/src/Illuminate/Container/Container.php:1125)
[stacktrace]
#0 D:/bakery-production-system/backend/vendor/laravel/framework/src/Illuminate/Container/Container.php(1125): ReflectionClass->__construct()
#1 D:/bakery-production-system/backend/vendor/laravel/framework/src/Illuminate/Container/Container.php(936): Illuminate/Container/Container->build()
#2 D:/bakery-production-system/backend/vendor/laravel/framework/src/Illuminate/Foundation/Application.php(1078): Illuminate/Container/Container->resolve()
#3 D:/bakery-production-system/backend/vendor/laravel/framework/src/Illuminate/Container/Container.php(864): Illuminate/Foundation/Application->resolve()
#4 D:/bakery-production-system/backend/vendor/laravel/framework/src/Illuminate/Foundation/Application.php(1058): Illuminate/Container/Container->make()
#5 D:/bakery-production-system/backend/vendor/laravel/framework/src/Illuminate/Foundation/Http/Kernel.php(257): Illuminate/Foundation/Application->make()
#6 D:/bakery-production-system/backend/vendor/laravel/framework/src/Illuminate/Foundation/Http/Kernel.php(215): Illuminate/Foundation/Http/Kernel->terminateMiddleware()
#7 D:/bakery-production-system/backend/vendor/laravel/framework/src/Illuminate/Foundation/Application.php(1222): Illuminate/Foundation/Http/Kernel->terminate()
#8 D:/bakery-production-system/backend/public/index.php(20): Illuminate/Foundation/Application->handleRequest()
#9 D:/bakery-production-system/backend/vendor/laravel/framework/src/Illuminate/Foundation/resources/server.php(23): require_once('...')
#10 {main}
"} 
[2026-06-23 08:33:53] local.ERROR: Uncaught ErrorException: Cannot modify header information - headers already sent by (output started at D:\bakery-production-system\backend\vendor\symfony\http-foundation\Response.php:393) in D:\bakery-production-system\backend\vendor\symfony\http-foundation\Response.php:328
Stack trace:
#0 D:\bakery-production-system\backend\vendor\laravel\framework\src\Illuminate\Foundation\Bootstrap\HandleExceptions.php(263): Illuminate\Foundation\Bootstrap\HandleExceptions->handleError()
#1 [internal function]: Illuminate\Foundation\Bootstrap\HandleExceptions->{closure:Illuminate\Foundation\Bootstrap\HandleExceptions::forwardsTo():262}()
#2 D:\bakery-production-system\backend\vendor\symfony\http-foundation\Response.php(328): header()
#3 D:\bakery-production-system\backend\vendor\symfony\http-foundation\Response.php(407): Symfony\Component\HttpFoundation\Response->sendHeaders()
#4 D:\bakery-production-system\backend\vendor\laravel\framework\src\Illuminate\Foundation\Bootstrap\HandleExceptions.php(226): Symfony\Component\HttpFoundation\Response->send()
#5 D:\bakery-production-system\backend\vendor\laravel\framework\src\Illuminate\Foundation\Bootstrap\HandleExceptions.php(203): Illuminate\Foundation\Bootstrap\HandleExceptions->renderHttpResponse()
#6 D:\bakery-production-system\backend\vendor\laravel\framework\src\Illuminate\Foundation\Bootstrap\HandleExceptions.php(263): Illuminate\Foundation\Bootstrap\HandleExceptions->handleException()
#7 [internal function]: Illuminate\Foundation\Bootstrap\HandleExceptions->{closure:Illuminate\Foundation\Bootstrap\HandleExceptions::forwardsTo():262}()
#8 {main}
  thrown {"userId":2,"exception":"[object] (Symfony\\Component\\ErrorHandler\\Error\\FatalError(code: 0): Uncaught ErrorException: Cannot modify header information - headers already sent by (output started at D:\\bakery-production-system\\backend\\vendor\\symfony\\http-foundation\\Response.php:393) in D:\\bakery-production-system\\backend\\vendor\\symfony\\http-foundation\\Response.php:328
Stack trace:
#0 D:\\bakery-production-system\\backend\\vendor\\laravel\\framework\\src\\Illuminate\\Foundation\\Bootstrap\\HandleExceptions.php(263): Illuminate\\Foundation\\Bootstrap\\HandleExceptions->handleError()
#1 [internal function]: Illuminate\\Foundation\\Bootstrap\\HandleExceptions->{closure:Illuminate\\Foundation\\Bootstrap\\HandleExceptions::forwardsTo():262}()
#2 D:\\bakery-production-system\\backend\\vendor\\symfony\\http-foundation\\Response.php(328): header()
#3 D:\\bakery-production-system\\backend\\vendor\\symfony\\http-foundation\\Response.php(407): Symfony\\Component\\HttpFoundation\\Response->sendHeaders()
#4 D:\\bakery-production-system\\backend\\vendor\\laravel\\framework\\src\\Illuminate\\Foundation\\Bootstrap\\HandleExceptions.php(226): Symfony\\Component\\HttpFoundation\\Response->send()
#5 D:\\bakery-production-system\\backend\\vendor\\laravel\\framework\\src\\Illuminate\\Foundation\\Bootstrap\\HandleExceptions.php(203): Illuminate\\Foundation\\Bootstrap\\HandleExceptions->renderHttpResponse()
#6 D:\\bakery-production-system\\backend\\vendor\\laravel\\framework\\src\\Illuminate\\Foundation\\Bootstrap\\HandleExceptions.php(263): Illuminate\\Foundation\\Bootstrap\\HandleExceptions->handleException()
#7 [internal function]: Illuminate\\Foundation\\Bootstrap\\HandleExceptions->{closure:Illuminate\\Foundation\\Bootstrap\\HandleExceptions::forwardsTo():262}()
#8 {main}
  thrown at D:/bakery-production-system/backend/vendor/symfony/http-foundation/Response.php:328)
[stacktrace]
#0 {main}
"} 
[2026-06-23 08:36:36] local.ERROR: Target class [role] does not exist. {"userId":2,"exception":"[object] (Illuminate\\Contracts\\Container\\BindingResolutionException(code: 0): Target class [role] does not exist. at D:/bakery-production-system/backend/vendor/laravel/framework/src/Illuminate/Container/Container.php:1127)
[stacktrace]
#0 D:/bakery-production-system/backend/vendor/laravel/framework/src/Illuminate/Container/Container.php(936): Illuminate/Container/Container->build()
#1 D:/bakery-production-system/backend/vendor/laravel/framework/src/Illuminate/Foundation/Application.php(1078): Illuminate/Container/Container->resolve()
#2 D:/bakery-production-system/backend/vendor/laravel/framework/src/Illuminate/Container/Container.php(864): Illuminate/Foundation/Application->resolve()
#3 D:/bakery-production-system/backend/vendor/laravel/framework/src/Illuminate/Foundation/Application.php(1058): Illuminate/Container/Container->make()
#4 D:/bakery-production-system/backend/vendor/laravel/framework/src/Illuminate/Pipeline/Pipeline.php(208): Illuminate/Foundation/Application->make()
#5 D:/bakery-production-system/backend/vendor/laravel/framework/src/Illuminate/Routing/Middleware/SubstituteBindings.php(52): Illuminate/Pipeline/Pipeline->{closure:{closure:Illuminate/Pipeline/Pipeline::carry():194}:195}()
#6 D:/bakery-production-system/backend/vendor/laravel/framework/src/Illuminate/Pipeline/Pipeline.php(219): Illuminate/Routing/Middleware/SubstituteBindings->handle()
#7 D:/bakery-production-system/backend/vendor/laravel/framework/src/Illuminate/Auth/Middleware/Authenticate.php(63): Illuminate/Pipeline/Pipeline->{closure:{closure:Illuminate/Pipeline/Pipeline::carry():194}:195}()
#8 D:/bakery-production-system/backend/vendor/laravel/framework/src/Illuminate/Pipeline/Pipeline.php(219): Illuminate/Auth/Middleware/Authenticate->handle()
#9 D:/bakery-production-system/backend/vendor/laravel/sanctum/src/Http/Middleware/EnsureFrontendRequestsAreStateful.php(26): Illuminate/Pipeline/Pipeline->{closure:{closure:Illuminate/Pipeline/Pipeline::carry():194}:195}()
#10 D:/bakery-production-system/backend/vendor/laravel/framework/src/Illuminate/Pipeline/Pipeline.php(180): Laravel/Sanctum/Http/Middleware/EnsureFrontendRequestsAreStateful->{closure:Laravel/Sanctum/Http/Middleware/EnsureFrontendRequestsAreStateful::handle():25}()
#11 D:/bakery-production-system/backend/vendor/laravel/framework/src/Illuminate/Pipeline/Pipeline.php(137): Illuminate/Pipeline/Pipeline->{closure:Illuminate/Pipeline/Pipeline::prepareDestination():178}()
#12 D:/bakery-production-system/backend/vendor/laravel/sanctum/src/Http/Middleware/EnsureFrontendRequestsAreStateful.php(25): Illuminate/Pipeline/Pipeline->then()
#13 D:/bakery-production-system/backend/vendor/laravel/framework/src/Illuminate/Pipeline/Pipeline.php(219): Laravel/Sanctum/Http/Middleware/EnsureFrontendRequestsAreStateful->handle()
#14 D:/bakery-production-system/backend/vendor/laravel/framework/src/Illuminate/Pipeline/Pipeline.php(137): Illuminate/Pipeline/Pipeline->{closure:{closure:Illuminate/Pipeline/Pipeline::carry():194}:195}()
#15 D:/bakery-production-system/backend/vendor/laravel/framework/src/Illuminate/Routing/Router.php(821): Illuminate/Pipeline/Pipeline->then()
#16 D:/bakery-production-system/backend/vendor/laravel/framework/src/Illuminate/Routing/Router.php(800): Illuminate/Routing/Router->runRouteWithinStack()
#17 D:/bakery-production-system/backend/vendor/laravel/framework/src/Illuminate/Routing/Router.php(764): Illuminate/Routing/Router->runRoute()
#18 D:/bakery-production-system/backend/vendor/laravel/framework/src/Illuminate/Routing/Router.php(753): Illuminate/Routing/Router->dispatchToRoute()
#19 D:/bakery-production-system/backend/vendor/laravel/framework/src/Illuminate/Foundation/Http/Kernel.php(200): Illuminate/Routing/Router->dispatch()
#20 D:/bakery-production-system/backend/vendor/laravel/framework/src/Illuminate/Pipeline/Pipeline.php(180): Illuminate/Foundation/Http/Kernel->{closure:Illuminate/Foundation/Http/Kernel::dispatchToRouter():197}()
#21 D:/bakery-production-system/backend/vendor/laravel/framework/src/Illuminate/Foundation/Http/Middleware/TransformsRequest.php(21): Illuminate/Pipeline/Pipeline->{closure:Illuminate/Pipeline/Pipeline::prepareDestination():178}()
#22 D:/bakery-production-system/backend/vendor/laravel/framework/src/Illuminate/Foundation/Http/Middleware/ConvertEmptyStringsToNull.php(31): Illuminate/Foundation/Http/Middleware/TransformsRequest->handle()
#23 D:/bakery-production-system/backend/vendor/laravel/framework/src/Illuminate/Pipeline/Pipeline.php(219): Illuminate/Foundation/Http/Middleware/ConvertEmptyStringsToNull->handle()
#24 D:/bakery-production-system/backend/vendor/laravel/framework/src/Illuminate/Foundation/Http/Middleware/TransformsRequest.php(21): Illuminate/Pipeline/Pipeline->{closure:{closure:Illuminate/Pipeline/Pipeline::carry():194}:195}()
#25 D:/bakery-production-system/backend/vendor/laravel/framework/src/Illuminate/Foundation/Http/Middleware/TrimStrings.php(51): Illuminate/Foundation/Http/Middleware/TransformsRequest->handle()
#26 D:/bakery-production-system/backend/vendor/laravel/framework/src/Illuminate/Pipeline/Pipeline.php(219): Illuminate/Foundation/Http/Middleware/TrimStrings->handle()
#27 D:/bakery-production-system/backend/vendor/laravel/framework/src/Illuminate/Http/Middleware/ValidatePostSize.php(27): Illuminate/Pipeline/Pipeline->{closure:{closure:Illuminate/Pipeline/Pipeline::carry():194}:195}()
#28 D:/bakery-production-system/backend/vendor/laravel/framework/src/Illuminate/Pipeline/Pipeline.php(219): Illuminate/Http/Middleware/ValidatePostSize->handle()
#29 D:/bakery-production-system/backend/vendor/laravel/framework/src/Illuminate/Foundation/Http/Middleware/PreventRequestsDuringMaintenance.php(109): Illuminate/Pipeline/Pipeline->{closure:{closure:Illuminate/Pipeline/Pipeline::carry():194}:195}()
#30 D:/bakery-production-system/backend/vendor/laravel/framework/src/Illuminate/Pipeline/Pipeline.php(219): Illuminate/Foundation/Http/Middleware/PreventRequestsDuringMaintenance->handle()
#31 D:/bakery-production-system/backend/vendor/laravel/framework/src/Illuminate/Http/Middleware/HandleCors.php(74): Illuminate/Pipeline/Pipeline->{closure:{closure:Illuminate/Pipeline/Pipeline::carry():194}:195}()
#32 D:/bakery-production-system/backend/vendor/laravel/framework/src/Illuminate/Pipeline/Pipeline.php(219): Illuminate/Http/Middleware/HandleCors->handle()
#33 D:/bakery-production-system/backend/vendor/laravel/framework/src/Illuminate/Http/Middleware/TrustProxies.php(58): Illuminate/Pipeline/Pipeline->{closure:{closure:Illuminate/Pipeline/Pipeline::carry():194}:195}()
#34 D:/bakery-production-system/backend/vendor/laravel/framework/src/Illuminate/Pipeline/Pipeline.php(219): Illuminate/Http/Middleware/TrustProxies->handle()
#35 D:/bakery-production-system/backend/vendor/laravel/framework/src/Illuminate/Foundation/Http/Middleware/InvokeDeferredCallbacks.php(22): Illuminate/Pipeline/Pipeline->{closure:{closure:Illuminate/Pipeline/Pipeline::carry():194}:195}()
#36 D:/bakery-production-system/backend/vendor/laravel/framework/src/Illuminate/Pipeline/Pipeline.php(219): Illuminate/Foundation/Http/Middleware/InvokeDeferredCallbacks->handle()
#37 D:/bakery-production-system/backend/vendor/laravel/framework/src/Illuminate/Http/Middleware/ValidatePathEncoding.php(28): Illuminate/Pipeline/Pipeline->{closure:{closure:Illuminate/Pipeline/Pipeline::carry():194}:195}()
#38 D:/bakery-production-system/backend/vendor/laravel/framework/src/Illuminate/Pipeline/Pipeline.php(219): Illuminate/Http/Middleware/ValidatePathEncoding->handle()
#39 D:/bakery-production-system/backend/vendor/laravel/framework/src/Illuminate/Pipeline/Pipeline.php(137): Illuminate/Pipeline/Pipeline->{closure:{closure:Illuminate/Pipeline/Pipeline::carry():194}:195}()
#40 D:/bakery-production-system/backend/vendor/laravel/framework/src/Illuminate/Foundation/Http/Kernel.php(175): Illuminate/Pipeline/Pipeline->then()
#41 D:/bakery-production-system/backend/vendor/laravel/framework/src/Illuminate/Foundation/Http/Kernel.php(144): Illuminate/Foundation/Http/Kernel->sendRequestThroughRouter()
#42 D:/bakery-production-system/backend/vendor/laravel/framework/src/Illuminate/Foundation/Application.php(1220): Illuminate/Foundation/Http/Kernel->handle()
#43 D:/bakery-production-system/backend/public/index.php(20): Illuminate/Foundation/Application->handleRequest()
#44 D:/bakery-production-system/backend/vendor/laravel/framework/src/Illuminate/Foundation/resources/server.php(23): require_once('...')
#45 {main}

[previous exception] [object] (ReflectionException(code: -1): Class \"role\" does not exist at D:/bakery-production-system/backend/vendor/laravel/framework/src/Illuminate/Container/Container.php:1125)
[stacktrace]
#0 D:/bakery-production-system/backend/vendor/laravel/framework/src/Illuminate/Container/Container.php(1125): ReflectionClass->__construct()
#1 D:/bakery-production-system/backend/vendor/laravel/framework/src/Illuminate/Container/Container.php(936): Illuminate/Container/Container->build()
#2 D:/bakery-production-system/backend/vendor/laravel/framework/src/Illuminate/Foundation/Application.php(1078): Illuminate/Container/Container->resolve()
#3 D:/bakery-production-system/backend/vendor/laravel/framework/src/Illuminate/Container/Container.php(864): Illuminate/Foundation/Application->resolve()
#4 D:/bakery-production-system/backend/vendor/laravel/framework/src/Illuminate/Foundation/Application.php(1058): Illuminate/Container/Container->make()
#5 D:/bakery-production-system/backend/vendor/laravel/framework/src/Illuminate/Pipeline/Pipeline.php(208): Illuminate/Foundation/Application->make()
#6 D:/bakery-production-system/backend/vendor/laravel/framework/src/Illuminate/Routing/Middleware/SubstituteBindings.php(52): Illuminate/Pipeline/Pipeline->{closure:{closure:Illuminate/Pipeline/Pipeline::carry():194}:195}()
#7 D:/bakery-production-system/backend/vendor/laravel/framework/src/Illuminate/Pipeline/Pipeline.php(219): Illuminate/Routing/Middleware/SubstituteBindings->handle()
#8 D:/bakery-production-system/backend/vendor/laravel/framework/src/Illuminate/Auth/Middleware/Authenticate.php(63): Illuminate/Pipeline/Pipeline->{closure:{closure:Illuminate/Pipeline/Pipeline::carry():194}:195}()
#9 D:/bakery-production-system/backend/vendor/laravel/framework/src/Illuminate/Pipeline/Pipeline.php(219): Illuminate/Auth/Middleware/Authenticate->handle()
#10 D:/bakery-production-system/backend/vendor/laravel/sanctum/src/Http/Middleware/EnsureFrontendRequestsAreStateful.php(26): Illuminate/Pipeline/Pipeline->{closure:{closure:Illuminate/Pipeline/Pipeline::carry():194}:195}()
#11 D:/bakery-production-system/backend/vendor/laravel/framework/src/Illuminate/Pipeline/Pipeline.php(180): Laravel/Sanctum/Http/Middleware/EnsureFrontendRequestsAreStateful->{closure:Laravel/Sanctum/Http/Middleware/EnsureFrontendRequestsAreStateful::handle():25}()
#12 D:/bakery-production-system/backend/vendor/laravel/framework/src/Illuminate/Pipeline/Pipeline.php(137): Illuminate/Pipeline/Pipeline->{closure:Illuminate/Pipeline/Pipeline::prepareDestination():178}()
#13 D:/bakery-production-system/backend/vendor/laravel/sanctum/src/Http/Middleware/EnsureFrontendRequestsAreStateful.php(25): Illuminate/Pipeline/Pipeline->then()
#14 D:/bakery-production-system/backend/vendor/laravel/framework/src/Illuminate/Pipeline/Pipeline.php(219): Laravel/Sanctum/Http/Middleware/EnsureFrontendRequestsAreStateful->handle()
#15 D:/bakery-production-system/backend/vendor/laravel/framework/src/Illuminate/Pipeline/Pipeline.php(137): Illuminate/Pipeline/Pipeline->{closure:{closure:Illuminate/Pipeline/Pipeline::carry():194}:195}()
#16 D:/bakery-production-system/backend/vendor/laravel/framework/src/Illuminate/Routing/Router.php(821): Illuminate/Pipeline/Pipeline->then()
#17 D:/bakery-production-system/backend/vendor/laravel/framework/src/Illuminate/Routing/Router.php(800): Illuminate/Routing/Router->runRouteWithinStack()
#18 D:/bakery-production-system/backend/vendor/laravel/framework/src/Illuminate/Routing/Router.php(764): Illuminate/Routing/Router->runRoute()
#19 D:/bakery-production-system/backend/vendor/laravel/framework/src/Illuminate/Routing/Router.php(753): Illuminate/Routing/Router->dispatchToRoute()
#20 D:/bakery-production-system/backend/vendor/laravel/framework/src/Illuminate/Foundation/Http/Kernel.php(200): Illuminate/Routing/Router->dispatch()
#21 D:/bakery-production-system/backend/vendor/laravel/framework/src/Illuminate/Pipeline/Pipeline.php(180): Illuminate/Foundation/Http/Kernel->{closure:Illuminate/Foundation/Http/Kernel::dispatchToRouter():197}()
#22 D:/bakery-production-system/backend/vendor/laravel/framework/src/Illuminate/Foundation/Http/Middleware/TransformsRequest.php(21): Illuminate/Pipeline/Pipeline->{closure:Illuminate/Pipeline/Pipeline::prepareDestination():178}()
#23 D:/bakery-production-system/backend/vendor/laravel/framework/src/Illuminate/Foundation/Http/Middleware/ConvertEmptyStringsToNull.php(31): Illuminate/Foundation/Http/Middleware/TransformsRequest->handle()
#24 D:/bakery-production-system/backend/vendor/laravel/framework/src/Illuminate/Pipeline/Pipeline.php(219): Illuminate/Foundation/Http/Middleware/ConvertEmptyStringsToNull->handle()
#25 D:/bakery-production-system/backend/vendor/laravel/framework/src/Illuminate/Foundation/Http/Middleware/TransformsRequest.php(21): Illuminate/Pipeline/Pipeline->{closure:{closure:Illuminate/Pipeline/Pipeline::carry():194}:195}()
#26 D:/bakery-production-system/backend/vendor/laravel/framework/src/Illuminate/Foundation/Http/Middleware/TrimStrings.php(51): Illuminate/Foundation/Http/Middleware/TransformsRequest->handle()
#27 D:/bakery-production-system/backend/vendor/laravel/framework/src/Illuminate/Pipeline/Pipeline.php(219): Illuminate/Foundation/Http/Middleware/TrimStrings->handle()
#28 D:/bakery-production-system/backend/vendor/laravel/framework/src/Illuminate/Http/Middleware/ValidatePostSize.php(27): Illuminate/Pipeline/Pipeline->{closure:{closure:Illuminate/Pipeline/Pipeline::carry():194}:195}()
#29 D:/bakery-production-system/backend/vendor/laravel/framework/src/Illuminate/Pipeline/Pipeline.php(219): Illuminate/Http/Middleware/ValidatePostSize->handle()
#30 D:/bakery-production-system/backend/vendor/laravel/framework/src/Illuminate/Foundation/Http/Middleware/PreventRequestsDuringMaintenance.php(109): Illuminate/Pipeline/Pipeline->{closure:{closure:Illuminate/Pipeline/Pipeline::carry():194}:195}()
#31 D:/bakery-production-system/backend/vendor/laravel/framework/src/Illuminate/Pipeline/Pipeline.php(219): Illuminate/Foundation/Http/Middleware/PreventRequestsDuringMaintenance->handle()
#32 D:/bakery-production-system/backend/vendor/laravel/framework/src/Illuminate/Http/Middleware/HandleCors.php(74): Illuminate/Pipeline/Pipeline->{closure:{closure:Illuminate/Pipeline/Pipeline::carry():194}:195}()
#33 D:/bakery-production-system/backend/vendor/laravel/framework/src/Illuminate/Pipeline/Pipeline.php(219): Illuminate/Http/Middleware/HandleCors->handle()
#34 D:/bakery-production-system/backend/vendor/laravel/framework/src/Illuminate/Http/Middleware/TrustProxies.php(58): Illuminate/Pipeline/Pipeline->{closure:{closure:Illuminate/Pipeline/Pipeline::carry():194}:195}()
#35 D:/bakery-production-system/backend/vendor/laravel/framework/src/Illuminate/Pipeline/Pipeline.php(219): Illuminate/Http/Middleware/TrustProxies->handle()
#36 D:/bakery-production-system/backend/vendor/laravel/framework/src/Illuminate/Foundation/Http/Middleware/InvokeDeferredCallbacks.php(22): Illuminate/Pipeline/Pipeline->{closure:{closure:Illuminate/Pipeline/Pipeline::carry():194}:195}()
#37 D:/bakery-production-system/backend/vendor/laravel/framework/src/Illuminate/Pipeline/Pipeline.php(219): Illuminate/Foundation/Http/Middleware/InvokeDeferredCallbacks->handle()
#38 D:/bakery-production-system/backend/vendor/laravel/framework/src/Illuminate/Http/Middleware/ValidatePathEncoding.php(28): Illuminate/Pipeline/Pipeline->{closure:{closure:Illuminate/Pipeline/Pipeline::carry():194}:195}()
#39 D:/bakery-production-system/backend/vendor/laravel/framework/src/Illuminate/Pipeline/Pipeline.php(219): Illuminate/Http/Middleware/ValidatePathEncoding->handle()
#40 D:/bakery-production-system/backend/vendor/laravel/framework/src/Illuminate/Pipeline/Pipeline.php(137): Illuminate/Pipeline/Pipeline->{closure:{closure:Illuminate/Pipeline/Pipeline::carry():194}:195}()
#41 D:/bakery-production-system/backend/vendor/laravel/framework/src/Illuminate/Foundation/Http/Kernel.php(175): Illuminate/Pipeline/Pipeline->then()
#42 D:/bakery-production-system/backend/vendor/laravel/framework/src/Illuminate/Foundation/Http/Kernel.php(144): Illuminate/Foundation/Http/Kernel->sendRequestThroughRouter()
#43 D:/bakery-production-system/backend/vendor/laravel/framework/src/Illuminate/Foundation/Application.php(1220): Illuminate/Foundation/Http/Kernel->handle()
#44 D:/bakery-production-system/backend/public/index.php(20): Illuminate/Foundation/Application->handleRequest()
#45 D:/bakery-production-system/backend/vendor/laravel/framework/src/Illuminate/Foundation/resources/server.php(23): require_once('...')
#46 {main}
"} 
[2026-06-23 08:36:36] local.ERROR: Target class [role] does not exist. {"userId":2,"exception":"[object] (Illuminate\\Contracts\\Container\\BindingResolutionException(code: 0): Target class [role] does not exist. at D:/bakery-production-system/backend/vendor/laravel/framework/src/Illuminate/Container/Container.php:1127)
[stacktrace]
#0 D:/bakery-production-system/backend/vendor/laravel/framework/src/Illuminate/Container/Container.php(936): Illuminate/Container/Container->build()
#1 D:/bakery-production-system/backend/vendor/laravel/framework/src/Illuminate/Foundation/Application.php(1078): Illuminate/Container/Container->resolve()
#2 D:/bakery-production-system/backend/vendor/laravel/framework/src/Illuminate/Container/Container.php(864): Illuminate/Foundation/Application->resolve()
#3 D:/bakery-production-system/backend/vendor/laravel/framework/src/Illuminate/Foundation/Application.php(1058): Illuminate/Container/Container->make()
#4 D:/bakery-production-system/backend/vendor/laravel/framework/src/Illuminate/Foundation/Http/Kernel.php(257): Illuminate/Foundation/Application->make()
#5 D:/bakery-production-system/backend/vendor/laravel/framework/src/Illuminate/Foundation/Http/Kernel.php(215): Illuminate/Foundation/Http/Kernel->terminateMiddleware()
#6 D:/bakery-production-system/backend/vendor/laravel/framework/src/Illuminate/Foundation/Application.php(1222): Illuminate/Foundation/Http/Kernel->terminate()
#7 D:/bakery-production-system/backend/public/index.php(20): Illuminate/Foundation/Application->handleRequest()
#8 D:/bakery-production-system/backend/vendor/laravel/framework/src/Illuminate/Foundation/resources/server.php(23): require_once('...')
#9 {main}

[previous exception] [object] (ReflectionException(code: -1): Class \"role\" does not exist at D:/bakery-production-system/backend/vendor/laravel/framework/src/Illuminate/Container/Container.php:1125)
[stacktrace]
#0 D:/bakery-production-system/backend/vendor/laravel/framework/src/Illuminate/Container/Container.php(1125): ReflectionClass->__construct()
#1 D:/bakery-production-system/backend/vendor/laravel/framework/src/Illuminate/Container/Container.php(936): Illuminate/Container/Container->build()
#2 D:/bakery-production-system/backend/vendor/laravel/framework/src/Illuminate/Foundation/Application.php(1078): Illuminate/Container/Container->resolve()
#3 D:/bakery-production-system/backend/vendor/laravel/framework/src/Illuminate/Container/Container.php(864): Illuminate/Foundation/Application->resolve()
#4 D:/bakery-production-system/backend/vendor/laravel/framework/src/Illuminate/Foundation/Application.php(1058): Illuminate/Container/Container->make()
#5 D:/bakery-production-system/backend/vendor/laravel/framework/src/Illuminate/Foundation/Http/Kernel.php(257): Illuminate/Foundation/Application->make()
#6 D:/bakery-production-system/backend/vendor/laravel/framework/src/Illuminate/Foundation/Http/Kernel.php(215): Illuminate/Foundation/Http/Kernel->terminateMiddleware()
#7 D:/bakery-production-system/backend/vendor/laravel/framework/src/Illuminate/Foundation/Application.php(1222): Illuminate/Foundation/Http/Kernel->terminate()
#8 D:/bakery-production-system/backend/public/index.php(20): Illuminate/Foundation/Application->handleRequest()
#9 D:/bakery-production-system/backend/vendor/laravel/framework/src/Illuminate/Foundation/resources/server.php(23): require_once('...')
#10 {main}
"} 
[2026-06-23 08:36:36] local.ERROR: Uncaught ErrorException: Cannot modify header information - headers already sent by (output started at D:\bakery-production-system\backend\vendor\symfony\http-foundation\Response.php:393) in D:\bakery-production-system\backend\vendor\symfony\http-foundation\Response.php:328
Stack trace:
#0 D:\bakery-production-system\backend\vendor\laravel\framework\src\Illuminate\Foundation\Bootstrap\HandleExceptions.php(263): Illuminate\Foundation\Bootstrap\HandleExceptions->handleError()
#1 [internal function]: Illuminate\Foundation\Bootstrap\HandleExceptions->{closure:Illuminate\Foundation\Bootstrap\HandleExceptions::forwardsTo():262}()
#2 D:\bakery-production-system\backend\vendor\symfony\http-foundation\Response.php(328): header()
#3 D:\bakery-production-system\backend\vendor\symfony\http-foundation\Response.php(407): Symfony\Component\HttpFoundation\Response->sendHeaders()
#4 D:\bakery-production-system\backend\vendor\laravel\framework\src\Illuminate\Foundation\Bootstrap\HandleExceptions.php(226): Symfony\Component\HttpFoundation\Response->send()
#5 D:\bakery-production-system\backend\vendor\laravel\framework\src\Illuminate\Foundation\Bootstrap\HandleExceptions.php(203): Illuminate\Foundation\Bootstrap\HandleExceptions->renderHttpResponse()
#6 D:\bakery-production-system\backend\vendor\laravel\framework\src\Illuminate\Foundation\Bootstrap\HandleExceptions.php(263): Illuminate\Foundation\Bootstrap\HandleExceptions->handleException()
#7 [internal function]: Illuminate\Foundation\Bootstrap\HandleExceptions->{closure:Illuminate\Foundation\Bootstrap\HandleExceptions::forwardsTo():262}()
#8 {main}
  thrown {"userId":2,"exception":"[object] (Symfony\\Component\\ErrorHandler\\Error\\FatalError(code: 0): Uncaught ErrorException: Cannot modify header information - headers already sent by (output started at D:\\bakery-production-system\\backend\\vendor\\symfony\\http-foundation\\Response.php:393) in D:\\bakery-production-system\\backend\\vendor\\symfony\\http-foundation\\Response.php:328
Stack trace:
#0 D:\\bakery-production-system\\backend\\vendor\\laravel\\framework\\src\\Illuminate\\Foundation\\Bootstrap\\HandleExceptions.php(263): Illuminate\\Foundation\\Bootstrap\\HandleExceptions->handleError()
#1 [internal function]: Illuminate\\Foundation\\Bootstrap\\HandleExceptions->{closure:Illuminate\\Foundation\\Bootstrap\\HandleExceptions::forwardsTo():262}()
#2 D:\\bakery-production-system\\backend\\vendor\\symfony\\http-foundation\\Response.php(328): header()
#3 D:\\bakery-production-system\\backend\\vendor\\symfony\\http-foundation\\Response.php(407): Symfony\\Component\\HttpFoundation\\Response->sendHeaders()
#4 D:\\bakery-production-system\\backend\\vendor\\laravel\\framework\\src\\Illuminate\\Foundation\\Bootstrap\\HandleExceptions.php(226): Symfony\\Component\\HttpFoundation\\Response->send()
#5 D:\\bakery-production-system\\backend\\vendor\\laravel\\framework\\src\\Illuminate\\Foundation\\Bootstrap\\HandleExceptions.php(203): Illuminate\\Foundation\\Bootstrap\\HandleExceptions->renderHttpResponse()
#6 D:\\bakery-production-system\\backend\\vendor\\laravel\\framework\\src\\Illuminate\\Foundation\\Bootstrap\\HandleExceptions.php(263): Illuminate\\Foundation\\Bootstrap\\HandleExceptions->handleException()
#7 [internal function]: Illuminate\\Foundation\\Bootstrap\\HandleExceptions->{closure:Illuminate\\Foundation\\Bootstrap\\HandleExceptions::forwardsTo():262}()
#8 {main}
  thrown at D:/bakery-production-system/backend/vendor/symfony/http-foundation/Response.php:328)
[stacktrace]
#0 {main}
"} 
[2026-06-23 08:38:22] local.ERROR: Target class [role] does not exist. {"userId":2,"exception":"[object] (Illuminate\\Contracts\\Container\\BindingResolutionException(code: 0): Target class [role] does not exist. at D:/bakery-production-system/backend/vendor/laravel/framework/src/Illuminate/Container/Container.php:1127)
[stacktrace]
#0 D:/bakery-production-system/backend/vendor/laravel/framework/src/Illuminate/Container/Container.php(936): Illuminate/Container/Container->build()
#1 D:/bakery-production-system/backend/vendor/laravel/framework/src/Illuminate/Foundation/Application.php(1078): Illuminate/Container/Container->resolve()
#2 D:/bakery-production-system/backend/vendor/laravel/framework/src/Illuminate/Container/Container.php(864): Illuminate/Foundation/Application->resolve()
#3 D:/bakery-production-system/backend/vendor/laravel/framework/src/Illuminate/Foundation/Application.php(1058): Illuminate/Container/Container->make()
#4 D:/bakery-production-system/backend/vendor/laravel/framework/src/Illuminate/Pipeline/Pipeline.php(208): Illuminate/Foundation/Application->make()
#5 D:/bakery-production-system/backend/vendor/laravel/framework/src/Illuminate/Routing/Middleware/SubstituteBindings.php(52): Illuminate/Pipeline/Pipeline->{closure:{closure:Illuminate/Pipeline/Pipeline::carry():194}:195}()
#6 D:/bakery-production-system/backend/vendor/laravel/framework/src/Illuminate/Pipeline/Pipeline.php(219): Illuminate/Routing/Middleware/SubstituteBindings->handle()
#7 D:/bakery-production-system/backend/vendor/laravel/framework/src/Illuminate/Auth/Middleware/Authenticate.php(63): Illuminate/Pipeline/Pipeline->{closure:{closure:Illuminate/Pipeline/Pipeline::carry():194}:195}()
#8 D:/bakery-production-system/backend/vendor/laravel/framework/src/Illuminate/Pipeline/Pipeline.php(219): Illuminate/Auth/Middleware/Authenticate->handle()
#9 D:/bakery-production-system/backend/vendor/laravel/sanctum/src/Http/Middleware/EnsureFrontendRequestsAreStateful.php(26): Illuminate/Pipeline/Pipeline->{closure:{closure:Illuminate/Pipeline/Pipeline::carry():194}:195}()
#10 D:/bakery-production-system/backend/vendor/laravel/framework/src/Illuminate/Pipeline/Pipeline.php(180): Laravel/Sanctum/Http/Middleware/EnsureFrontendRequestsAreStateful->{closure:Laravel/Sanctum/Http/Middleware/EnsureFrontendRequestsAreStateful::handle():25}()
#11 D:/bakery-production-system/backend/vendor/laravel/framework/src/Illuminate/Pipeline/Pipeline.php(137): Illuminate/Pipeline/Pipeline->{closure:Illuminate/Pipeline/Pipeline::prepareDestination():178}()
#12 D:/bakery-production-system/backend/vendor/laravel/sanctum/src/Http/Middleware/EnsureFrontendRequestsAreStateful.php(25): Illuminate/Pipeline/Pipeline->then()
#13 D:/bakery-production-system/backend/vendor/laravel/framework/src/Illuminate/Pipeline/Pipeline.php(219): Laravel/Sanctum/Http/Middleware/EnsureFrontendRequestsAreStateful->handle()
#14 D:/bakery-production-system/backend/vendor/laravel/framework/src/Illuminate/Pipeline/Pipeline.php(137): Illuminate/Pipeline/Pipeline->{closure:{closure:Illuminate/Pipeline/Pipeline::carry():194}:195}()
#15 D:/bakery-production-system/backend/vendor/laravel/framework/src/Illuminate/Routing/Router.php(821): Illuminate/Pipeline/Pipeline->then()
#16 D:/bakery-production-system/backend/vendor/laravel/framework/src/Illuminate/Routing/Router.php(800): Illuminate/Routing/Router->runRouteWithinStack()
#17 D:/bakery-production-system/backend/vendor/laravel/framework/src/Illuminate/Routing/Router.php(764): Illuminate/Routing/Router->runRoute()
#18 D:/bakery-production-system/backend/vendor/laravel/framework/src/Illuminate/Routing/Router.php(753): Illuminate/Routing/Router->dispatchToRoute()
#19 D:/bakery-production-system/backend/vendor/laravel/framework/src/Illuminate/Foundation/Http/Kernel.php(200): Illuminate/Routing/Router->dispatch()
#20 D:/bakery-production-system/backend/vendor/laravel/framework/src/Illuminate/Pipeline/Pipeline.php(180): Illuminate/Foundation/Http/Kernel->{closure:Illuminate/Foundation/Http/Kernel::dispatchToRouter():197}()
#21 D:/bakery-production-system/backend/vendor/laravel/framework/src/Illuminate/Foundation/Http/Middleware/TransformsRequest.php(21): Illuminate/Pipeline/Pipeline->{closure:Illuminate/Pipeline/Pipeline::prepareDestination():178}()
#22 D:/bakery-production-system/backend/vendor/laravel/framework/src/Illuminate/Foundation/Http/Middleware/ConvertEmptyStringsToNull.php(31): Illuminate/Foundation/Http/Middleware/TransformsRequest->handle()
#23 D:/bakery-production-system/backend/vendor/laravel/framework/src/Illuminate/Pipeline/Pipeline.php(219): Illuminate/Foundation/Http/Middleware/ConvertEmptyStringsToNull->handle()
#24 D:/bakery-production-system/backend/vendor/laravel/framework/src/Illuminate/Foundation/Http/Middleware/TransformsRequest.php(21): Illuminate/Pipeline/Pipeline->{closure:{closure:Illuminate/Pipeline/Pipeline::carry():194}:195}()
#25 D:/bakery-production-system/backend/vendor/laravel/framework/src/Illuminate/Foundation/Http/Middleware/TrimStrings.php(51): Illuminate/Foundation/Http/Middleware/TransformsRequest->handle()
#26 D:/bakery-production-system/backend/vendor/laravel/framework/src/Illuminate/Pipeline/Pipeline.php(219): Illuminate/Foundation/Http/Middleware/TrimStrings->handle()
#27 D:/bakery-production-system/backend/vendor/laravel/framework/src/Illuminate/Http/Middleware/ValidatePostSize.php(27): Illuminate/Pipeline/Pipeline->{closure:{closure:Illuminate/Pipeline/Pipeline::carry():194}:195}()
#28 D:/bakery-production-system/backend/vendor/laravel/framework/src/Illuminate/Pipeline/Pipeline.php(219): Illuminate/Http/Middleware/ValidatePostSize->handle()
#29 D:/bakery-production-system/backend/vendor/laravel/framework/src/Illuminate/Foundation/Http/Middleware/PreventRequestsDuringMaintenance.php(109): Illuminate/Pipeline/Pipeline->{closure:{closure:Illuminate/Pipeline/Pipeline::carry():194}:195}()
#30 D:/bakery-production-system/backend/vendor/laravel/framework/src/Illuminate/Pipeline/Pipeline.php(219): Illuminate/Foundation/Http/Middleware/PreventRequestsDuringMaintenance->handle()
#31 D:/bakery-production-system/backend/vendor/laravel/framework/src/Illuminate/Http/Middleware/HandleCors.php(74): Illuminate/Pipeline/Pipeline->{closure:{closure:Illuminate/Pipeline/Pipeline::carry():194}:195}()
#32 D:/bakery-production-system/backend/vendor/laravel/framework/src/Illuminate/Pipeline/Pipeline.php(219): Illuminate/Http/Middleware/HandleCors->handle()
#33 D:/bakery-production-system/backend/vendor/laravel/framework/src/Illuminate/Http/Middleware/TrustProxies.php(58): Illuminate/Pipeline/Pipeline->{closure:{closure:Illuminate/Pipeline/Pipeline::carry():194}:195}()
#34 D:/bakery-production-system/backend/vendor/laravel/framework/src/Illuminate/Pipeline/Pipeline.php(219): Illuminate/Http/Middleware/TrustProxies->handle()
#35 D:/bakery-production-system/backend/vendor/laravel/framework/src/Illuminate/Foundation/Http/Middleware/InvokeDeferredCallbacks.php(22): Illuminate/Pipeline/Pipeline->{closure:{closure:Illuminate/Pipeline/Pipeline::carry():194}:195}()
#36 D:/bakery-production-system/backend/vendor/laravel/framework/src/Illuminate/Pipeline/Pipeline.php(219): Illuminate/Foundation/Http/Middleware/InvokeDeferredCallbacks->handle()
#37 D:/bakery-production-system/backend/vendor/laravel/framework/src/Illuminate/Http/Middleware/ValidatePathEncoding.php(28): Illuminate/Pipeline/Pipeline->{closure:{closure:Illuminate/Pipeline/Pipeline::carry():194}:195}()
#38 D:/bakery-production-system/backend/vendor/laravel/framework/src/Illuminate/Pipeline/Pipeline.php(219): Illuminate/Http/Middleware/ValidatePathEncoding->handle()
#39 D:/bakery-production-system/backend/vendor/laravel/framework/src/Illuminate/Pipeline/Pipeline.php(137): Illuminate/Pipeline/Pipeline->{closure:{closure:Illuminate/Pipeline/Pipeline::carry():194}:195}()
#40 D:/bakery-production-system/backend/vendor/laravel/framework/src/Illuminate/Foundation/Http/Kernel.php(175): Illuminate/Pipeline/Pipeline->then()
#41 D:/bakery-production-system/backend/vendor/laravel/framework/src/Illuminate/Foundation/Http/Kernel.php(144): Illuminate/Foundation/Http/Kernel->sendRequestThroughRouter()
#42 D:/bakery-production-system/backend/vendor/laravel/framework/src/Illuminate/Foundation/Application.php(1220): Illuminate/Foundation/Http/Kernel->handle()
#43 D:/bakery-production-system/backend/public/index.php(20): Illuminate/Foundation/Application->handleRequest()
#44 D:/bakery-production-system/backend/vendor/laravel/framework/src/Illuminate/Foundation/resources/server.php(23): require_once('...')
#45 {main}

[previous exception] [object] (ReflectionException(code: -1): Class \"role\" does not exist at D:/bakery-production-system/backend/vendor/laravel/framework/src/Illuminate/Container/Container.php:1125)
[stacktrace]
#0 D:/bakery-production-system/backend/vendor/laravel/framework/src/Illuminate/Container/Container.php(1125): ReflectionClass->__construct()
#1 D:/bakery-production-system/backend/vendor/laravel/framework/src/Illuminate/Container/Container.php(936): Illuminate/Container/Container->build()
#2 D:/bakery-production-system/backend/vendor/laravel/framework/src/Illuminate/Foundation/Application.php(1078): Illuminate/Container/Container->resolve()
#3 D:/bakery-production-system/backend/vendor/laravel/framework/src/Illuminate/Container/Container.php(864): Illuminate/Foundation/Application->resolve()
#4 D:/bakery-production-system/backend/vendor/laravel/framework/src/Illuminate/Foundation/Application.php(1058): Illuminate/Container/Container->make()
#5 D:/bakery-production-system/backend/vendor/laravel/framework/src/Illuminate/Pipeline/Pipeline.php(208): Illuminate/Foundation/Application->make()
#6 D:/bakery-production-system/backend/vendor/laravel/framework/src/Illuminate/Routing/Middleware/SubstituteBindings.php(52): Illuminate/Pipeline/Pipeline->{closure:{closure:Illuminate/Pipeline/Pipeline::carry():194}:195}()
#7 D:/bakery-production-system/backend/vendor/laravel/framework/src/Illuminate/Pipeline/Pipeline.php(219): Illuminate/Routing/Middleware/SubstituteBindings->handle()
#8 D:/bakery-production-system/backend/vendor/laravel/framework/src/Illuminate/Auth/Middleware/Authenticate.php(63): Illuminate/Pipeline/Pipeline->{closure:{closure:Illuminate/Pipeline/Pipeline::carry():194}:195}()
#9 D:/bakery-production-system/backend/vendor/laravel/framework/src/Illuminate/Pipeline/Pipeline.php(219): Illuminate/Auth/Middleware/Authenticate->handle()
#10 D:/bakery-production-system/backend/vendor/laravel/sanctum/src/Http/Middleware/EnsureFrontendRequestsAreStateful.php(26): Illuminate/Pipeline/Pipeline->{closure:{closure:Illuminate/Pipeline/Pipeline::carry():194}:195}()
#11 D:/bakery-production-system/backend/vendor/laravel/framework/src/Illuminate/Pipeline/Pipeline.php(180): Laravel/Sanctum/Http/Middleware/EnsureFrontendRequestsAreStateful->{closure:Laravel/Sanctum/Http/Middleware/EnsureFrontendRequestsAreStateful::handle():25}()
#12 D:/bakery-production-system/backend/vendor/laravel/framework/src/Illuminate/Pipeline/Pipeline.php(137): Illuminate/Pipeline/Pipeline->{closure:Illuminate/Pipeline/Pipeline::prepareDestination():178}()
#13 D:/bakery-production-system/backend/vendor/laravel/sanctum/src/Http/Middleware/EnsureFrontendRequestsAreStateful.php(25): Illuminate/Pipeline/Pipeline->then()
#14 D:/bakery-production-system/backend/vendor/laravel/framework/src/Illuminate/Pipeline/Pipeline.php(219): Laravel/Sanctum/Http/Middleware/EnsureFrontendRequestsAreStateful->handle()
#15 D:/bakery-production-system/backend/vendor/laravel/framework/src/Illuminate/Pipeline/Pipeline.php(137): Illuminate/Pipeline/Pipeline->{closure:{closure:Illuminate/Pipeline/Pipeline::carry():194}:195}()
#16 D:/bakery-production-system/backend/vendor/laravel/framework/src/Illuminate/Routing/Router.php(821): Illuminate/Pipeline/Pipeline->then()
#17 D:/bakery-production-system/backend/vendor/laravel/framework/src/Illuminate/Routing/Router.php(800): Illuminate/Routing/Router->runRouteWithinStack()
#18 D:/bakery-production-system/backend/vendor/laravel/framework/src/Illuminate/Routing/Router.php(764): Illuminate/Routing/Router->runRoute()
#19 D:/bakery-production-system/backend/vendor/laravel/framework/src/Illuminate/Routing/Router.php(753): Illuminate/Routing/Router->dispatchToRoute()
#20 D:/bakery-production-system/backend/vendor/laravel/framework/src/Illuminate/Foundation/Http/Kernel.php(200): Illuminate/Routing/Router->dispatch()
#21 D:/bakery-production-system/backend/vendor/laravel/framework/src/Illuminate/Pipeline/Pipeline.php(180): Illuminate/Foundation/Http/Kernel->{closure:Illuminate/Foundation/Http/Kernel::dispatchToRouter():197}()
#22 D:/bakery-production-system/backend/vendor/laravel/framework/src/Illuminate/Foundation/Http/Middleware/TransformsRequest.php(21): Illuminate/Pipeline/Pipeline->{closure:Illuminate/Pipeline/Pipeline::prepareDestination():178}()
#23 D:/bakery-production-system/backend/vendor/laravel/framework/src/Illuminate/Foundation/Http/Middleware/ConvertEmptyStringsToNull.php(31): Illuminate/Foundation/Http/Middleware/TransformsRequest->handle()
#24 D:/bakery-production-system/backend/vendor/laravel/framework/src/Illuminate/Pipeline/Pipeline.php(219): Illuminate/Foundation/Http/Middleware/ConvertEmptyStringsToNull->handle()
#25 D:/bakery-production-system/backend/vendor/laravel/framework/src/Illuminate/Foundation/Http/Middleware/TransformsRequest.php(21): Illuminate/Pipeline/Pipeline->{closure:{closure:Illuminate/Pipeline/Pipeline::carry():194}:195}()
#26 D:/bakery-production-system/backend/vendor/laravel/framework/src/Illuminate/Foundation/Http/Middleware/TrimStrings.php(51): Illuminate/Foundation/Http/Middleware/TransformsRequest->handle()
#27 D:/bakery-production-system/backend/vendor/laravel/framework/src/Illuminate/Pipeline/Pipeline.php(219): Illuminate/Foundation/Http/Middleware/TrimStrings->handle()
#28 D:/bakery-production-system/backend/vendor/laravel/framework/src/Illuminate/Http/Middleware/ValidatePostSize.php(27): Illuminate/Pipeline/Pipeline->{closure:{closure:Illuminate/Pipeline/Pipeline::carry():194}:195}()
#29 D:/bakery-production-system/backend/vendor/laravel/framework/src/Illuminate/Pipeline/Pipeline.php(219): Illuminate/Http/Middleware/ValidatePostSize->handle()
#30 D:/bakery-production-system/backend/vendor/laravel/framework/src/Illuminate/Foundation/Http/Middleware/PreventRequestsDuringMaintenance.php(109): Illuminate/Pipeline/Pipeline->{closure:{closure:Illuminate/Pipeline/Pipeline::carry():194}:195}()
#31 D:/bakery-production-system/backend/vendor/laravel/framework/src/Illuminate/Pipeline/Pipeline.php(219): Illuminate/Foundation/Http/Middleware/PreventRequestsDuringMaintenance->handle()
#32 D:/bakery-production-system/backend/vendor/laravel/framework/src/Illuminate/Http/Middleware/HandleCors.php(74): Illuminate/Pipeline/Pipeline->{closure:{closure:Illuminate/Pipeline/Pipeline::carry():194}:195}()
#33 D:/bakery-production-system/backend/vendor/laravel/framework/src/Illuminate/Pipeline/Pipeline.php(219): Illuminate/Http/Middleware/HandleCors->handle()
#34 D:/bakery-production-system/backend/vendor/laravel/framework/src/Illuminate/Http/Middleware/TrustProxies.php(58): Illuminate/Pipeline/Pipeline->{closure:{closure:Illuminate/Pipeline/Pipeline::carry():194}:195}()
#35 D:/bakery-production-system/backend/vendor/laravel/framework/src/Illuminate/Pipeline/Pipeline.php(219): Illuminate/Http/Middleware/TrustProxies->handle()
#36 D:/bakery-production-system/backend/vendor/laravel/framework/src/Illuminate/Foundation/Http/Middleware/InvokeDeferredCallbacks.php(22): Illuminate/Pipeline/Pipeline->{closure:{closure:Illuminate/Pipeline/Pipeline::carry():194}:195}()
#37 D:/bakery-production-system/backend/vendor/laravel/framework/src/Illuminate/Pipeline/Pipeline.php(219): Illuminate/Foundation/Http/Middleware/InvokeDeferredCallbacks->handle()
#38 D:/bakery-production-system/backend/vendor/laravel/framework/src/Illuminate/Http/Middleware/ValidatePathEncoding.php(28): Illuminate/Pipeline/Pipeline->{closure:{closure:Illuminate/Pipeline/Pipeline::carry():194}:195}()
#39 D:/bakery-production-system/backend/vendor/laravel/framework/src/Illuminate/Pipeline/Pipeline.php(219): Illuminate/Http/Middleware/ValidatePathEncoding->handle()
#40 D:/bakery-production-system/backend/vendor/laravel/framework/src/Illuminate/Pipeline/Pipeline.php(137): Illuminate/Pipeline/Pipeline->{closure:{closure:Illuminate/Pipeline/Pipeline::carry():194}:195}()
#41 D:/bakery-production-system/backend/vendor/laravel/framework/src/Illuminate/Foundation/Http/Kernel.php(175): Illuminate/Pipeline/Pipeline->then()
#42 D:/bakery-production-system/backend/vendor/laravel/framework/src/Illuminate/Foundation/Http/Kernel.php(144): Illuminate/Foundation/Http/Kernel->sendRequestThroughRouter()
#43 D:/bakery-production-system/backend/vendor/laravel/framework/src/Illuminate/Foundation/Application.php(1220): Illuminate/Foundation/Http/Kernel->handle()
#44 D:/bakery-production-system/backend/public/index.php(20): Illuminate/Foundation/Application->handleRequest()
#45 D:/bakery-production-system/backend/vendor/laravel/framework/src/Illuminate/Foundation/resources/server.php(23): require_once('...')
#46 {main}
"} 
[2026-06-23 08:38:22] local.ERROR: Target class [role] does not exist. {"userId":2,"exception":"[object] (Illuminate\\Contracts\\Container\\BindingResolutionException(code: 0): Target class [role] does not exist. at D:/bakery-production-system/backend/vendor/laravel/framework/src/Illuminate/Container/Container.php:1127)
[stacktrace]
#0 D:/bakery-production-system/backend/vendor/laravel/framework/src/Illuminate/Container/Container.php(936): Illuminate/Container/Container->build()
#1 D:/bakery-production-system/backend/vendor/laravel/framework/src/Illuminate/Foundation/Application.php(1078): Illuminate/Container/Container->resolve()
#2 D:/bakery-production-system/backend/vendor/laravel/framework/src/Illuminate/Container/Container.php(864): Illuminate/Foundation/Application->resolve()
#3 D:/bakery-production-system/backend/vendor/laravel/framework/src/Illuminate/Foundation/Application.php(1058): Illuminate/Container/Container->make()
#4 D:/bakery-production-system/backend/vendor/laravel/framework/src/Illuminate/Foundation/Http/Kernel.php(257): Illuminate/Foundation/Application->make()
#5 D:/bakery-production-system/backend/vendor/laravel/framework/src/Illuminate/Foundation/Http/Kernel.php(215): Illuminate/Foundation/Http/Kernel->terminateMiddleware()
#6 D:/bakery-production-system/backend/vendor/laravel/framework/src/Illuminate/Foundation/Application.php(1222): Illuminate/Foundation/Http/Kernel->terminate()
#7 D:/bakery-production-system/backend/public/index.php(20): Illuminate/Foundation/Application->handleRequest()
#8 D:/bakery-production-system/backend/vendor/laravel/framework/src/Illuminate/Foundation/resources/server.php(23): require_once('...')
#9 {main}

[previous exception] [object] (ReflectionException(code: -1): Class \"role\" does not exist at D:/bakery-production-system/backend/vendor/laravel/framework/src/Illuminate/Container/Container.php:1125)
[stacktrace]
#0 D:/bakery-production-system/backend/vendor/laravel/framework/src/Illuminate/Container/Container.php(1125): ReflectionClass->__construct()
#1 D:/bakery-production-system/backend/vendor/laravel/framework/src/Illuminate/Container/Container.php(936): Illuminate/Container/Container->build()
#2 D:/bakery-production-system/backend/vendor/laravel/framework/src/Illuminate/Foundation/Application.php(1078): Illuminate/Container/Container->resolve()
#3 D:/bakery-production-system/backend/vendor/laravel/framework/src/Illuminate/Container/Container.php(864): Illuminate/Foundation/Application->resolve()
#4 D:/bakery-production-system/backend/vendor/laravel/framework/src/Illuminate/Foundation/Application.php(1058): Illuminate/Container/Container->make()
#5 D:/bakery-production-system/backend/vendor/laravel/framework/src/Illuminate/Foundation/Http/Kernel.php(257): Illuminate/Foundation/Application->make()
#6 D:/bakery-production-system/backend/vendor/laravel/framework/src/Illuminate/Foundation/Http/Kernel.php(215): Illuminate/Foundation/Http/Kernel->terminateMiddleware()
#7 D:/bakery-production-system/backend/vendor/laravel/framework/src/Illuminate/Foundation/Application.php(1222): Illuminate/Foundation/Http/Kernel->terminate()
#8 D:/bakery-production-system/backend/public/index.php(20): Illuminate/Foundation/Application->handleRequest()
#9 D:/bakery-production-system/backend/vendor/laravel/framework/src/Illuminate/Foundation/resources/server.php(23): require_once('...')
#10 {main}
"} 
[2026-06-23 08:38:22] local.ERROR: Uncaught ErrorException: Cannot modify header information - headers already sent by (output started at D:\bakery-production-system\backend\vendor\symfony\http-foundation\Response.php:393) in D:\bakery-production-system\backend\vendor\symfony\http-foundation\Response.php:328
Stack trace:
#0 D:\bakery-production-system\backend\vendor\laravel\framework\src\Illuminate\Foundation\Bootstrap\HandleExceptions.php(263): Illuminate\Foundation\Bootstrap\HandleExceptions->handleError()
#1 [internal function]: Illuminate\Foundation\Bootstrap\HandleExceptions->{closure:Illuminate\Foundation\Bootstrap\HandleExceptions::forwardsTo():262}()
#2 D:\bakery-production-system\backend\vendor\symfony\http-foundation\Response.php(328): header()
#3 D:\bakery-production-system\backend\vendor\symfony\http-foundation\Response.php(407): Symfony\Component\HttpFoundation\Response->sendHeaders()
#4 D:\bakery-production-system\backend\vendor\laravel\framework\src\Illuminate\Foundation\Bootstrap\HandleExceptions.php(226): Symfony\Component\HttpFoundation\Response->send()
#5 D:\bakery-production-system\backend\vendor\laravel\framework\src\Illuminate\Foundation\Bootstrap\HandleExceptions.php(203): Illuminate\Foundation\Bootstrap\HandleExceptions->renderHttpResponse()
#6 D:\bakery-production-system\backend\vendor\laravel\framework\src\Illuminate\Foundation\Bootstrap\HandleExceptions.php(263): Illuminate\Foundation\Bootstrap\HandleExceptions->handleException()
#7 [internal function]: Illuminate\Foundation\Bootstrap\HandleExceptions->{closure:Illuminate\Foundation\Bootstrap\HandleExceptions::forwardsTo():262}()
#8 {main}
  thrown {"userId":2,"exception":"[object] (Symfony\\Component\\ErrorHandler\\Error\\FatalError(code: 0): Uncaught ErrorException: Cannot modify header information - headers already sent by (output started at D:\\bakery-production-system\\backend\\vendor\\symfony\\http-foundation\\Response.php:393) in D:\\bakery-production-system\\backend\\vendor\\symfony\\http-foundation\\Response.php:328
Stack trace:
#0 D:\\bakery-production-system\\backend\\vendor\\laravel\\framework\\src\\Illuminate\\Foundation\\Bootstrap\\HandleExceptions.php(263): Illuminate\\Foundation\\Bootstrap\\HandleExceptions->handleError()
#1 [internal function]: Illuminate\\Foundation\\Bootstrap\\HandleExceptions->{closure:Illuminate\\Foundation\\Bootstrap\\HandleExceptions::forwardsTo():262}()
#2 D:\\bakery-production-system\\backend\\vendor\\symfony\\http-foundation\\Response.php(328): header()
#3 D:\\bakery-production-system\\backend\\vendor\\symfony\\http-foundation\\Response.php(407): Symfony\\Component\\HttpFoundation\\Response->sendHeaders()
#4 D:\\bakery-production-system\\backend\\vendor\\laravel\\framework\\src\\Illuminate\\Foundation\\Bootstrap\\HandleExceptions.php(226): Symfony\\Component\\HttpFoundation\\Response->send()
#5 D:\\bakery-production-system\\backend\\vendor\\laravel\\framework\\src\\Illuminate\\Foundation\\Bootstrap\\HandleExceptions.php(203): Illuminate\\Foundation\\Bootstrap\\HandleExceptions->renderHttpResponse()
#6 D:\\bakery-production-system\\backend\\vendor\\laravel\\framework\\src\\Illuminate\\Foundation\\Bootstrap\\HandleExceptions.php(263): Illuminate\\Foundation\\Bootstrap\\HandleExceptions->handleException()
#7 [internal function]: Illuminate\\Foundation\\Bootstrap\\HandleExceptions->{closure:Illuminate\\Foundation\\Bootstrap\\HandleExceptions::forwardsTo():262}()
#8 {main}
  thrown at D:/bakery-production-system/backend/vendor/symfony/http-foundation/Response.php:328)
[stacktrace]
#0 {main}
"} 
[2026-06-23 08:39:32] local.ERROR: Target class [role] does not exist. {"userId":2,"exception":"[object] (Illuminate\\Contracts\\Container\\BindingResolutionException(code: 0): Target class [role] does not exist. at D:/bakery-production-system/backend/vendor/laravel/framework/src/Illuminate/Container/Container.php:1127)
[stacktrace]
#0 D:/bakery-production-system/backend/vendor/laravel/framework/src/Illuminate/Container/Container.php(936): Illuminate/Container/Container->build()
#1 D:/bakery-production-system/backend/vendor/laravel/framework/src/Illuminate/Foundation/Application.php(1078): Illuminate/Container/Container->resolve()
#2 D:/bakery-production-system/backend/vendor/laravel/framework/src/Illuminate/Container/Container.php(864): Illuminate/Foundation/Application->resolve()
#3 D:/bakery-production-system/backend/vendor/laravel/framework/src/Illuminate/Foundation/Application.php(1058): Illuminate/Container/Container->make()
#4 D:/bakery-production-system/backend/vendor/laravel/framework/src/Illuminate/Pipeline/Pipeline.php(208): Illuminate/Foundation/Application->make()
#5 D:/bakery-production-system/backend/vendor/laravel/framework/src/Illuminate/Routing/Middleware/SubstituteBindings.php(52): Illuminate/Pipeline/Pipeline->{closure:{closure:Illuminate/Pipeline/Pipeline::carry():194}:195}()
#6 D:/bakery-production-system/backend/vendor/laravel/framework/src/Illuminate/Pipeline/Pipeline.php(219): Illuminate/Routing/Middleware/SubstituteBindings->handle()
#7 D:/bakery-production-system/backend/vendor/laravel/framework/src/Illuminate/Auth/Middleware/Authenticate.php(63): Illuminate/Pipeline/Pipeline->{closure:{closure:Illuminate/Pipeline/Pipeline::carry():194}:195}()
#8 D:/bakery-production-system/backend/vendor/laravel/framework/src/Illuminate/Pipeline/Pipeline.php(219): Illuminate/Auth/Middleware/Authenticate->handle()
#9 D:/bakery-production-system/backend/vendor/laravel/sanctum/src/Http/Middleware/EnsureFrontendRequestsAreStateful.php(26): Illuminate/Pipeline/Pipeline->{closure:{closure:Illuminate/Pipeline/Pipeline::carry():194}:195}()
#10 D:/bakery-production-system/backend/vendor/laravel/framework/src/Illuminate/Pipeline/Pipeline.php(180): Laravel/Sanctum/Http/Middleware/EnsureFrontendRequestsAreStateful->{closure:Laravel/Sanctum/Http/Middleware/EnsureFrontendRequestsAreStateful::handle():25}()
#11 D:/bakery-production-system/backend/vendor/laravel/framework/src/Illuminate/Pipeline/Pipeline.php(137): Illuminate/Pipeline/Pipeline->{closure:Illuminate/Pipeline/Pipeline::prepareDestination():178}()
#12 D:/bakery-production-system/backend/vendor/laravel/sanctum/src/Http/Middleware/EnsureFrontendRequestsAreStateful.php(25): Illuminate/Pipeline/Pipeline->then()
#13 D:/bakery-production-system/backend/vendor/laravel/framework/src/Illuminate/Pipeline/Pipeline.php(219): Laravel/Sanctum/Http/Middleware/EnsureFrontendRequestsAreStateful->handle()
#14 D:/bakery-production-system/backend/vendor/laravel/framework/src/Illuminate/Pipeline/Pipeline.php(137): Illuminate/Pipeline/Pipeline->{closure:{closure:Illuminate/Pipeline/Pipeline::carry():194}:195}()
#15 D:/bakery-production-system/backend/vendor/laravel/framework/src/Illuminate/Routing/Router.php(821): Illuminate/Pipeline/Pipeline->then()
#16 D:/bakery-production-system/backend/vendor/laravel/framework/src/Illuminate/Routing/Router.php(800): Illuminate/Routing/Router->runRouteWithinStack()
#17 D:/bakery-production-system/backend/vendor/laravel/framework/src/Illuminate/Routing/Router.php(764): Illuminate/Routing/Router->runRoute()
#18 D:/bakery-production-system/backend/vendor/laravel/framework/src/Illuminate/Routing/Router.php(753): Illuminate/Routing/Router->dispatchToRoute()
#19 D:/bakery-production-system/backend/vendor/laravel/framework/src/Illuminate/Foundation/Http/Kernel.php(200): Illuminate/Routing/Router->dispatch()
#20 D:/bakery-production-system/backend/vendor/laravel/framework/src/Illuminate/Pipeline/Pipeline.php(180): Illuminate/Foundation/Http/Kernel->{closure:Illuminate/Foundation/Http/Kernel::dispatchToRouter():197}()
#21 D:/bakery-production-system/backend/vendor/laravel/framework/src/Illuminate/Foundation/Http/Middleware/TransformsRequest.php(21): Illuminate/Pipeline/Pipeline->{closure:Illuminate/Pipeline/Pipeline::prepareDestination():178}()
#22 D:/bakery-production-system/backend/vendor/laravel/framework/src/Illuminate/Foundation/Http/Middleware/ConvertEmptyStringsToNull.php(31): Illuminate/Foundation/Http/Middleware/TransformsRequest->handle()
#23 D:/bakery-production-system/backend/vendor/laravel/framework/src/Illuminate/Pipeline/Pipeline.php(219): Illuminate/Foundation/Http/Middleware/ConvertEmptyStringsToNull->handle()
#24 D:/bakery-production-system/backend/vendor/laravel/framework/src/Illuminate/Foundation/Http/Middleware/TransformsRequest.php(21): Illuminate/Pipeline/Pipeline->{closure:{closure:Illuminate/Pipeline/Pipeline::carry():194}:195}()
#25 D:/bakery-production-system/backend/vendor/laravel/framework/src/Illuminate/Foundation/Http/Middleware/TrimStrings.php(51): Illuminate/Foundation/Http/Middleware/TransformsRequest->handle()
#26 D:/bakery-production-system/backend/vendor/laravel/framework/src/Illuminate/Pipeline/Pipeline.php(219): Illuminate/Foundation/Http/Middleware/TrimStrings->handle()
#27 D:/bakery-production-system/backend/vendor/laravel/framework/src/Illuminate/Http/Middleware/ValidatePostSize.php(27): Illuminate/Pipeline/Pipeline->{closure:{closure:Illuminate/Pipeline/Pipeline::carry():194}:195}()
#28 D:/bakery-production-system/backend/vendor/laravel/framework/src/Illuminate/Pipeline/Pipeline.php(219): Illuminate/Http/Middleware/ValidatePostSize->handle()
#29 D:/bakery-production-system/backend/vendor/laravel/framework/src/Illuminate/Foundation/Http/Middleware/PreventRequestsDuringMaintenance.php(109): Illuminate/Pipeline/Pipeline->{closure:{closure:Illuminate/Pipeline/Pipeline::carry():194}:195}()
#30 D:/bakery-production-system/backend/vendor/laravel/framework/src/Illuminate/Pipeline/Pipeline.php(219): Illuminate/Foundation/Http/Middleware/PreventRequestsDuringMaintenance->handle()
#31 D:/bakery-production-system/backend/vendor/laravel/framework/src/Illuminate/Http/Middleware/HandleCors.php(74): Illuminate/Pipeline/Pipeline->{closure:{closure:Illuminate/Pipeline/Pipeline::carry():194}:195}()
#32 D:/bakery-production-system/backend/vendor/laravel/framework/src/Illuminate/Pipeline/Pipeline.php(219): Illuminate/Http/Middleware/HandleCors->handle()
#33 D:/bakery-production-system/backend/vendor/laravel/framework/src/Illuminate/Http/Middleware/TrustProxies.php(58): Illuminate/Pipeline/Pipeline->{closure:{closure:Illuminate/Pipeline/Pipeline::carry():194}:195}()
#34 D:/bakery-production-system/backend/vendor/laravel/framework/src/Illuminate/Pipeline/Pipeline.php(219): Illuminate/Http/Middleware/TrustProxies->handle()
#35 D:/bakery-production-system/backend/vendor/laravel/framework/src/Illuminate/Foundation/Http/Middleware/InvokeDeferredCallbacks.php(22): Illuminate/Pipeline/Pipeline->{closure:{closure:Illuminate/Pipeline/Pipeline::carry():194}:195}()
#36 D:/bakery-production-system/backend/vendor/laravel/framework/src/Illuminate/Pipeline/Pipeline.php(219): Illuminate/Foundation/Http/Middleware/InvokeDeferredCallbacks->handle()
#37 D:/bakery-production-system/backend/vendor/laravel/framework/src/Illuminate/Http/Middleware/ValidatePathEncoding.php(28): Illuminate/Pipeline/Pipeline->{closure:{closure:Illuminate/Pipeline/Pipeline::carry():194}:195}()
#38 D:/bakery-production-system/backend/vendor/laravel/framework/src/Illuminate/Pipeline/Pipeline.php(219): Illuminate/Http/Middleware/ValidatePathEncoding->handle()
#39 D:/bakery-production-system/backend/vendor/laravel/framework/src/Illuminate/Pipeline/Pipeline.php(137): Illuminate/Pipeline/Pipeline->{closure:{closure:Illuminate/Pipeline/Pipeline::carry():194}:195}()
#40 D:/bakery-production-system/backend/vendor/laravel/framework/src/Illuminate/Foundation/Http/Kernel.php(175): Illuminate/Pipeline/Pipeline->then()
#41 D:/bakery-production-system/backend/vendor/laravel/framework/src/Illuminate/Foundation/Http/Kernel.php(144): Illuminate/Foundation/Http/Kernel->sendRequestThroughRouter()
#42 D:/bakery-production-system/backend/vendor/laravel/framework/src/Illuminate/Foundation/Application.php(1220): Illuminate/Foundation/Http/Kernel->handle()
#43 D:/bakery-production-system/backend/public/index.php(20): Illuminate/Foundation/Application->handleRequest()
#44 D:/bakery-production-system/backend/vendor/laravel/framework/src/Illuminate/Foundation/resources/server.php(23): require_once('...')
#45 {main}

[previous exception] [object] (ReflectionException(code: -1): Class \"role\" does not exist at D:/bakery-production-system/backend/vendor/laravel/framework/src/Illuminate/Container/Container.php:1125)
[stacktrace]
#0 D:/bakery-production-system/backend/vendor/laravel/framework/src/Illuminate/Container/Container.php(1125): ReflectionClass->__construct()
#1 D:/bakery-production-system/backend/vendor/laravel/framework/src/Illuminate/Container/Container.php(936): Illuminate/Container/Container->build()
#2 D:/bakery-production-system/backend/vendor/laravel/framework/src/Illuminate/Foundation/Application.php(1078): Illuminate/Container/Container->resolve()
#3 D:/bakery-production-system/backend/vendor/laravel/framework/src/Illuminate/Container/Container.php(864): Illuminate/Foundation/Application->resolve()
#4 D:/bakery-production-system/backend/vendor/laravel/framework/src/Illuminate/Foundation/Application.php(1058): Illuminate/Container/Container->make()
#5 D:/bakery-production-system/backend/vendor/laravel/framework/src/Illuminate/Pipeline/Pipeline.php(208): Illuminate/Foundation/Application->make()
#6 D:/bakery-production-system/backend/vendor/laravel/framework/src/Illuminate/Routing/Middleware/SubstituteBindings.php(52): Illuminate/Pipeline/Pipeline->{closure:{closure:Illuminate/Pipeline/Pipeline::carry():194}:195}()
#7 D:/bakery-production-system/backend/vendor/laravel/framework/src/Illuminate/Pipeline/Pipeline.php(219): Illuminate/Routing/Middleware/SubstituteBindings->handle()
#8 D:/bakery-production-system/backend/vendor/laravel/framework/src/Illuminate/Auth/Middleware/Authenticate.php(63): Illuminate/Pipeline/Pipeline->{closure:{closure:Illuminate/Pipeline/Pipeline::carry():194}:195}()
#9 D:/bakery-production-system/backend/vendor/laravel/framework/src/Illuminate/Pipeline/Pipeline.php(219): Illuminate/Auth/Middleware/Authenticate->handle()
#10 D:/bakery-production-system/backend/vendor/laravel/sanctum/src/Http/Middleware/EnsureFrontendRequestsAreStateful.php(26): Illuminate/Pipeline/Pipeline->{closure:{closure:Illuminate/Pipeline/Pipeline::carry():194}:195}()
#11 D:/bakery-production-system/backend/vendor/laravel/framework/src/Illuminate/Pipeline/Pipeline.php(180): Laravel/Sanctum/Http/Middleware/EnsureFrontendRequestsAreStateful->{closure:Laravel/Sanctum/Http/Middleware/EnsureFrontendRequestsAreStateful::handle():25}()
#12 D:/bakery-production-system/backend/vendor/laravel/framework/src/Illuminate/Pipeline/Pipeline.php(137): Illuminate/Pipeline/Pipeline->{closure:Illuminate/Pipeline/Pipeline::prepareDestination():178}()
#13 D:/bakery-production-system/backend/vendor/laravel/sanctum/src/Http/Middleware/EnsureFrontendRequestsAreStateful.php(25): Illuminate/Pipeline/Pipeline->then()
#14 D:/bakery-production-system/backend/vendor/laravel/framework/src/Illuminate/Pipeline/Pipeline.php(219): Laravel/Sanctum/Http/Middleware/EnsureFrontendRequestsAreStateful->handle()
#15 D:/bakery-production-system/backend/vendor/laravel/framework/src/Illuminate/Pipeline/Pipeline.php(137): Illuminate/Pipeline/Pipeline->{closure:{closure:Illuminate/Pipeline/Pipeline::carry():194}:195}()
#16 D:/bakery-production-system/backend/vendor/laravel/framework/src/Illuminate/Routing/Router.php(821): Illuminate/Pipeline/Pipeline->then()
#17 D:/bakery-production-system/backend/vendor/laravel/framework/src/Illuminate/Routing/Router.php(800): Illuminate/Routing/Router->runRouteWithinStack()
#18 D:/bakery-production-system/backend/vendor/laravel/framework/src/Illuminate/Routing/Router.php(764): Illuminate/Routing/Router->runRoute()
#19 D:/bakery-production-system/backend/vendor/laravel/framework/src/Illuminate/Routing/Router.php(753): Illuminate/Routing/Router->dispatchToRoute()
#20 D:/bakery-production-system/backend/vendor/laravel/framework/src/Illuminate/Foundation/Http/Kernel.php(200): Illuminate/Routing/Router->dispatch()
#21 D:/bakery-production-system/backend/vendor/laravel/framework/src/Illuminate/Pipeline/Pipeline.php(180): Illuminate/Foundation/Http/Kernel->{closure:Illuminate/Foundation/Http/Kernel::dispatchToRouter():197}()
#22 D:/bakery-production-system/backend/vendor/laravel/framework/src/Illuminate/Foundation/Http/Middleware/TransformsRequest.php(21): Illuminate/Pipeline/Pipeline->{closure:Illuminate/Pipeline/Pipeline::prepareDestination():178}()
#23 D:/bakery-production-system/backend/vendor/laravel/framework/src/Illuminate/Foundation/Http/Middleware/ConvertEmptyStringsToNull.php(31): Illuminate/Foundation/Http/Middleware/TransformsRequest->handle()
#24 D:/bakery-production-system/backend/vendor/laravel/framework/src/Illuminate/Pipeline/Pipeline.php(219): Illuminate/Foundation/Http/Middleware/ConvertEmptyStringsToNull->handle()
#25 D:/bakery-production-system/backend/vendor/laravel/framework/src/Illuminate/Foundation/Http/Middleware/TransformsRequest.php(21): Illuminate/Pipeline/Pipeline->{closure:{closure:Illuminate/Pipeline/Pipeline::carry():194}:195}()
#26 D:/bakery-production-system/backend/vendor/laravel/framework/src/Illuminate/Foundation/Http/Middleware/TrimStrings.php(51): Illuminate/Foundation/Http/Middleware/TransformsRequest->handle()
#27 D:/bakery-production-system/backend/vendor/laravel/framework/src/Illuminate/Pipeline/Pipeline.php(219): Illuminate/Foundation/Http/Middleware/TrimStrings->handle()
#28 D:/bakery-production-system/backend/vendor/laravel/framework/src/Illuminate/Http/Middleware/ValidatePostSize.php(27): Illuminate/Pipeline/Pipeline->{closure:{closure:Illuminate/Pipeline/Pipeline::carry():194}:195}()
#29 D:/bakery-production-system/backend/vendor/laravel/framework/src/Illuminate/Pipeline/Pipeline.php(219): Illuminate/Http/Middleware/ValidatePostSize->handle()
#30 D:/bakery-production-system/backend/vendor/laravel/framework/src/Illuminate/Foundation/Http/Middleware/PreventRequestsDuringMaintenance.php(109): Illuminate/Pipeline/Pipeline->{closure:{closure:Illuminate/Pipeline/Pipeline::carry():194}:195}()
#31 D:/bakery-production-system/backend/vendor/laravel/framework/src/Illuminate/Pipeline/Pipeline.php(219): Illuminate/Foundation/Http/Middleware/PreventRequestsDuringMaintenance->handle()
#32 D:/bakery-production-system/backend/vendor/laravel/framework/src/Illuminate/Http/Middleware/HandleCors.php(74): Illuminate/Pipeline/Pipeline->{closure:{closure:Illuminate/Pipeline/Pipeline::carry():194}:195}()
#33 D:/bakery-production-system/backend/vendor/laravel/framework/src/Illuminate/Pipeline/Pipeline.php(219): Illuminate/Http/Middleware/HandleCors->handle()
#34 D:/bakery-production-system/backend/vendor/laravel/framework/src/Illuminate/Http/Middleware/TrustProxies.php(58): Illuminate/Pipeline/Pipeline->{closure:{closure:Illuminate/Pipeline/Pipeline::carry():194}:195}()
#35 D:/bakery-production-system/backend/vendor/laravel/framework/src/Illuminate/Pipeline/Pipeline.php(219): Illuminate/Http/Middleware/TrustProxies->handle()
#36 D:/bakery-production-system/backend/vendor/laravel/framework/src/Illuminate/Foundation/Http/Middleware/InvokeDeferredCallbacks.php(22): Illuminate/Pipeline/Pipeline->{closure:{closure:Illuminate/Pipeline/Pipeline::carry():194}:195}()
#37 D:/bakery-production-system/backend/vendor/laravel/framework/src/Illuminate/Pipeline/Pipeline.php(219): Illuminate/Foundation/Http/Middleware/InvokeDeferredCallbacks->handle()
#38 D:/bakery-production-system/backend/vendor/laravel/framework/src/Illuminate/Http/Middleware/ValidatePathEncoding.php(28): Illuminate/Pipeline/Pipeline->{closure:{closure:Illuminate/Pipeline/Pipeline::carry():194}:195}()
#39 D:/bakery-production-system/backend/vendor/laravel/framework/src/Illuminate/Pipeline/Pipeline.php(219): Illuminate/Http/Middleware/ValidatePathEncoding->handle()
#40 D:/bakery-production-system/backend/vendor/laravel/framework/src/Illuminate/Pipeline/Pipeline.php(137): Illuminate/Pipeline/Pipeline->{closure:{closure:Illuminate/Pipeline/Pipeline::carry():194}:195}()
#41 D:/bakery-production-system/backend/vendor/laravel/framework/src/Illuminate/Foundation/Http/Kernel.php(175): Illuminate/Pipeline/Pipeline->then()
#42 D:/bakery-production-system/backend/vendor/laravel/framework/src/Illuminate/Foundation/Http/Kernel.php(144): Illuminate/Foundation/Http/Kernel->sendRequestThroughRouter()
#43 D:/bakery-production-system/backend/vendor/laravel/framework/src/Illuminate/Foundation/Application.php(1220): Illuminate/Foundation/Http/Kernel->handle()
#44 D:/bakery-production-system/backend/public/index.php(20): Illuminate/Foundation/Application->handleRequest()
#45 D:/bakery-production-system/backend/vendor/laravel/framework/src/Illuminate/Foundation/resources/server.php(23): require_once('...')
#46 {main}
"} 
[2026-06-23 08:39:32] local.ERROR: Target class [role] does not exist. {"userId":2,"exception":"[object] (Illuminate\\Contracts\\Container\\BindingResolutionException(code: 0): Target class [role] does not exist. at D:/bakery-production-system/backend/vendor/laravel/framework/src/Illuminate/Container/Container.php:1127)
[stacktrace]
#0 D:/bakery-production-system/backend/vendor/laravel/framework/src/Illuminate/Container/Container.php(936): Illuminate/Container/Container->build()
#1 D:/bakery-production-system/backend/vendor/laravel/framework/src/Illuminate/Foundation/Application.php(1078): Illuminate/Container/Container->resolve()
#2 D:/bakery-production-system/backend/vendor/laravel/framework/src/Illuminate/Container/Container.php(864): Illuminate/Foundation/Application->resolve()
#3 D:/bakery-production-system/backend/vendor/laravel/framework/src/Illuminate/Foundation/Application.php(1058): Illuminate/Container/Container->make()
#4 D:/bakery-production-system/backend/vendor/laravel/framework/src/Illuminate/Foundation/Http/Kernel.php(257): Illuminate/Foundation/Application->make()
#5 D:/bakery-production-system/backend/vendor/laravel/framework/src/Illuminate/Foundation/Http/Kernel.php(215): Illuminate/Foundation/Http/Kernel->terminateMiddleware()
#6 D:/bakery-production-system/backend/vendor/laravel/framework/src/Illuminate/Foundation/Application.php(1222): Illuminate/Foundation/Http/Kernel->terminate()
#7 D:/bakery-production-system/backend/public/index.php(20): Illuminate/Foundation/Application->handleRequest()
#8 D:/bakery-production-system/backend/vendor/laravel/framework/src/Illuminate/Foundation/resources/server.php(23): require_once('...')
#9 {main}

[previous exception] [object] (ReflectionException(code: -1): Class \"role\" does not exist at D:/bakery-production-system/backend/vendor/laravel/framework/src/Illuminate/Container/Container.php:1125)
[stacktrace]
#0 D:/bakery-production-system/backend/vendor/laravel/framework/src/Illuminate/Container/Container.php(1125): ReflectionClass->__construct()
#1 D:/bakery-production-system/backend/vendor/laravel/framework/src/Illuminate/Container/Container.php(936): Illuminate/Container/Container->build()
#2 D:/bakery-production-system/backend/vendor/laravel/framework/src/Illuminate/Foundation/Application.php(1078): Illuminate/Container/Container->resolve()
#3 D:/bakery-production-system/backend/vendor/laravel/framework/src/Illuminate/Container/Container.php(864): Illuminate/Foundation/Application->resolve()
#4 D:/bakery-production-system/backend/vendor/laravel/framework/src/Illuminate/Foundation/Application.php(1058): Illuminate/Container/Container->make()
#5 D:/bakery-production-system/backend/vendor/laravel/framework/src/Illuminate/Foundation/Http/Kernel.php(257): Illuminate/Foundation/Application->make()
#6 D:/bakery-production-system/backend/vendor/laravel/framework/src/Illuminate/Foundation/Http/Kernel.php(215): Illuminate/Foundation/Http/Kernel->terminateMiddleware()
#7 D:/bakery-production-system/backend/vendor/laravel/framework/src/Illuminate/Foundation/Application.php(1222): Illuminate/Foundation/Http/Kernel->terminate()
#8 D:/bakery-production-system/backend/public/index.php(20): Illuminate/Foundation/Application->handleRequest()
#9 D:/bakery-production-system/backend/vendor/laravel/framework/src/Illuminate/Foundation/resources/server.php(23): require_once('...')
#10 {main}
"} 
[2026-06-23 08:39:32] local.ERROR: Uncaught ErrorException: Cannot modify header information - headers already sent by (output started at D:\bakery-production-system\backend\vendor\symfony\http-foundation\Response.php:393) in D:\bakery-production-system\backend\vendor\symfony\http-foundation\Response.php:328
Stack trace:
#0 D:\bakery-production-system\backend\vendor\laravel\framework\src\Illuminate\Foundation\Bootstrap\HandleExceptions.php(263): Illuminate\Foundation\Bootstrap\HandleExceptions->handleError()
#1 [internal function]: Illuminate\Foundation\Bootstrap\HandleExceptions->{closure:Illuminate\Foundation\Bootstrap\HandleExceptions::forwardsTo():262}()
#2 D:\bakery-production-system\backend\vendor\symfony\http-foundation\Response.php(328): header()
#3 D:\bakery-production-system\backend\vendor\symfony\http-foundation\Response.php(407): Symfony\Component\HttpFoundation\Response->sendHeaders()
#4 D:\bakery-production-system\backend\vendor\laravel\framework\src\Illuminate\Foundation\Bootstrap\HandleExceptions.php(226): Symfony\Component\HttpFoundation\Response->send()
#5 D:\bakery-production-system\backend\vendor\laravel\framework\src\Illuminate\Foundation\Bootstrap\HandleExceptions.php(203): Illuminate\Foundation\Bootstrap\HandleExceptions->renderHttpResponse()
#6 D:\bakery-production-system\backend\vendor\laravel\framework\src\Illuminate\Foundation\Bootstrap\HandleExceptions.php(263): Illuminate\Foundation\Bootstrap\HandleExceptions->handleException()
#7 [internal function]: Illuminate\Foundation\Bootstrap\HandleExceptions->{closure:Illuminate\Foundation\Bootstrap\HandleExceptions::forwardsTo():262}()
#8 {main}
  thrown {"userId":2,"exception":"[object] (Symfony\\Component\\ErrorHandler\\Error\\FatalError(code: 0): Uncaught ErrorException: Cannot modify header information - headers already sent by (output started at D:\\bakery-production-system\\backend\\vendor\\symfony\\http-foundation\\Response.php:393) in D:\\bakery-production-system\\backend\\vendor\\symfony\\http-foundation\\Response.php:328
Stack trace:
#0 D:\\bakery-production-system\\backend\\vendor\\laravel\\framework\\src\\Illuminate\\Foundation\\Bootstrap\\HandleExceptions.php(263): Illuminate\\Foundation\\Bootstrap\\HandleExceptions->handleError()
#1 [internal function]: Illuminate\\Foundation\\Bootstrap\\HandleExceptions->{closure:Illuminate\\Foundation\\Bootstrap\\HandleExceptions::forwardsTo():262}()
#2 D:\\bakery-production-system\\backend\\vendor\\symfony\\http-foundation\\Response.php(328): header()
#3 D:\\bakery-production-system\\backend\\vendor\\symfony\\http-foundation\\Response.php(407): Symfony\\Component\\HttpFoundation\\Response->sendHeaders()
#4 D:\\bakery-production-system\\backend\\vendor\\laravel\\framework\\src\\Illuminate\\Foundation\\Bootstrap\\HandleExceptions.php(226): Symfony\\Component\\HttpFoundation\\Response->send()
#5 D:\\bakery-production-system\\backend\\vendor\\laravel\\framework\\src\\Illuminate\\Foundation\\Bootstrap\\HandleExceptions.php(203): Illuminate\\Foundation\\Bootstrap\\HandleExceptions->renderHttpResponse()
#6 D:\\bakery-production-system\\backend\\vendor\\laravel\\framework\\src\\Illuminate\\Foundation\\Bootstrap\\HandleExceptions.php(263): Illuminate\\Foundation\\Bootstrap\\HandleExceptions->handleException()
#7 [internal function]: Illuminate\\Foundation\\Bootstrap\\HandleExceptions->{closure:Illuminate\\Foundation\\Bootstrap\\HandleExceptions::forwardsTo():262}()
#8 {main}
  thrown at D:/bakery-production-system/backend/vendor/symfony/http-foundation/Response.php:328)
[stacktrace]
#0 {main}
"} 
[2026-06-23 08:39:38] local.ERROR: Target class [role] does not exist. {"userId":2,"exception":"[object] (Illuminate\\Contracts\\Container\\BindingResolutionException(code: 0): Target class [role] does not exist. at D:/bakery-production-system/backend/vendor/laravel/framework/src/Illuminate/Container/Container.php:1127)
[stacktrace]
#0 D:/bakery-production-system/backend/vendor/laravel/framework/src/Illuminate/Container/Container.php(936): Illuminate/Container/Container->build()
#1 D:/bakery-production-system/backend/vendor/laravel/framework/src/Illuminate/Foundation/Application.php(1078): Illuminate/Container/Container->resolve()
#2 D:/bakery-production-system/backend/vendor/laravel/framework/src/Illuminate/Container/Container.php(864): Illuminate/Foundation/Application->resolve()
#3 D:/bakery-production-system/backend/vendor/laravel/framework/src/Illuminate/Foundation/Application.php(1058): Illuminate/Container/Container->make()
#4 D:/bakery-production-system/backend/vendor/laravel/framework/src/Illuminate/Pipeline/Pipeline.php(208): Illuminate/Foundation/Application->make()
#5 D:/bakery-production-system/backend/vendor/laravel/framework/src/Illuminate/Routing/Middleware/SubstituteBindings.php(52): Illuminate/Pipeline/Pipeline->{closure:{closure:Illuminate/Pipeline/Pipeline::carry():194}:195}()
#6 D:/bakery-production-system/backend/vendor/laravel/framework/src/Illuminate/Pipeline/Pipeline.php(219): Illuminate/Routing/Middleware/SubstituteBindings->handle()
#7 D:/bakery-production-system/backend/vendor/laravel/framework/src/Illuminate/Auth/Middleware/Authenticate.php(63): Illuminate/Pipeline/Pipeline->{closure:{closure:Illuminate/Pipeline/Pipeline::carry():194}:195}()
#8 D:/bakery-production-system/backend/vendor/laravel/framework/src/Illuminate/Pipeline/Pipeline.php(219): Illuminate/Auth/Middleware/Authenticate->handle()
#9 D:/bakery-production-system/backend/vendor/laravel/sanctum/src/Http/Middleware/EnsureFrontendRequestsAreStateful.php(26): Illuminate/Pipeline/Pipeline->{closure:{closure:Illuminate/Pipeline/Pipeline::carry():194}:195}()
#10 D:/bakery-production-system/backend/vendor/laravel/framework/src/Illuminate/Pipeline/Pipeline.php(180): Laravel/Sanctum/Http/Middleware/EnsureFrontendRequestsAreStateful->{closure:Laravel/Sanctum/Http/Middleware/EnsureFrontendRequestsAreStateful::handle():25}()
#11 D:/bakery-production-system/backend/vendor/laravel/framework/src/Illuminate/Pipeline/Pipeline.php(137): Illuminate/Pipeline/Pipeline->{closure:Illuminate/Pipeline/Pipeline::prepareDestination():178}()
#12 D:/bakery-production-system/backend/vendor/laravel/sanctum/src/Http/Middleware/EnsureFrontendRequestsAreStateful.php(25): Illuminate/Pipeline/Pipeline->then()
#13 D:/bakery-production-system/backend/vendor/laravel/framework/src/Illuminate/Pipeline/Pipeline.php(219): Laravel/Sanctum/Http/Middleware/EnsureFrontendRequestsAreStateful->handle()
#14 D:/bakery-production-system/backend/vendor/laravel/framework/src/Illuminate/Pipeline/Pipeline.php(137): Illuminate/Pipeline/Pipeline->{closure:{closure:Illuminate/Pipeline/Pipeline::carry():194}:195}()
#15 D:/bakery-production-system/backend/vendor/laravel/framework/src/Illuminate/Routing/Router.php(821): Illuminate/Pipeline/Pipeline->then()
#16 D:/bakery-production-system/backend/vendor/laravel/framework/src/Illuminate/Routing/Router.php(800): Illuminate/Routing/Router->runRouteWithinStack()
#17 D:/bakery-production-system/backend/vendor/laravel/framework/src/Illuminate/Routing/Router.php(764): Illuminate/Routing/Router->runRoute()
#18 D:/bakery-production-system/backend/vendor/laravel/framework/src/Illuminate/Routing/Router.php(753): Illuminate/Routing/Router->dispatchToRoute()
#19 D:/bakery-production-system/backend/vendor/laravel/framework/src/Illuminate/Foundation/Http/Kernel.php(200): Illuminate/Routing/Router->dispatch()
#20 D:/bakery-production-system/backend/vendor/laravel/framework/src/Illuminate/Pipeline/Pipeline.php(180): Illuminate/Foundation/Http/Kernel->{closure:Illuminate/Foundation/Http/Kernel::dispatchToRouter():197}()
#21 D:/bakery-production-system/backend/vendor/laravel/framework/src/Illuminate/Foundation/Http/Middleware/TransformsRequest.php(21): Illuminate/Pipeline/Pipeline->{closure:Illuminate/Pipeline/Pipeline::prepareDestination():178}()
#22 D:/bakery-production-system/backend/vendor/laravel/framework/src/Illuminate/Foundation/Http/Middleware/ConvertEmptyStringsToNull.php(31): Illuminate/Foundation/Http/Middleware/TransformsRequest->handle()
#23 D:/bakery-production-system/backend/vendor/laravel/framework/src/Illuminate/Pipeline/Pipeline.php(219): Illuminate/Foundation/Http/Middleware/ConvertEmptyStringsToNull->handle()
#24 D:/bakery-production-system/backend/vendor/laravel/framework/src/Illuminate/Foundation/Http/Middleware/TransformsRequest.php(21): Illuminate/Pipeline/Pipeline->{closure:{closure:Illuminate/Pipeline/Pipeline::carry():194}:195}()
#25 D:/bakery-production-system/backend/vendor/laravel/framework/src/Illuminate/Foundation/Http/Middleware/TrimStrings.php(51): Illuminate/Foundation/Http/Middleware/TransformsRequest->handle()
#26 D:/bakery-production-system/backend/vendor/laravel/framework/src/Illuminate/Pipeline/Pipeline.php(219): Illuminate/Foundation/Http/Middleware/TrimStrings->handle()
#27 D:/bakery-production-system/backend/vendor/laravel/framework/src/Illuminate/Http/Middleware/ValidatePostSize.php(27): Illuminate/Pipeline/Pipeline->{closure:{closure:Illuminate/Pipeline/Pipeline::carry():194}:195}()
#28 D:/bakery-production-system/backend/vendor/laravel/framework/src/Illuminate/Pipeline/Pipeline.php(219): Illuminate/Http/Middleware/ValidatePostSize->handle()
#29 D:/bakery-production-system/backend/vendor/laravel/framework/src/Illuminate/Foundation/Http/Middleware/PreventRequestsDuringMaintenance.php(109): Illuminate/Pipeline/Pipeline->{closure:{closure:Illuminate/Pipeline/Pipeline::carry():194}:195}()
#30 D:/bakery-production-system/backend/vendor/laravel/framework/src/Illuminate/Pipeline/Pipeline.php(219): Illuminate/Foundation/Http/Middleware/PreventRequestsDuringMaintenance->handle()
#31 D:/bakery-production-system/backend/vendor/laravel/framework/src/Illuminate/Http/Middleware/HandleCors.php(74): Illuminate/Pipeline/Pipeline->{closure:{closure:Illuminate/Pipeline/Pipeline::carry():194}:195}()
#32 D:/bakery-production-system/backend/vendor/laravel/framework/src/Illuminate/Pipeline/Pipeline.php(219): Illuminate/Http/Middleware/HandleCors->handle()
#33 D:/bakery-production-system/backend/vendor/laravel/framework/src/Illuminate/Http/Middleware/TrustProxies.php(58): Illuminate/Pipeline/Pipeline->{closure:{closure:Illuminate/Pipeline/Pipeline::carry():194}:195}()
#34 D:/bakery-production-system/backend/vendor/laravel/framework/src/Illuminate/Pipeline/Pipeline.php(219): Illuminate/Http/Middleware/TrustProxies->handle()
#35 D:/bakery-production-system/backend/vendor/laravel/framework/src/Illuminate/Foundation/Http/Middleware/InvokeDeferredCallbacks.php(22): Illuminate/Pipeline/Pipeline->{closure:{closure:Illuminate/Pipeline/Pipeline::carry():194}:195}()
#36 D:/bakery-production-system/backend/vendor/laravel/framework/src/Illuminate/Pipeline/Pipeline.php(219): Illuminate/Foundation/Http/Middleware/InvokeDeferredCallbacks->handle()
#37 D:/bakery-production-system/backend/vendor/laravel/framework/src/Illuminate/Http/Middleware/ValidatePathEncoding.php(28): Illuminate/Pipeline/Pipeline->{closure:{closure:Illuminate/Pipeline/Pipeline::carry():194}:195}()
#38 D:/bakery-production-system/backend/vendor/laravel/framework/src/Illuminate/Pipeline/Pipeline.php(219): Illuminate/Http/Middleware/ValidatePathEncoding->handle()
#39 D:/bakery-production-system/backend/vendor/laravel/framework/src/Illuminate/Pipeline/Pipeline.php(137): Illuminate/Pipeline/Pipeline->{closure:{closure:Illuminate/Pipeline/Pipeline::carry():194}:195}()
#40 D:/bakery-production-system/backend/vendor/laravel/framework/src/Illuminate/Foundation/Http/Kernel.php(175): Illuminate/Pipeline/Pipeline->then()
#41 D:/bakery-production-system/backend/vendor/laravel/framework/src/Illuminate/Foundation/Http/Kernel.php(144): Illuminate/Foundation/Http/Kernel->sendRequestThroughRouter()
#42 D:/bakery-production-system/backend/vendor/laravel/framework/src/Illuminate/Foundation/Application.php(1220): Illuminate/Foundation/Http/Kernel->handle()
#43 D:/bakery-production-system/backend/public/index.php(20): Illuminate/Foundation/Application->handleRequest()
#44 D:/bakery-production-system/backend/vendor/laravel/framework/src/Illuminate/Foundation/resources/server.php(23): require_once('...')
#45 {main}

[previous exception] [object] (ReflectionException(code: -1): Class \"role\" does not exist at D:/bakery-production-system/backend/vendor/laravel/framework/src/Illuminate/Container/Container.php:1125)
[stacktrace]
#0 D:/bakery-production-system/backend/vendor/laravel/framework/src/Illuminate/Container/Container.php(1125): ReflectionClass->__construct()
#1 D:/bakery-production-system/backend/vendor/laravel/framework/src/Illuminate/Container/Container.php(936): Illuminate/Container/Container->build()
#2 D:/bakery-production-system/backend/vendor/laravel/framework/src/Illuminate/Foundation/Application.php(1078): Illuminate/Container/Container->resolve()
#3 D:/bakery-production-system/backend/vendor/laravel/framework/src/Illuminate/Container/Container.php(864): Illuminate/Foundation/Application->resolve()
#4 D:/bakery-production-system/backend/vendor/laravel/framework/src/Illuminate/Foundation/Application.php(1058): Illuminate/Container/Container->make()
#5 D:/bakery-production-system/backend/vendor/laravel/framework/src/Illuminate/Pipeline/Pipeline.php(208): Illuminate/Foundation/Application->make()
#6 D:/bakery-production-system/backend/vendor/laravel/framework/src/Illuminate/Routing/Middleware/SubstituteBindings.php(52): Illuminate/Pipeline/Pipeline->{closure:{closure:Illuminate/Pipeline/Pipeline::carry():194}:195}()
#7 D:/bakery-production-system/backend/vendor/laravel/framework/src/Illuminate/Pipeline/Pipeline.php(219): Illuminate/Routing/Middleware/SubstituteBindings->handle()
#8 D:/bakery-production-system/backend/vendor/laravel/framework/src/Illuminate/Auth/Middleware/Authenticate.php(63): Illuminate/Pipeline/Pipeline->{closure:{closure:Illuminate/Pipeline/Pipeline::carry():194}:195}()
#9 D:/bakery-production-system/backend/vendor/laravel/framework/src/Illuminate/Pipeline/Pipeline.php(219): Illuminate/Auth/Middleware/Authenticate->handle()
#10 D:/bakery-production-system/backend/vendor/laravel/sanctum/src/Http/Middleware/EnsureFrontendRequestsAreStateful.php(26): Illuminate/Pipeline/Pipeline->{closure:{closure:Illuminate/Pipeline/Pipeline::carry():194}:195}()
#11 D:/bakery-production-system/backend/vendor/laravel/framework/src/Illuminate/Pipeline/Pipeline.php(180): Laravel/Sanctum/Http/Middleware/EnsureFrontendRequestsAreStateful->{closure:Laravel/Sanctum/Http/Middleware/EnsureFrontendRequestsAreStateful::handle():25}()
#12 D:/bakery-production-system/backend/vendor/laravel/framework/src/Illuminate/Pipeline/Pipeline.php(137): Illuminate/Pipeline/Pipeline->{closure:Illuminate/Pipeline/Pipeline::prepareDestination():178}()
#13 D:/bakery-production-system/backend/vendor/laravel/sanctum/src/Http/Middleware/EnsureFrontendRequestsAreStateful.php(25): Illuminate/Pipeline/Pipeline->then()
#14 D:/bakery-production-system/backend/vendor/laravel/framework/src/Illuminate/Pipeline/Pipeline.php(219): Laravel/Sanctum/Http/Middleware/EnsureFrontendRequestsAreStateful->handle()
#15 D:/bakery-production-system/backend/vendor/laravel/framework/src/Illuminate/Pipeline/Pipeline.php(137): Illuminate/Pipeline/Pipeline->{closure:{closure:Illuminate/Pipeline/Pipeline::carry():194}:195}()
#16 D:/bakery-production-system/backend/vendor/laravel/framework/src/Illuminate/Routing/Router.php(821): Illuminate/Pipeline/Pipeline->then()
#17 D:/bakery-production-system/backend/vendor/laravel/framework/src/Illuminate/Routing/Router.php(800): Illuminate/Routing/Router->runRouteWithinStack()
#18 D:/bakery-production-system/backend/vendor/laravel/framework/src/Illuminate/Routing/Router.php(764): Illuminate/Routing/Router->runRoute()
#19 D:/bakery-production-system/backend/vendor/laravel/framework/src/Illuminate/Routing/Router.php(753): Illuminate/Routing/Router->dispatchToRoute()
#20 D:/bakery-production-system/backend/vendor/laravel/framework/src/Illuminate/Foundation/Http/Kernel.php(200): Illuminate/Routing/Router->dispatch()
#21 D:/bakery-production-system/backend/vendor/laravel/framework/src/Illuminate/Pipeline/Pipeline.php(180): Illuminate/Foundation/Http/Kernel->{closure:Illuminate/Foundation/Http/Kernel::dispatchToRouter():197}()
#22 D:/bakery-production-system/backend/vendor/laravel/framework/src/Illuminate/Foundation/Http/Middleware/TransformsRequest.php(21): Illuminate/Pipeline/Pipeline->{closure:Illuminate/Pipeline/Pipeline::prepareDestination():178}()
#23 D:/bakery-production-system/backend/vendor/laravel/framework/src/Illuminate/Foundation/Http/Middleware/ConvertEmptyStringsToNull.php(31): Illuminate/Foundation/Http/Middleware/TransformsRequest->handle()
#24 D:/bakery-production-system/backend/vendor/laravel/framework/src/Illuminate/Pipeline/Pipeline.php(219): Illuminate/Foundation/Http/Middleware/ConvertEmptyStringsToNull->handle()
#25 D:/bakery-production-system/backend/vendor/laravel/framework/src/Illuminate/Foundation/Http/Middleware/TransformsRequest.php(21): Illuminate/Pipeline/Pipeline->{closure:{closure:Illuminate/Pipeline/Pipeline::carry():194}:195}()
#26 D:/bakery-production-system/backend/vendor/laravel/framework/src/Illuminate/Foundation/Http/Middleware/TrimStrings.php(51): Illuminate/Foundation/Http/Middleware/TransformsRequest->handle()
#27 D:/bakery-production-system/backend/vendor/laravel/framework/src/Illuminate/Pipeline/Pipeline.php(219): Illuminate/Foundation/Http/Middleware/TrimStrings->handle()
#28 D:/bakery-production-system/backend/vendor/laravel/framework/src/Illuminate/Http/Middleware/ValidatePostSize.php(27): Illuminate/Pipeline/Pipeline->{closure:{closure:Illuminate/Pipeline/Pipeline::carry():194}:195}()
#29 D:/bakery-production-system/backend/vendor/laravel/framework/src/Illuminate/Pipeline/Pipeline.php(219): Illuminate/Http/Middleware/ValidatePostSize->handle()
#30 D:/bakery-production-system/backend/vendor/laravel/framework/src/Illuminate/Foundation/Http/Middleware/PreventRequestsDuringMaintenance.php(109): Illuminate/Pipeline/Pipeline->{closure:{closure:Illuminate/Pipeline/Pipeline::carry():194}:195}()
#31 D:/bakery-production-system/backend/vendor/laravel/framework/src/Illuminate/Pipeline/Pipeline.php(219): Illuminate/Foundation/Http/Middleware/PreventRequestsDuringMaintenance->handle()
#32 D:/bakery-production-system/backend/vendor/laravel/framework/src/Illuminate/Http/Middleware/HandleCors.php(74): Illuminate/Pipeline/Pipeline->{closure:{closure:Illuminate/Pipeline/Pipeline::carry():194}:195}()
#33 D:/bakery-production-system/backend/vendor/laravel/framework/src/Illuminate/Pipeline/Pipeline.php(219): Illuminate/Http/Middleware/HandleCors->handle()
#34 D:/bakery-production-system/backend/vendor/laravel/framework/src/Illuminate/Http/Middleware/TrustProxies.php(58): Illuminate/Pipeline/Pipeline->{closure:{closure:Illuminate/Pipeline/Pipeline::carry():194}:195}()
#35 D:/bakery-production-system/backend/vendor/laravel/framework/src/Illuminate/Pipeline/Pipeline.php(219): Illuminate/Http/Middleware/TrustProxies->handle()
#36 D:/bakery-production-system/backend/vendor/laravel/framework/src/Illuminate/Foundation/Http/Middleware/InvokeDeferredCallbacks.php(22): Illuminate/Pipeline/Pipeline->{closure:{closure:Illuminate/Pipeline/Pipeline::carry():194}:195}()
#37 D:/bakery-production-system/backend/vendor/laravel/framework/src/Illuminate/Pipeline/Pipeline.php(219): Illuminate/Foundation/Http/Middleware/InvokeDeferredCallbacks->handle()
#38 D:/bakery-production-system/backend/vendor/laravel/framework/src/Illuminate/Http/Middleware/ValidatePathEncoding.php(28): Illuminate/Pipeline/Pipeline->{closure:{closure:Illuminate/Pipeline/Pipeline::carry():194}:195}()
#39 D:/bakery-production-system/backend/vendor/laravel/framework/src/Illuminate/Pipeline/Pipeline.php(219): Illuminate/Http/Middleware/ValidatePathEncoding->handle()
#40 D:/bakery-production-system/backend/vendor/laravel/framework/src/Illuminate/Pipeline/Pipeline.php(137): Illuminate/Pipeline/Pipeline->{closure:{closure:Illuminate/Pipeline/Pipeline::carry():194}:195}()
#41 D:/bakery-production-system/backend/vendor/laravel/framework/src/Illuminate/Foundation/Http/Kernel.php(175): Illuminate/Pipeline/Pipeline->then()
#42 D:/bakery-production-system/backend/vendor/laravel/framework/src/Illuminate/Foundation/Http/Kernel.php(144): Illuminate/Foundation/Http/Kernel->sendRequestThroughRouter()
#43 D:/bakery-production-system/backend/vendor/laravel/framework/src/Illuminate/Foundation/Application.php(1220): Illuminate/Foundation/Http/Kernel->handle()
#44 D:/bakery-production-system/backend/public/index.php(20): Illuminate/Foundation/Application->handleRequest()
#45 D:/bakery-production-system/backend/vendor/laravel/framework/src/Illuminate/Foundation/resources/server.php(23): require_once('...')
#46 {main}
"} 
[2026-06-23 08:39:38] local.ERROR: Target class [role] does not exist. {"userId":2,"exception":"[object] (Illuminate\\Contracts\\Container\\BindingResolutionException(code: 0): Target class [role] does not exist. at D:/bakery-production-system/backend/vendor/laravel/framework/src/Illuminate/Container/Container.php:1127)
[stacktrace]
#0 D:/bakery-production-system/backend/vendor/laravel/framework/src/Illuminate/Container/Container.php(936): Illuminate/Container/Container->build()
#1 D:/bakery-production-system/backend/vendor/laravel/framework/src/Illuminate/Foundation/Application.php(1078): Illuminate/Container/Container->resolve()
#2 D:/bakery-production-system/backend/vendor/laravel/framework/src/Illuminate/Container/Container.php(864): Illuminate/Foundation/Application->resolve()
#3 D:/bakery-production-system/backend/vendor/laravel/framework/src/Illuminate/Foundation/Application.php(1058): Illuminate/Container/Container->make()
#4 D:/bakery-production-system/backend/vendor/laravel/framework/src/Illuminate/Foundation/Http/Kernel.php(257): Illuminate/Foundation/Application->make()
#5 D:/bakery-production-system/backend/vendor/laravel/framework/src/Illuminate/Foundation/Http/Kernel.php(215): Illuminate/Foundation/Http/Kernel->terminateMiddleware()
#6 D:/bakery-production-system/backend/vendor/laravel/framework/src/Illuminate/Foundation/Application.php(1222): Illuminate/Foundation/Http/Kernel->terminate()
#7 D:/bakery-production-system/backend/public/index.php(20): Illuminate/Foundation/Application->handleRequest()
#8 D:/bakery-production-system/backend/vendor/laravel/framework/src/Illuminate/Foundation/resources/server.php(23): require_once('...')
#9 {main}

[previous exception] [object] (ReflectionException(code: -1): Class \"role\" does not exist at D:/bakery-production-system/backend/vendor/laravel/framework/src/Illuminate/Container/Container.php:1125)
[stacktrace]
#0 D:/bakery-production-system/backend/vendor/laravel/framework/src/Illuminate/Container/Container.php(1125): ReflectionClass->__construct()
#1 D:/bakery-production-system/backend/vendor/laravel/framework/src/Illuminate/Container/Container.php(936): Illuminate/Container/Container->build()
#2 D:/bakery-production-system/backend/vendor/laravel/framework/src/Illuminate/Foundation/Application.php(1078): Illuminate/Container/Container->resolve()
#3 D:/bakery-production-system/backend/vendor/laravel/framework/src/Illuminate/Container/Container.php(864): Illuminate/Foundation/Application->resolve()
#4 D:/bakery-production-system/backend/vendor/laravel/framework/src/Illuminate/Foundation/Application.php(1058): Illuminate/Container/Container->make()
#5 D:/bakery-production-system/backend/vendor/laravel/framework/src/Illuminate/Foundation/Http/Kernel.php(257): Illuminate/Foundation/Application->make()
#6 D:/bakery-production-system/backend/vendor/laravel/framework/src/Illuminate/Foundation/Http/Kernel.php(215): Illuminate/Foundation/Http/Kernel->terminateMiddleware()
#7 D:/bakery-production-system/backend/vendor/laravel/framework/src/Illuminate/Foundation/Application.php(1222): Illuminate/Foundation/Http/Kernel->terminate()
#8 D:/bakery-production-system/backend/public/index.php(20): Illuminate/Foundation/Application->handleRequest()
#9 D:/bakery-production-system/backend/vendor/laravel/framework/src/Illuminate/Foundation/resources/server.php(23): require_once('...')
#10 {main}
"} 
[2026-06-23 08:39:38] local.ERROR: Uncaught ErrorException: Cannot modify header information - headers already sent by (output started at D:\bakery-production-system\backend\vendor\symfony\http-foundation\Response.php:393) in D:\bakery-production-system\backend\vendor\symfony\http-foundation\Response.php:328
Stack trace:
#0 D:\bakery-production-system\backend\vendor\laravel\framework\src\Illuminate\Foundation\Bootstrap\HandleExceptions.php(263): Illuminate\Foundation\Bootstrap\HandleExceptions->handleError()
#1 [internal function]: Illuminate\Foundation\Bootstrap\HandleExceptions->{closure:Illuminate\Foundation\Bootstrap\HandleExceptions::forwardsTo():262}()
#2 D:\bakery-production-system\backend\vendor\symfony\http-foundation\Response.php(328): header()
#3 D:\bakery-production-system\backend\vendor\symfony\http-foundation\Response.php(407): Symfony\Component\HttpFoundation\Response->sendHeaders()
#4 D:\bakery-production-system\backend\vendor\laravel\framework\src\Illuminate\Foundation\Bootstrap\HandleExceptions.php(226): Symfony\Component\HttpFoundation\Response->send()
#5 D:\bakery-production-system\backend\vendor\laravel\framework\src\Illuminate\Foundation\Bootstrap\HandleExceptions.php(203): Illuminate\Foundation\Bootstrap\HandleExceptions->renderHttpResponse()
#6 D:\bakery-production-system\backend\vendor\laravel\framework\src\Illuminate\Foundation\Bootstrap\HandleExceptions.php(263): Illuminate\Foundation\Bootstrap\HandleExceptions->handleException()
#7 [internal function]: Illuminate\Foundation\Bootstrap\HandleExceptions->{closure:Illuminate\Foundation\Bootstrap\HandleExceptions::forwardsTo():262}()
#8 {main}
  thrown {"userId":2,"exception":"[object] (Symfony\\Component\\ErrorHandler\\Error\\FatalError(code: 0): Uncaught ErrorException: Cannot modify header information - headers already sent by (output started at D:\\bakery-production-system\\backend\\vendor\\symfony\\http-foundation\\Response.php:393) in D:\\bakery-production-system\\backend\\vendor\\symfony\\http-foundation\\Response.php:328
Stack trace:
#0 D:\\bakery-production-system\\backend\\vendor\\laravel\\framework\\src\\Illuminate\\Foundation\\Bootstrap\\HandleExceptions.php(263): Illuminate\\Foundation\\Bootstrap\\HandleExceptions->handleError()
#1 [internal function]: Illuminate\\Foundation\\Bootstrap\\HandleExceptions->{closure:Illuminate\\Foundation\\Bootstrap\\HandleExceptions::forwardsTo():262}()
#2 D:\\bakery-production-system\\backend\\vendor\\symfony\\http-foundation\\Response.php(328): header()
#3 D:\\bakery-production-system\\backend\\vendor\\symfony\\http-foundation\\Response.php(407): Symfony\\Component\\HttpFoundation\\Response->sendHeaders()
#4 D:\\bakery-production-system\\backend\\vendor\\laravel\\framework\\src\\Illuminate\\Foundation\\Bootstrap\\HandleExceptions.php(226): Symfony\\Component\\HttpFoundation\\Response->send()
#5 D:\\bakery-production-system\\backend\\vendor\\laravel\\framework\\src\\Illuminate\\Foundation\\Bootstrap\\HandleExceptions.php(203): Illuminate\\Foundation\\Bootstrap\\HandleExceptions->renderHttpResponse()
#6 D:\\bakery-production-system\\backend\\vendor\\laravel\\framework\\src\\Illuminate\\Foundation\\Bootstrap\\HandleExceptions.php(263): Illuminate\\Foundation\\Bootstrap\\HandleExceptions->handleException()
#7 [internal function]: Illuminate\\Foundation\\Bootstrap\\HandleExceptions->{closure:Illuminate\\Foundation\\Bootstrap\\HandleExceptions::forwardsTo():262}()
#8 {main}
  thrown at D:/bakery-production-system/backend/vendor/symfony/http-foundation/Response.php:328)
[stacktrace]
#0 {main}
"} 
[2026-06-23 08:39:49] local.ERROR: Route [login] not defined. {"exception":"[object] (Symfony\\Component\\Routing\\Exception\\RouteNotFoundException(code: 0): Route [login] not defined. at D:/bakery-production-system/backend/vendor/laravel/framework/src/Illuminate/Routing/UrlGenerator.php:546)
[stacktrace]
#0 D:/bakery-production-system/backend/vendor/laravel/framework/src/Illuminate/Foundation/helpers.php(870): Illuminate/Routing/UrlGenerator->route()
#1 D:/bakery-production-system/backend/vendor/laravel/framework/src/Illuminate/Foundation/Configuration/ApplicationBuilder.php(291): route()
#2 [internal function]: Illuminate/Foundation/Configuration/ApplicationBuilder->{closure:{closure:Illuminate/Foundation/Configuration/ApplicationBuilder::withMiddleware():289}:291}()
#3 D:/bakery-production-system/backend/vendor/laravel/framework/src/Illuminate/Auth/Middleware/Authenticate.php(117): call_user_func()
#4 D:/bakery-production-system/backend/vendor/laravel/framework/src/Illuminate/Auth/Middleware/Authenticate.php(104): Illuminate/Auth/Middleware/Authenticate->redirectTo()
#5 D:/bakery-production-system/backend/vendor/laravel/framework/src/Illuminate/Auth/Middleware/Authenticate.php(87): Illuminate/Auth/Middleware/Authenticate->unauthenticated()
#6 D:/bakery-production-system/backend/vendor/laravel/framework/src/Illuminate/Auth/Middleware/Authenticate.php(61): Illuminate/Auth/Middleware/Authenticate->authenticate()
#7 D:/bakery-production-system/backend/vendor/laravel/framework/src/Illuminate/Pipeline/Pipeline.php(219): Illuminate/Auth/Middleware/Authenticate->handle()
#8 D:/bakery-production-system/backend/vendor/laravel/sanctum/src/Http/Middleware/EnsureFrontendRequestsAreStateful.php(26): Illuminate/Pipeline/Pipeline->{closure:{closure:Illuminate/Pipeline/Pipeline::carry():194}:195}()
#9 D:/bakery-production-system/backend/vendor/laravel/framework/src/Illuminate/Pipeline/Pipeline.php(180): Laravel/Sanctum/Http/Middleware/EnsureFrontendRequestsAreStateful->{closure:Laravel/Sanctum/Http/Middleware/EnsureFrontendRequestsAreStateful::handle():25}()
#10 D:/bakery-production-system/backend/vendor/laravel/framework/src/Illuminate/Pipeline/Pipeline.php(137): Illuminate/Pipeline/Pipeline->{closure:Illuminate/Pipeline/Pipeline::prepareDestination():178}()
#11 D:/bakery-production-system/backend/vendor/laravel/sanctum/src/Http/Middleware/EnsureFrontendRequestsAreStateful.php(25): Illuminate/Pipeline/Pipeline->then()
#12 D:/bakery-production-system/backend/vendor/laravel/framework/src/Illuminate/Pipeline/Pipeline.php(219): Laravel/Sanctum/Http/Middleware/EnsureFrontendRequestsAreStateful->handle()
#13 D:/bakery-production-system/backend/vendor/laravel/framework/src/Illuminate/Pipeline/Pipeline.php(137): Illuminate/Pipeline/Pipeline->{closure:{closure:Illuminate/Pipeline/Pipeline::carry():194}:195}()
#14 D:/bakery-production-system/backend/vendor/laravel/framework/src/Illuminate/Routing/Router.php(821): Illuminate/Pipeline/Pipeline->then()
#15 D:/bakery-production-system/backend/vendor/laravel/framework/src/Illuminate/Routing/Router.php(800): Illuminate/Routing/Router->runRouteWithinStack()
#16 D:/bakery-production-system/backend/vendor/laravel/framework/src/Illuminate/Routing/Router.php(764): Illuminate/Routing/Router->runRoute()
#17 D:/bakery-production-system/backend/vendor/laravel/framework/src/Illuminate/Routing/Router.php(753): Illuminate/Routing/Router->dispatchToRoute()
#18 D:/bakery-production-system/backend/vendor/laravel/framework/src/Illuminate/Foundation/Http/Kernel.php(200): Illuminate/Routing/Router->dispatch()
#19 D:/bakery-production-system/backend/vendor/laravel/framework/src/Illuminate/Pipeline/Pipeline.php(180): Illuminate/Foundation/Http/Kernel->{closure:Illuminate/Foundation/Http/Kernel::dispatchToRouter():197}()
#20 D:/bakery-production-system/backend/vendor/laravel/framework/src/Illuminate/Foundation/Http/Middleware/TransformsRequest.php(21): Illuminate/Pipeline/Pipeline->{closure:Illuminate/Pipeline/Pipeline::prepareDestination():178}()
#21 D:/bakery-production-system/backend/vendor/laravel/framework/src/Illuminate/Foundation/Http/Middleware/ConvertEmptyStringsToNull.php(31): Illuminate/Foundation/Http/Middleware/TransformsRequest->handle()
#22 D:/bakery-production-system/backend/vendor/laravel/framework/src/Illuminate/Pipeline/Pipeline.php(219): Illuminate/Foundation/Http/Middleware/ConvertEmptyStringsToNull->handle()
#23 D:/bakery-production-system/backend/vendor/laravel/framework/src/Illuminate/Foundation/Http/Middleware/TransformsRequest.php(21): Illuminate/Pipeline/Pipeline->{closure:{closure:Illuminate/Pipeline/Pipeline::carry():194}:195}()
#24 D:/bakery-production-system/backend/vendor/laravel/framework/src/Illuminate/Foundation/Http/Middleware/TrimStrings.php(51): Illuminate/Foundation/Http/Middleware/TransformsRequest->handle()
#25 D:/bakery-production-system/backend/vendor/laravel/framework/src/Illuminate/Pipeline/Pipeline.php(219): Illuminate/Foundation/Http/Middleware/TrimStrings->handle()
#26 D:/bakery-production-system/backend/vendor/laravel/framework/src/Illuminate/Http/Middleware/ValidatePostSize.php(27): Illuminate/Pipeline/Pipeline->{closure:{closure:Illuminate/Pipeline/Pipeline::carry():194}:195}()
#27 D:/bakery-production-system/backend/vendor/laravel/framework/src/Illuminate/Pipeline/Pipeline.php(219): Illuminate/Http/Middleware/ValidatePostSize->handle()
#28 D:/bakery-production-system/backend/vendor/laravel/framework/src/Illuminate/Foundation/Http/Middleware/PreventRequestsDuringMaintenance.php(109): Illuminate/Pipeline/Pipeline->{closure:{closure:Illuminate/Pipeline/Pipeline::carry():194}:195}()
#29 D:/bakery-production-system/backend/vendor/laravel/framework/src/Illuminate/Pipeline/Pipeline.php(219): Illuminate/Foundation/Http/Middleware/PreventRequestsDuringMaintenance->handle()
#30 D:/bakery-production-system/backend/vendor/laravel/framework/src/Illuminate/Http/Middleware/HandleCors.php(74): Illuminate/Pipeline/Pipeline->{closure:{closure:Illuminate/Pipeline/Pipeline::carry():194}:195}()
#31 D:/bakery-production-system/backend/vendor/laravel/framework/src/Illuminate/Pipeline/Pipeline.php(219): Illuminate/Http/Middleware/HandleCors->handle()
#32 D:/bakery-production-system/backend/vendor/laravel/framework/src/Illuminate/Http/Middleware/TrustProxies.php(58): Illuminate/Pipeline/Pipeline->{closure:{closure:Illuminate/Pipeline/Pipeline::carry():194}:195}()
#33 D:/bakery-production-system/backend/vendor/laravel/framework/src/Illuminate/Pipeline/Pipeline.php(219): Illuminate/Http/Middleware/TrustProxies->handle()
#34 D:/bakery-production-system/backend/vendor/laravel/framework/src/Illuminate/Foundation/Http/Middleware/InvokeDeferredCallbacks.php(22): Illuminate/Pipeline/Pipeline->{closure:{closure:Illuminate/Pipeline/Pipeline::carry():194}:195}()
#35 D:/bakery-production-system/backend/vendor/laravel/framework/src/Illuminate/Pipeline/Pipeline.php(219): Illuminate/Foundation/Http/Middleware/InvokeDeferredCallbacks->handle()
#36 D:/bakery-production-system/backend/vendor/laravel/framework/src/Illuminate/Http/Middleware/ValidatePathEncoding.php(28): Illuminate/Pipeline/Pipeline->{closure:{closure:Illuminate/Pipeline/Pipeline::carry():194}:195}()
#37 D:/bakery-production-system/backend/vendor/laravel/framework/src/Illuminate/Pipeline/Pipeline.php(219): Illuminate/Http/Middleware/ValidatePathEncoding->handle()
#38 D:/bakery-production-system/backend/vendor/laravel/framework/src/Illuminate/Pipeline/Pipeline.php(137): Illuminate/Pipeline/Pipeline->{closure:{closure:Illuminate/Pipeline/Pipeline::carry():194}:195}()
#39 D:/bakery-production-system/backend/vendor/laravel/framework/src/Illuminate/Foundation/Http/Kernel.php(175): Illuminate/Pipeline/Pipeline->then()
#40 D:/bakery-production-system/backend/vendor/laravel/framework/src/Illuminate/Foundation/Http/Kernel.php(144): Illuminate/Foundation/Http/Kernel->sendRequestThroughRouter()
#41 D:/bakery-production-system/backend/vendor/laravel/framework/src/Illuminate/Foundation/Application.php(1220): Illuminate/Foundation/Http/Kernel->handle()
#42 D:/bakery-production-system/backend/public/index.php(20): Illuminate/Foundation/Application->handleRequest()
#43 D:/bakery-production-system/backend/vendor/laravel/framework/src/Illuminate/Foundation/resources/server.php(23): require_once('...')
#44 {main}
"} 
